# Blender 5.2.0 LTS
# www.blender.org
mtllib body lf.mtl
o Cube_002_Cube_013_140669730939053
v -1.403413 -0.033961 0.612435
v -1.392298 -0.033961 0.752176
v -1.397855 -0.104050 0.682306
v -1.393926 -0.083522 0.731710
v -1.401785 -0.083522 0.632900
v -1.397855 0.036130 0.682305
v -1.393926 0.015599 0.731710
v -1.401785 0.015599 0.632900
v -2.007334 -0.013869 0.710626
v -2.005741 -0.062377 0.730657
v -2.003488 -0.033961 0.758984
v -2.004148 -0.054055 0.750688
v -2.007334 -0.054055 0.710626
v -2.007994 -0.033961 0.702329
v -2.004148 -0.013869 0.750688
v -2.005741 -0.005542 0.730657
v -1.805409 -0.000440 0.748347
v -1.951072 -0.005463 0.754896
v -1.804309 -0.033961 0.762190
v -1.950136 -0.033961 0.766663
v -1.808067 0.013444 0.714934
v -2.004148 -0.013869 0.750688
v -2.003488 -0.033961 0.758984
v -1.953332 0.006339 0.726488
v -2.005741 -0.005542 0.730657
v -2.007334 -0.013869 0.710626
v -1.955591 -0.005463 0.698080
v -1.810725 -0.000440 0.681518
v -1.811826 -0.033961 0.667678
v -1.956527 -0.033961 0.686313
v -2.007994 -0.033961 0.702329
v -2.007334 -0.054055 0.710626
v -1.955591 -0.062460 0.698080
v -1.810725 -0.067480 0.681518
v -1.808067 -0.081366 0.714934
v -1.953332 -0.074263 0.726488
v -2.005741 -0.062377 0.730657
v -2.004148 -0.054055 0.750688
v -1.951072 -0.062460 0.754896
v -1.805409 -0.067480 0.748347
v -1.804309 -0.033961 0.762190
v -1.950136 -0.033961 0.766663
v -2.003488 -0.033961 0.758984
v -1.810725 -0.067480 0.681518
v -1.812069 -0.033961 0.664621
v -1.810897 -0.069648 0.679357
v -1.811826 -0.033961 0.667678
v -1.808067 -0.081366 0.714934
v -1.810725 -0.000440 0.681518
v -1.808067 -0.084433 0.714934
v -1.810897 0.001727 0.679357
v -1.805238 -0.069648 0.750509
v -1.808067 0.016509 0.714934
v -1.805409 -0.067480 0.748347
v -1.804309 -0.033961 0.762190
v -1.804066 -0.033961 0.765244
v -1.808067 0.013444 0.714934
v -1.805409 -0.000440 0.748347
v -1.805238 0.001727 0.750509
v -1.804066 -0.033961 0.765244
v -1.804309 -0.033961 0.762190
v -1.769821 -0.083522 0.761609
v -1.393926 -0.083522 0.731710
v -1.392298 -0.033961 0.752176
v -1.768193 -0.033961 0.782075
v -1.773751 -0.104050 0.712204
v -1.397855 -0.104050 0.682306
v -1.777681 -0.083522 0.662799
v -1.401785 -0.083522 0.632900
v -1.779309 -0.033961 0.642334
v -1.403413 -0.033961 0.612435
v -1.777681 0.015599 0.662799
v -1.401785 0.015599 0.632900
v -1.773751 0.036130 0.712204
v -1.397855 0.036130 0.682305
v -1.769821 0.015599 0.761609
v -1.393926 0.015599 0.731710
v -1.768193 -0.033961 0.782075
v -1.392298 -0.033961 0.752176
v -1.805238 -0.069648 0.750509
v -1.768193 -0.033961 0.782075
v -1.804066 -0.033961 0.765244
v -1.769821 -0.083522 0.761609
v -1.773751 -0.104050 0.712204
v -1.808067 -0.084433 0.714934
v -1.810897 -0.069648 0.679357
v -1.777681 -0.083522 0.662799
v -1.779309 -0.033961 0.642334
v -1.812069 -0.033961 0.664621
v -1.810897 0.001727 0.679357
v -1.777681 0.015599 0.662799
v -1.773751 0.036130 0.712204
v -1.808067 0.016509 0.714934
v -1.805238 0.001727 0.750509
v -1.769821 0.015599 0.761609
v -1.768193 -0.033961 0.782075
v -1.804066 -0.033961 0.765244
vn 0.9969 0.0005 -0.0788
vn -0.9969 -0.0000 0.0793
vn -0.9968 0.0005 0.0798
vn 0.0092 0.6890 0.7247
vn -0.0749 0.6831 0.7264
vn 0.0309 0.0005 0.9995
vn -0.0524 0.0005 0.9986
vn -0.0482 0.9988 0.0044
vn -0.1643 0.6799 0.7147
vn -0.1423 0.0006 0.9898
vn -0.1319 0.9912 0.0105
vn -0.2196 0.9754 0.0178
vn -0.2752 0.6799 -0.6797
vn -0.1888 0.6831 -0.7055
vn -0.1055 0.6890 -0.7170
vn -0.1274 0.0005 -0.9918
vn -0.2100 0.0002 -0.9777
vn -0.2971 -0.0000 -0.9548
vn -0.2752 -0.6799 -0.6797
vn -0.1888 -0.6831 -0.7055
vn -0.1055 -0.6890 -0.7171
vn -0.0485 -0.9988 0.0039
vn -0.1319 -0.9912 0.0105
vn -0.2197 -0.9754 0.0178
vn -0.1643 -0.6799 0.7147
vn -0.0749 -0.6831 0.7264
vn 0.0092 -0.6890 0.7247
vn -0.0525 0.0004 0.9986
vn -0.1423 0.0004 0.9898
vn 0.0578 -0.6913 0.7203
vn 0.0798 0.0005 0.9968
vn 0.0005 -1.0000 0.0005
vn -0.0568 -0.6913 -0.7204
vn -0.0788 0.0005 -0.9969
vn -0.0568 0.6913 -0.7203
vn 0.0005 1.0000 0.0005
vn 0.0578 0.6913 0.7203
vn 0.0798 0.0006 0.9968
vn -0.4448 -0.6134 0.6526
vn -0.4244 0.0003 0.9055
vn -0.4243 0.0003 0.9055
vn -0.4429 -0.5916 0.6737
vn -0.4936 -0.8688 0.0393
vn -0.4935 -0.8688 0.0393
vn -0.5423 -0.6134 -0.5741
vn -0.5438 -0.5916 -0.5952
vn -0.5621 0.0006 -0.8271
vn -0.5622 0.0006 -0.8270
vn -0.5423 0.6134 -0.5741
vn -0.5438 0.5916 -0.5952
vn -0.4936 0.8688 0.0393
vn -0.4448 0.6134 0.6526
vn -0.4429 0.5916 0.6737
vn -0.4244 0.0006 0.9055
vn -0.4244 0.0007 0.9055
vt 0.750000 0.010000
vt 0.750000 0.490000
vt 0.990000 0.250000
vt 0.919706 0.419706
vt 0.919706 0.080294
vt 0.510000 0.250000
vt 0.580294 0.419706
vt 0.580294 0.080294
vt 0.375000 1.000000
vt 0.750000 1.000000
vt 0.000000 1.000000
vt 0.875000 1.000000
vt 0.625000 1.000000
vt 0.500000 1.000000
vt 0.125000 1.000000
vt 0.250000 1.000000
vt 1.000000 1.000000
vt 0.875000 0.500000
vt 1.000000 0.500000
vt 0.750000 0.500000
vt 0.625000 0.500000
vt 0.500000 0.500000
vt 0.375000 0.500000
vt 0.250000 0.500000
vt 0.125000 0.500000
vt 0.000000 0.500000
s 1
f 1/1/1 2/2/1 3/3/1
f 3/3/1 2/2/1 4/4/1
f 1/1/1 3/3/1 5/5/1
f 1/1/1 6/6/1 2/2/1
f 2/2/1 6/6/1 7/7/1
f 6/6/1 1/1/1 8/8/1
f 9/9/2 10/10/3 11/11/3
f 11/11/3 10/10/3 12/12/3
f 10/10/3 9/9/2 13/13/3
f 13/13/3 9/9/2 14/14/3
f 9/9/2 11/11/3 15/15/3
f 9/9/2 15/15/3 16/16/3
f 17/15/4 18/15/5 19/11/6
f 20/11/7 19/11/6 18/15/5
f 21/16/8 18/15/5 17/15/4
f 18/15/5 22/15/9 20/11/7
f 23/11/10 20/11/7 22/15/9
f 24/16/11 22/15/9 18/15/5
f 18/15/5 21/16/8 24/16/11
f 22/15/9 24/16/11 25/16/12
f 24/16/11 26/9/13 25/16/12
f 21/16/8 27/9/14 24/16/11
f 26/9/13 24/16/11 27/9/14
f 27/9/14 21/16/8 28/9/15
f 29/14/16 27/9/14 28/9/15
f 30/14/17 26/9/13 27/9/14
f 27/9/14 29/14/16 30/14/17
f 26/9/13 30/14/17 31/14/18
f 31/14/18 30/14/17 32/13/19
f 30/14/17 29/14/16 33/13/20
f 33/13/20 32/13/19 30/14/17
f 34/13/21 33/13/20 29/14/16
f 35/10/22 33/13/20 34/13/21
f 36/10/23 32/13/19 33/13/20
f 33/13/20 35/10/22 36/10/23
f 32/13/19 36/10/23 37/10/24
f 37/10/24 36/10/23 38/12/25
f 36/10/23 35/10/22 39/12/26
f 39/12/26 38/12/25 36/10/23
f 40/12/27 39/12/26 35/10/22
f 41/17/6 39/12/26 40/12/27
f 39/12/26 41/17/6 42/17/28
f 42/17/28 38/12/25 39/12/26
f 38/12/25 42/17/28 43/17/29
f 44/13/3 45/14/3 46/13/3
f 45/14/3 44/13/3 47/14/3
f 46/13/3 48/10/3 44/13/3
f 49/9/3 45/14/3 47/14/3
f 46/13/3 50/10/3 48/10/3
f 45/14/3 49/9/3 51/9/3
f 52/12/3 48/10/3 50/10/3
f 53/16/3 51/9/3 49/9/3
f 48/10/3 52/12/3 54/12/3
f 52/12/3 55/17/3 54/12/3
f 55/17/3 52/12/3 56/17/3
f 53/16/3 49/9/3 57/16/3
f 58/15/3 53/16/3 57/16/3
f 53/16/3 58/15/3 59/15/3
f 60/11/3 59/15/3 58/15/3
f 58/15/3 61/11/3 60/11/3
f 62/12/30 63/18/30 64/19/31
f 62/12/30 64/19/31 65/17/31
f 66/10/32 63/18/30 62/12/30
f 66/10/32 67/20/32 63/18/30
f 68/13/33 67/20/32 66/10/32
f 68/13/33 69/21/33 67/20/32
f 70/14/34 69/21/33 68/13/33
f 70/14/34 71/22/34 69/21/33
f 72/9/35 71/22/34 70/14/34
f 72/9/35 73/23/35 71/22/34
f 74/16/36 73/23/35 72/9/35
f 73/23/35 74/16/36 75/24/36
f 75/24/36 74/16/36 76/15/37
f 75/24/36 76/15/37 77/25/37
f 78/11/38 77/25/37 76/15/37
f 78/11/38 79/26/38 77/25/37
f 80/12/39 81/17/40 82/17/41
f 81/17/40 80/12/39 83/12/42
f 84/10/43 83/12/42 80/12/39
f 85/10/44 84/10/43 80/12/39
f 86/13/45 84/10/43 85/10/44
f 84/10/43 86/13/45 87/13/46
f 88/14/47 87/13/46 86/13/45
f 89/14/48 88/14/47 86/13/45
f 90/9/49 88/14/47 89/14/48
f 88/14/47 90/9/49 91/9/50
f 90/9/49 92/16/51 91/9/50
f 92/16/51 90/9/49 93/16/51
f 94/15/52 92/16/51 93/16/51
f 92/16/51 94/15/52 95/15/53
f 96/11/54 95/15/53 94/15/52
f 97/11/55 96/11/54 94/15/52
o Cube_005_Cube_069_121294691542287
v -2.753655 -0.281377 0.764965
v -2.749012 -0.322373 0.823328
v -2.736580 -0.301875 0.792973
v -2.790240 -0.272886 0.755711
v -2.783675 -0.330863 0.838250
v -2.820262 -0.322373 0.828995
v -2.824905 -0.281377 0.770633
v -2.837338 -0.301875 0.800987
v -2.883144 -0.337043 0.753798
v -2.695645 -0.361522 0.773953
v -2.698416 -0.337043 0.739105
v -2.880372 -0.361522 0.788646
v -2.690702 -1.538949 -0.072763
v -2.998297 -1.538949 0.214944
v -3.019104 -1.538949 -0.046642
v -2.669895 -1.538949 0.188823
v -3.019104 -1.473828 -0.046642
v -2.690702 -1.473828 -0.072763
v -2.670996 -1.506389 -0.095875
v -3.042216 -1.506389 -0.066348
v -2.690702 -1.538949 -0.072763
v -3.019104 -1.538949 -0.046642
v -2.745962 -1.327825 0.141357
v -2.927917 -1.352302 0.190899
v -2.930689 -1.327825 0.156050
v -2.743190 -1.352302 0.176206
v -2.690702 -1.538949 -0.072763
v -2.646784 -1.506385 0.208529
v -2.669895 -1.538949 0.188823
v -2.670996 -1.506389 -0.095875
v -2.669895 -1.473825 0.188823
v -2.690702 -1.473828 -0.072763
v -3.042216 -1.506389 -0.066348
v -2.998297 -1.473825 0.214944
v -3.019104 -1.473828 -0.046642
v -3.018004 -1.506385 0.238056
v -3.019104 -1.538949 -0.046642
v -2.998297 -1.538949 0.214944
v -2.695645 -0.361522 0.773953
v -2.745962 -1.327825 0.141357
v -2.698416 -0.337043 0.739105
v -2.743190 -1.352302 0.176206
v -2.883144 -0.337043 0.753798
v -2.930689 -1.327825 0.156050
v -2.880372 -0.361522 0.788646
v -2.927917 -1.352302 0.190899
v -2.870982 -1.370340 0.191335
v -2.783675 -0.330863 0.838250
v -2.820262 -0.322373 0.828995
v -2.834394 -1.378829 0.200589
v -2.824905 -0.281377 0.770633
v -2.840960 -1.320854 0.118050
v -2.875624 -1.329345 0.132971
v -2.790240 -0.272886 0.755711
v -2.840960 -1.320854 0.118050
v -2.790240 -0.272886 0.755711
v -2.753655 -0.281377 0.764965
v -2.804374 -1.329340 0.127304
v -2.799732 -1.370340 0.185668
v -2.783675 -0.330863 0.838250
v -2.834394 -1.378829 0.200589
v -2.749012 -0.322373 0.823328
v -2.804374 -1.329340 0.127304
v -2.753655 -0.281377 0.764965
v -2.736580 -0.301875 0.792973
v -2.787299 -1.349842 0.155313
v -2.749012 -0.322373 0.823328
v -2.799732 -1.370340 0.185668
v -2.820262 -0.322373 0.828995
v -2.888058 -1.349842 0.163328
v -2.870982 -1.370340 0.191335
v -2.837338 -0.301875 0.800987
v -2.875624 -1.329345 0.132971
v -2.824905 -0.281377 0.770633
v -2.743190 -1.352302 0.176206
v -2.695645 -0.361522 0.773953
v -2.927917 -1.352302 0.190899
v -2.880372 -0.361522 0.788646
v -2.698416 -0.337043 0.739105
v -2.745962 -1.327825 0.141357
v -2.883144 -0.337043 0.753798
v -2.930689 -1.327825 0.156050
v -3.018004 -1.506385 0.238056
v -2.646784 -1.506385 0.208529
v -2.669895 -1.473825 0.188823
v -2.998297 -1.473825 0.214944
v -2.669895 -1.538949 0.188823
v -2.998297 -1.538949 0.214944
v -2.887967 -1.336870 0.115313
v -2.930874 -1.488822 0.069111
v -2.904197 -1.363622 0.154931
v -2.910645 -1.488822 0.006676
v -2.901030 -1.488817 0.127563
v -2.852192 -1.488822 -0.023170
v -2.881908 -1.390373 0.191485
v -2.834158 -1.401455 0.203563
v -2.838594 -1.488822 0.147792
v -2.842726 -1.325787 0.095837
v -2.794977 -1.336870 0.107915
v -2.789759 -1.488822 -0.002939
v -2.759912 -1.488822 0.055513
v -2.772689 -1.363622 0.144471
v -2.780143 -1.488817 0.117948
v -2.788918 -1.390373 0.184089
v -2.834158 -1.401455 0.203563
v -2.838594 -1.488822 0.147792
v -2.834158 -1.401455 0.203563
v -2.870982 -1.370340 0.191335
v -2.881908 -1.390373 0.191485
v -2.834394 -1.378829 0.200589
v -2.904197 -1.363622 0.154931
v -2.888058 -1.349842 0.163328
v -2.875624 -1.329345 0.132971
v -2.887967 -1.336870 0.115313
v -2.840960 -1.320854 0.118050
v -2.842726 -1.325787 0.095837
v -2.794977 -1.336870 0.107915
v -2.804374 -1.329340 0.127304
v -2.772689 -1.363622 0.144471
v -2.787299 -1.349842 0.155313
v -2.799732 -1.370340 0.185668
v -2.788918 -1.390373 0.184089
v -2.834158 -1.401455 0.203563
v -2.834394 -1.378829 0.200589
v -3.019104 -1.473828 -0.046642
v -2.669895 -1.473825 0.188823
v -2.690702 -1.473828 -0.072763
v -2.998297 -1.473825 0.214944
vn 0.0455 0.8191 0.5718
vn 0.0455 0.8192 0.5718
vn 0.0454 0.8191 0.5718
vn 0.0460 0.8190 0.5720
vn 0.0459 0.8190 0.5719
vn 0.0459 0.8190 0.5720
vn 0.0462 0.8189 0.5721
vn 0.0005 -1.0000 0.0004
vn 0.0006 -1.0000 0.0005
vn -0.0655 0.5505 -0.8322
vn -0.0662 0.5506 -0.8321
vn -0.0788 0.0005 -0.9969
vn -0.0659 -0.5505 -0.8322
vn -0.0655 -0.5505 -0.8323
vn -0.0451 -0.8190 -0.5720
vn -0.0455 -0.8192 -0.5718
vn -0.0450 -0.8190 -0.5720
vn 0.8322 -0.5505 -0.0657
vn 0.9969 0.0005 -0.0788
vn 0.8322 -0.5506 -0.0662
vn 0.8321 0.5506 -0.0662
vn 0.8323 0.5505 -0.0654
vn -0.9968 0.0005 0.0798
vn -0.8321 0.5506 0.0662
vn -0.8322 0.5505 0.0667
vn -0.8321 -0.5505 0.0670
vn -0.8322 -0.5505 0.0665
vn 0.9969 0.0005 -0.0787
vn -0.7610 -0.3103 0.5697
vn 0.0681 -0.5213 0.8506
vn -0.7654 -0.3074 0.5654
vn 0.0680 -0.5212 0.8507
vn -0.8415 0.3103 -0.4422
vn -0.0673 0.5212 -0.8508
vn -0.8452 0.3074 -0.4373
vn -0.0671 0.5212 -0.8508
vn -0.0670 0.5213 -0.8507
vn 0.7610 0.3103 -0.5698
vn 0.7654 0.3074 -0.5654
vn 0.8415 -0.3103 0.4422
vn 0.0682 -0.5212 0.8507
vn 0.0684 -0.5213 0.8506
vn 0.8452 -0.3074 0.4372
vn 0.7655 0.3074 -0.5653
vn 0.7610 0.3103 -0.5697
vn 0.9963 0.0034 -0.0856
vn 0.9973 -0.0034 -0.0730
vn 0.8452 -0.3074 0.4371
vn -0.7655 -0.3074 0.5652
vn -0.9963 -0.0034 0.0856
vn -0.7611 -0.3102 0.5697
vn -0.9973 0.0034 0.0730
vn -0.8452 0.3074 -0.4371
vn -0.8416 0.3102 -0.4422
vn 0.0678 -0.5178 0.8528
vn -0.0675 0.5175 -0.8530
vn -0.0678 0.5178 -0.8528
vn -0.0673 0.5175 -0.8530
vn 0.0798 0.0005 0.9968
vn 0.0667 0.5505 0.8322
vn 0.0669 0.5505 0.8321
vn 0.0669 -0.5505 0.8321
vn 0.0667 -0.5505 0.8322
vn -0.7391 0.4656 -0.4867
vn -0.9861 0.1598 0.0465
vn -0.9853 0.1021 0.1368
vn -0.8145 0.4207 -0.3995
vn -0.8212 -0.1920 0.5374
vn -0.0630 0.5993 -0.7980
vn -0.6578 -0.3219 0.6810
vn 0.0679 -0.5261 0.8477
vn 0.0678 -0.5261 0.8477
vn 0.6529 0.4656 -0.5975
vn 0.7412 0.4207 -0.5231
vn 0.9810 0.1598 -0.1100
vn 0.9946 0.1021 -0.0208
vn 0.8958 -0.1920 0.4009
vn 0.7571 -0.3219 0.5684
vn 0.0681 -0.5261 0.8477
vn 0.0791 0.1305 0.9883
vn -0.3381 0.1911 0.9215
vn -0.6160 0.3413 0.7100
vn -0.7041 0.5536 0.4448
vn -0.7041 0.5535 0.4448
vn -0.4187 0.9034 -0.0927
vn -0.6612 0.7354 0.1482
vn -0.0168 0.9763 -0.2157
vn -0.0165 0.9763 -0.2158
vn 0.6763 0.7354 0.0417
vn 0.3988 0.9034 -0.1576
vn 0.7657 0.5535 0.3277
vn 0.7655 0.5536 0.3280
vn 0.4795 0.1911 0.8565
vn 0.7205 0.3413 0.6037
vn 0.0794 0.1304 0.9883
vn 0.0792 0.1305 0.9883
vn 0.0005 1.0000 0.0004
vn 0.0006 1.0000 0.0005
vt 0.625000 0.500000
vt 0.875000 0.500000
vt 0.750000 0.500000
vt 0.500000 0.500000
vt 0.000000 0.500000
vt 0.125000 0.500000
vt 0.375000 0.500000
vt 0.250000 0.500000
vt 0.375000 0.250000
vt 0.625000 0.250000
vt 0.625000 1.000000
vt 0.375000 0.750000
vt 0.625000 0.750000
vt 0.375000 1.000000
vt 0.875000 0.625000
vt 0.625000 0.625000
vt 0.875000 0.750000
vt 0.625000 0.000000
vt 0.375000 0.125000
vt 0.375000 0.000000
vt 0.625000 0.125000
vt 0.375000 0.625000
vt 0.125000 0.950000
vt 0.000000 0.950000
vt 0.500000 0.950000
vt 0.375000 0.950000
vt 0.625000 0.950000
vt 0.875000 0.950000
vt 1.000000 0.500000
vt 1.000000 0.950000
vt 0.750000 0.950000
vt 0.250000 0.950000
vt 0.125000 0.750000
vt 0.125000 0.625000
s 1
f 98/27/56 99/28/57 100/29/58
f 101/30/59 99/28/57 98/27/56
f 99/28/57 101/30/59 102/31/60
f 101/30/59 103/32/61 102/31/60
f 103/32/61 101/30/59 104/33/62
f 103/32/61 104/33/62 105/34/56
f 106/27/56 107/35/61 108/36/56
f 107/35/61 106/27/56 109/33/56
f 110/37/63 111/38/63 112/39/63
f 111/38/63 110/37/63 113/40/64
f 114/27/65 115/28/66 116/41/67
f 114/27/65 116/41/67 117/42/67
f 118/43/68 117/42/67 116/41/67
f 117/42/67 118/43/68 119/39/69
f 120/37/70 121/38/70 122/39/71
f 121/38/70 120/37/70 123/40/72
f 124/44/73 125/45/74 126/46/75
f 125/45/74 124/44/73 127/47/74
f 127/47/74 128/35/76 125/45/74
f 128/35/76 127/47/74 129/36/77
f 130/42/78 131/33/79 132/27/80
f 130/42/78 133/48/78 131/33/79
f 134/39/81 133/48/78 130/42/78
f 133/48/78 134/39/81 135/38/82
f 136/35/74 137/44/74 138/36/74
f 137/44/74 136/35/74 139/46/83
f 140/27/78 141/39/78 142/33/78
f 142/33/78 141/39/78 143/38/78
f 144/49/84 145/31/85 146/32/86
f 145/31/85 144/49/84 147/50/87
f 148/33/88 149/51/89 150/52/90
f 149/51/89 148/33/88 151/30/89
f 152/51/91 153/30/92 154/27/93
f 154/27/93 155/53/94 152/51/91
f 156/54/95 157/55/96 158/56/97
f 157/55/96 156/54/95 159/28/98
f 160/53/99 161/27/100 162/29/101
f 162/29/101 163/57/102 160/53/99
f 163/57/102 162/29/101 164/28/103
f 164/28/103 165/54/95 163/57/102
f 166/32/104 167/58/105 168/49/106
f 167/58/105 166/32/104 169/34/107
f 169/34/107 170/52/108 167/58/105
f 170/52/108 169/34/107 171/33/109
f 172/59/110 173/32/110 174/38/110
f 174/38/110 173/32/110 175/33/110
f 176/28/111 177/43/112 178/27/112
f 178/27/112 177/43/112 179/39/113
f 180/48/114 181/60/114 182/32/115
f 180/48/114 182/32/115 183/33/116
f 180/48/114 184/59/117 181/60/114
f 184/59/117 180/48/114 185/38/118
f 186/52/119 187/58/120 188/58/121
f 187/58/120 186/52/119 189/52/122
f 190/49/123 188/58/121 187/58/120
f 186/52/119 191/51/124 189/52/122
f 188/58/121 190/49/123 192/49/125
f 190/49/123 193/50/126 192/49/125
f 190/49/123 194/50/127 193/50/126
f 195/51/124 191/51/124 186/52/119
f 196/53/128 191/51/124 195/51/124
f 191/51/124 196/53/128 197/53/129
f 197/53/129 196/53/128 198/57/130
f 198/57/130 196/53/128 199/57/131
f 198/57/130 199/57/131 200/54/132
f 200/54/132 199/57/131 201/54/133
f 202/56/126 200/54/132 201/54/133
f 200/54/132 202/56/126 203/56/134
f 204/50/135 205/49/136 206/49/137
f 205/49/136 204/50/135 207/50/135
f 205/49/136 208/58/138 206/49/137
f 205/49/136 209/58/139 208/58/138
f 210/52/140 208/58/138 209/58/139
f 208/58/138 210/52/140 211/52/141
f 212/51/142 211/52/141 210/52/140
f 211/52/141 212/51/142 213/51/143
f 214/53/144 213/51/143 212/51/142
f 214/53/144 212/51/142 215/53/145
f 215/53/145 216/57/146 214/53/144
f 216/57/146 215/53/145 217/57/147
f 218/54/148 216/57/146 217/57/147
f 216/57/146 218/54/148 219/54/149
f 220/56/150 219/54/149 218/54/148
f 220/56/150 218/54/148 221/56/151
f 222/27/152 223/35/152 224/36/153
f 223/35/152 222/27/152 225/33/152
o Cube_005_Cube_069_121294691542287.001
v -2.824582 -0.286466 0.793733
v -2.829224 -0.327461 0.735370
v -2.841657 -0.306963 0.765725
v -2.787998 -0.277975 0.802987
v -2.794564 -0.335951 0.720448
v -2.757974 -0.327461 0.729703
v -2.753332 -0.286466 0.788066
v -2.740899 -0.306963 0.757711
v -2.695094 -0.342131 0.804901
v -2.882593 -0.366608 0.784745
v -2.879822 -0.342131 0.819594
v -2.697866 -0.366608 0.770052
v -2.887535 -1.544035 1.631462
v -2.579940 -1.544035 1.343755
v -2.559134 -1.544035 1.605341
v -2.908341 -1.544035 1.369877
v -2.559134 -1.478913 1.605341
v -2.887535 -1.478913 1.631462
v -2.907242 -1.511474 1.654574
v -2.536022 -1.511474 1.625047
v -2.887535 -1.544035 1.631462
v -2.559134 -1.544035 1.605341
v -2.832277 -1.332911 1.417341
v -2.650321 -1.357389 1.367799
v -2.647549 -1.332911 1.402648
v -2.835048 -1.357389 1.382492
v -2.887535 -1.544035 1.631462
v -2.931455 -1.511472 1.350171
v -2.908341 -1.544035 1.369877
v -2.907242 -1.511474 1.654574
v -2.908341 -1.478913 1.369877
v -2.887535 -1.478913 1.631462
v -2.536022 -1.511474 1.625047
v -2.579940 -1.478913 1.343755
v -2.559134 -1.478913 1.605341
v -2.560234 -1.511472 1.320644
v -2.559134 -1.544035 1.605341
v -2.579940 -1.544035 1.343755
v -2.882593 -0.366608 0.784745
v -2.832277 -1.332911 1.417341
v -2.879822 -0.342131 0.819594
v -2.835048 -1.357389 1.382492
v -2.695094 -0.342131 0.804901
v -2.647549 -1.332911 1.402648
v -2.697866 -0.366608 0.770052
v -2.650321 -1.357389 1.367799
v -2.707254 -1.375425 1.367364
v -2.794564 -0.335951 0.720448
v -2.757974 -0.327461 0.729703
v -2.743844 -1.383916 1.358109
v -2.753332 -0.286466 0.788066
v -2.737279 -1.325940 1.440648
v -2.702612 -1.334430 1.425727
v -2.787998 -0.277975 0.802987
v -2.737279 -1.325940 1.440648
v -2.787998 -0.277975 0.802987
v -2.824582 -0.286466 0.793733
v -2.773862 -1.334426 1.431394
v -2.778504 -1.375425 1.373032
v -2.794564 -0.335951 0.720448
v -2.743844 -1.383916 1.358109
v -2.829224 -0.327461 0.735370
v -2.773862 -1.334426 1.431394
v -2.824582 -0.286466 0.793733
v -2.841657 -0.306963 0.765725
v -2.790937 -1.354928 1.403386
v -2.829224 -0.327461 0.735370
v -2.778504 -1.375425 1.373032
v -2.757974 -0.327461 0.729703
v -2.690179 -1.354928 1.395372
v -2.707254 -1.375425 1.367364
v -2.740899 -0.306963 0.757711
v -2.702612 -1.334430 1.425727
v -2.753332 -0.286466 0.788066
v -2.835048 -1.357389 1.382492
v -2.882593 -0.366608 0.784745
v -2.650321 -1.357389 1.367799
v -2.697866 -0.366608 0.770052
v -2.879822 -0.342131 0.819594
v -2.832277 -1.332911 1.417341
v -2.695094 -0.342131 0.804901
v -2.647549 -1.332911 1.402648
v -2.560234 -1.511472 1.320644
v -2.931455 -1.511472 1.350171
v -2.908341 -1.478913 1.369877
v -2.579940 -1.478913 1.343755
v -2.908341 -1.544035 1.369877
v -2.579940 -1.544035 1.343755
v -2.690271 -1.341955 1.443387
v -2.647364 -1.493906 1.489588
v -2.674040 -1.368708 1.403767
v -2.667593 -1.493906 1.552024
v -2.677208 -1.493906 1.431136
v -2.726046 -1.493906 1.581869
v -2.696330 -1.395460 1.367213
v -2.744080 -1.406543 1.355135
v -2.739644 -1.493907 1.410907
v -2.735512 -1.330874 1.462862
v -2.783260 -1.341955 1.450785
v -2.788479 -1.493906 1.561639
v -2.818324 -1.493906 1.503186
v -2.805549 -1.368708 1.414228
v -2.798095 -1.493906 1.440751
v -2.789319 -1.395460 1.374609
v -2.744080 -1.406543 1.355135
v -2.739644 -1.493907 1.410907
v -2.744080 -1.406543 1.355135
v -2.707254 -1.375425 1.367364
v -2.696330 -1.395460 1.367213
v -2.743844 -1.383916 1.358109
v -2.674040 -1.368708 1.403767
v -2.690179 -1.354928 1.395372
v -2.702612 -1.334430 1.425727
v -2.690271 -1.341955 1.443387
v -2.737279 -1.325940 1.440648
v -2.735512 -1.330874 1.462862
v -2.783260 -1.341955 1.450785
v -2.773862 -1.334426 1.431394
v -2.805549 -1.368708 1.414228
v -2.790937 -1.354928 1.403386
v -2.778504 -1.375425 1.373032
v -2.789319 -1.395460 1.374609
v -2.744080 -1.406543 1.355135
v -2.743844 -1.383916 1.358109
v -2.559134 -1.478913 1.605341
v -2.908341 -1.478913 1.369877
v -2.887535 -1.478913 1.631462
v -2.579940 -1.478913 1.343755
vn -0.0461 0.8190 -0.5720
vn -0.0455 0.8192 -0.5718
vn -0.0459 0.8190 -0.5720
vn -0.0462 0.8189 -0.5720
vn -0.0462 0.8189 -0.5721
vn -0.0455 0.8191 -0.5718
vn -0.0460 0.8189 -0.5720
vn -0.0461 0.8190 -0.5719
vn -0.0005 -1.0000 -0.0004
vn -0.0006 -1.0000 -0.0005
vn 0.0656 0.5505 0.8322
vn 0.0662 0.5506 0.8321
vn 0.0788 0.0005 0.9969
vn 0.0653 -0.5505 0.8323
vn 0.0659 -0.5506 0.8322
vn 0.0452 -0.8191 0.5719
vn 0.0451 -0.8190 0.5720
vn 0.0450 -0.8190 0.5720
vn -0.8322 -0.5505 0.0657
vn -0.9969 0.0005 0.0788
vn -0.8321 -0.5506 0.0662
vn -0.8321 0.5506 0.0662
vn -0.8323 0.5505 0.0658
vn 0.9968 0.0005 -0.0798
vn 0.8321 0.5506 -0.0662
vn 0.8321 0.5505 -0.0667
vn 0.8321 -0.5505 -0.0669
vn 0.8322 -0.5505 -0.0669
vn 0.7610 -0.3103 -0.5697
vn -0.0682 -0.5213 -0.8506
vn 0.7654 -0.3074 -0.5654
vn -0.0680 -0.5212 -0.8507
vn 0.8415 0.3103 0.4423
vn 0.0673 0.5212 0.8508
vn 0.8451 0.3074 0.4373
vn 0.0672 0.5212 0.8508
vn 0.0671 0.5213 0.8507
vn -0.7610 0.3103 0.5697
vn -0.7654 0.3074 0.5654
vn -0.8415 -0.3103 -0.4422
vn -0.0682 -0.5212 -0.8507
vn -0.0683 -0.5213 -0.8506
vn -0.8452 -0.3074 -0.4372
vn -0.7655 0.3074 0.5652
vn -0.9963 0.0034 0.0856
vn -0.9973 -0.0034 0.0730
vn -0.8452 -0.3074 -0.4371
vn 0.7655 -0.3074 -0.5652
vn 0.9963 -0.0034 -0.0856
vn 0.7611 -0.3102 -0.5697
vn 0.9973 0.0034 -0.0730
vn 0.8452 0.3074 0.4371
vn 0.8416 0.3102 0.4422
vn -0.0678 -0.5178 -0.8528
vn 0.0678 0.5178 0.8528
vn 0.0675 0.5175 0.8530
vn -0.0798 0.0005 -0.9968
vn -0.0668 0.5505 -0.8322
vn -0.0667 0.5505 -0.8322
vn -0.0669 -0.5505 -0.8322
vn -0.0667 -0.5505 -0.8322
vn 0.7391 0.4656 0.4867
vn 0.9861 0.1598 -0.0465
vn 0.9853 0.1021 -0.1368
vn 0.8145 0.4207 0.3994
vn 0.8212 -0.1920 -0.5374
vn 0.0630 0.5993 0.7981
vn 0.6578 -0.3219 -0.6810
vn -0.0679 -0.5261 -0.8477
vn 0.0630 0.5993 0.7980
vn -0.6529 0.4656 0.5975
vn -0.7412 0.4207 0.5231
vn -0.9810 0.1598 0.1099
vn -0.9946 0.1021 0.0208
vn -0.8958 -0.1920 -0.4009
vn -0.7571 -0.3219 -0.5684
vn -0.0681 -0.5261 -0.8477
vn -0.0682 -0.5261 -0.8477
vn -0.0791 0.1305 -0.9883
vn 0.3380 0.1911 -0.9215
vn 0.6160 0.3412 -0.7100
vn 0.7041 0.5536 -0.4448
vn 0.7042 0.5535 -0.4446
vn 0.4187 0.9034 0.0927
vn 0.6611 0.7355 -0.1482
vn 0.0168 0.9763 0.2157
vn 0.0167 0.9763 0.2157
vn -0.6763 0.7354 -0.0417
vn -0.3988 0.9034 0.1576
vn -0.7657 0.5535 -0.3276
vn -0.7655 0.5536 -0.3280
vn -0.4794 0.1911 -0.8565
vn -0.7205 0.3413 -0.6037
vn -0.0792 0.1304 -0.9883
vn -0.0792 0.1305 -0.9883
vn -0.0005 1.0000 -0.0004
vn -0.0006 1.0000 -0.0005
vt 0.625000 0.500000
vt 0.875000 0.500000
vt 0.750000 0.500000
vt 0.500000 0.500000
vt 0.000000 0.500000
vt 0.125000 0.500000
vt 0.375000 0.500000
vt 0.250000 0.500000
vt 0.375000 0.250000
vt 0.625000 0.250000
vt 0.625000 1.000000
vt 0.375000 0.750000
vt 0.625000 0.750000
vt 0.375000 1.000000
vt 0.875000 0.625000
vt 0.625000 0.625000
vt 0.875000 0.750000
vt 0.625000 0.000000
vt 0.375000 0.125000
vt 0.375000 0.000000
vt 0.625000 0.125000
vt 0.375000 0.625000
vt 0.125000 0.950000
vt 0.000000 0.950000
vt 0.500000 0.950000
vt 0.375000 0.950000
vt 0.625000 0.950000
vt 0.875000 0.950000
vt 1.000000 0.500000
vt 1.000000 0.950000
vt 0.750000 0.950000
vt 0.250000 0.950000
vt 0.125000 0.750000
vt 0.125000 0.625000
s 1
f 226/61/154 227/62/155 228/63/156
f 229/64/156 227/62/155 226/61/154
f 227/62/155 229/64/156 230/65/157
f 229/64/156 231/66/155 230/65/157
f 231/66/155 229/64/156 232/67/158
f 231/66/155 232/67/158 233/68/159
f 234/61/160 235/69/156 236/70/161
f 235/69/156 234/61/160 237/67/155
f 238/71/162 239/72/162 240/73/163
f 239/72/162 238/71/162 241/74/162
f 242/61/164 243/62/165 244/75/166
f 242/61/164 244/75/166 245/76/166
f 246/77/167 245/76/166 244/75/166
f 245/76/166 246/77/167 247/73/168
f 248/71/169 249/72/170 250/73/170
f 249/72/170 248/71/169 251/74/171
f 252/78/172 253/79/173 254/80/174
f 253/79/173 252/78/172 255/81/173
f 255/81/173 256/69/175 253/79/173
f 256/69/175 255/81/173 257/70/176
f 258/76/177 259/67/178 260/61/179
f 258/76/177 261/82/177 259/67/178
f 262/73/180 261/82/177 258/76/177
f 261/82/177 262/73/180 263/72/181
f 264/69/173 265/78/173 266/70/173
f 265/78/173 264/69/173 267/80/173
f 268/61/177 269/73/177 270/67/177
f 270/67/177 269/73/177 271/72/177
f 272/83/182 273/65/183 274/66/184
f 273/65/183 272/83/182 275/84/185
f 276/67/186 277/85/187 278/86/188
f 277/85/187 276/67/186 279/64/187
f 280/85/189 281/64/190 282/61/191
f 282/61/191 283/87/192 280/85/189
f 284/88/193 285/89/194 286/90/195
f 285/89/194 284/88/193 287/62/196
f 288/87/197 289/61/191 290/63/198
f 290/63/198 291/91/199 288/87/197
f 291/91/199 290/63/198 292/62/200
f 292/62/200 293/88/193 291/91/199
f 294/66/201 295/92/202 296/83/203
f 295/92/202 294/66/201 297/68/204
f 297/68/204 298/86/205 295/92/202
f 298/86/205 297/68/204 299/67/206
f 300/93/207 301/66/207 302/72/207
f 302/72/207 301/66/207 303/67/207
f 304/62/208 305/77/209 306/61/209
f 306/61/209 305/77/209 307/73/208
f 308/82/210 309/94/210 310/66/211
f 308/82/210 310/66/211 311/67/212
f 308/82/210 312/93/213 309/94/210
f 312/93/213 308/82/210 313/72/214
f 314/86/215 315/92/216 316/92/217
f 315/92/216 314/86/215 317/86/218
f 318/83/219 316/92/217 315/92/216
f 314/86/215 319/85/220 317/86/218
f 316/92/217 318/83/219 320/83/221
f 318/83/219 321/84/222 320/83/221
f 318/83/219 322/84/222 321/84/222
f 323/85/223 319/85/220 314/86/215
f 324/87/224 319/85/220 323/85/223
f 319/85/220 324/87/224 325/87/225
f 325/87/225 324/87/224 326/91/226
f 326/91/226 324/87/224 327/91/227
f 326/91/226 327/91/227 328/88/228
f 328/88/228 327/91/227 329/88/229
f 330/90/230 328/88/228 329/88/229
f 328/88/228 330/90/230 331/90/231
f 332/84/232 333/83/233 334/83/234
f 333/83/233 332/84/232 335/84/232
f 333/83/233 336/92/235 334/83/234
f 333/83/233 337/92/236 336/92/235
f 338/86/237 336/92/235 337/92/236
f 336/92/235 338/86/237 339/86/238
f 340/85/239 339/86/238 338/86/237
f 339/86/238 340/85/239 341/85/240
f 342/87/241 341/85/240 340/85/239
f 342/87/241 340/85/239 343/87/242
f 343/87/242 344/91/243 342/87/241
f 344/91/243 343/87/242 345/91/244
f 346/88/245 344/91/243 345/91/244
f 344/91/243 346/88/245 347/88/246
f 348/90/247 347/88/246 346/88/245
f 348/90/247 346/88/245 349/90/248
f 350/61/249 351/69/249 352/70/249
f 351/69/249 350/61/249 353/67/250
o Cube_006_Cube_070_85918211090205
v -5.299179 -0.116971 0.992618
v -5.096899 0.058837 1.203281
v -5.299179 0.058837 0.992618
v -5.096899 -0.116971 1.203281
v -5.132744 0.058837 0.752627
v -5.132744 -0.116971 0.752627
v -5.415539 0.095254 0.775121
v -5.415539 -0.153388 0.775121
v -5.586442 -0.153388 1.015467
v -5.586442 0.095254 1.015467
v -5.586442 0.095254 1.015467
v -5.586442 -0.153388 1.015467
v -5.379694 -0.153388 1.225775
v -5.379694 0.095254 1.225775
v 2.568011 -0.253265 0.366859
v 2.540961 -0.409790 0.527140
v 2.528462 -0.409790 0.370005
v 2.583819 -0.253265 0.565607
v 2.515963 -0.409790 0.212870
v 2.568011 -0.253265 0.366859
v 2.552202 -0.253265 0.168112
v 2.552202 -0.253265 0.168112
v 2.649854 -0.024549 0.360350
v 2.568011 -0.253265 0.366859
v 2.633675 -0.024549 0.156948
v 2.649854 -0.024549 0.360350
v 2.583819 -0.253265 0.565607
v 2.666032 -0.024549 0.563751
v 2.612935 0.116821 0.214744
v 2.649854 -0.024549 0.360350
v 2.633675 -0.024549 0.156948
v 2.624676 0.116821 0.362352
v 2.636417 0.116821 0.509960
v 2.649854 -0.024549 0.360350
v 2.666032 -0.024549 0.563751
v 2.528462 -0.409790 0.370005
v 2.544716 -0.566317 0.505437
v 2.533910 -0.566317 0.369572
v 2.540961 -0.409790 0.527140
v 2.523103 -0.566317 0.233706
v 2.528462 -0.409790 0.370005
v 2.515963 -0.409790 0.212870
v 2.533910 -0.566317 0.369572
v 2.579885 -0.675063 0.499362
v 2.569337 -0.675063 0.366754
v 2.544716 -0.566317 0.505437
v 2.558789 -0.675063 0.234146
v 2.533910 -0.566317 0.369572
v 2.523103 -0.566317 0.233706
v -3.313368 0.115391 0.735487
v -3.297786 0.115391 0.931383
v -3.301886 0.189594 0.879844
v -3.297106 0.165052 0.939938
v -3.309269 0.189594 0.787027
v -3.314049 0.165052 0.726931
v 2.521764 -0.805858 0.237854
v 2.569337 -0.675063 0.366754
v 2.532251 -0.805858 0.369704
v 2.558789 -0.675063 0.234146
v 2.542738 -0.805858 0.501553
v 2.579885 -0.675063 0.499362
v 2.401853 -0.837715 0.248154
v 2.521764 -0.805858 0.237854
v 2.412281 -0.837715 0.379246
v 2.295177 -0.844843 0.256639
v 2.305604 -0.844843 0.387731
v 2.422708 -0.837715 0.510339
v 2.542738 -0.805858 0.501553
v 2.316032 -0.844843 0.518824
v -3.107670 -0.233438 0.733654
v -3.100979 -0.361625 0.817773
v -3.100979 -0.203310 0.817773
v -3.111434 -0.317672 0.686332
v -3.107680 -0.166460 0.733522
v -3.094288 -0.233438 0.901891
v -3.094278 -0.166460 0.902023
v -3.090524 -0.317672 0.949213
v -2.560001 -0.233438 0.690092
v -2.553310 -0.361625 0.774211
v -2.553310 -0.203310 0.774211
v -2.563765 -0.317672 0.642770
v -2.560011 -0.166460 0.689960
v -2.546619 -0.233438 0.858329
v -2.546609 -0.166460 0.858461
v -2.542855 -0.317672 0.905652
v 1.124805 0.742634 0.551910
v 1.124805 0.834782 0.551910
v 1.126777 0.834782 0.576695
v 1.126777 0.742634 0.576695
v 1.111727 0.742634 0.387491
v 1.111727 0.834782 0.387491
v 1.113699 0.834782 0.412278
v 1.113699 0.742634 0.412278
v 2.528795 0.175487 0.369979
v 2.636417 0.116821 0.509960
v 2.624676 0.116821 0.362352
v 2.612935 0.116821 0.214744
v -1.871566 0.834782 0.624784
v -1.871566 0.742634 0.624784
v -1.869594 0.742634 0.649570
v -1.869594 0.834782 0.649570
v -1.858488 0.834782 0.789202
v -1.858488 0.742634 0.789202
v -1.856516 0.742634 0.813989
v -1.856516 0.834782 0.813989
v 0.535230 0.115391 0.626504
v 0.531130 0.189594 0.574964
v 0.535910 0.165052 0.635059
v 0.519648 0.115391 0.430608
v 0.523747 0.189594 0.482148
v 0.518967 0.165052 0.422052
v 0.244307 0.637187 0.394063
v 0.269225 0.475569 0.707330
v 0.244307 0.475569 0.394063
v 0.269225 0.637187 0.707330
v 0.260504 0.726974 0.597686
v 0.244307 0.637187 0.394063
v 0.253028 0.726974 0.503707
v 0.269225 0.637187 0.707330
v 0.244307 0.457612 0.394063
v 0.269225 0.457612 0.707330
v 0.244307 0.390271 0.394063
v 0.269225 0.390271 0.707330
v 0.248460 0.337894 0.446275
v 0.265072 0.337894 0.655118
v 0.244307 0.390271 0.394063
v 0.265072 0.337894 0.655118
v 0.248460 0.285519 0.446275
v 0.265072 0.285519 0.655118
v 0.244307 0.233143 0.394063
v 0.269225 0.233143 0.707330
v 0.248460 0.285519 0.446275
v 0.244307 0.233143 0.394063
v 0.269225 0.233143 0.707330
v 0.246400 0.102842 0.420368
v 0.267132 0.102842 0.681025
v -2.563765 -0.317672 0.642770
v -2.432324 -0.317672 0.632315
v -2.421869 -0.361625 0.763756
v -2.553310 -0.361625 0.774211
v -2.411414 -0.317672 0.895197
v -2.542855 -0.317672 0.905652
v -3.111434 -0.317672 0.686332
v -2.979993 -0.317672 0.675877
v -2.969538 -0.361625 0.807318
v -3.100979 -0.361625 0.817773
v -2.959083 -0.317672 0.938759
v -3.090524 -0.317672 0.949213
v 0.077126 0.641103 0.717797
v 0.052969 0.641103 0.414093
v 0.058631 0.699465 0.485277
v 0.071464 0.699465 0.646615
v 0.269225 0.457612 0.707330
v 0.244307 0.457612 0.394063
v 0.232773 0.466590 0.410742
v 0.255198 0.466590 0.692682
v -0.134222 0.720359 0.732785
v -0.090961 0.569847 0.427365
v -0.158090 0.720359 0.432705
v -0.067093 0.569847 0.727445
v -0.090961 0.469998 0.427365
v -0.067093 0.469998 0.727445
v -5.125921 -0.153388 0.978837
v -5.081715 -0.153388 0.748568
v -5.018872 -0.153388 0.828293
v -5.415539 -0.153388 0.775121
v -5.586442 -0.153388 1.015467
v -5.379694 -0.153388 1.225775
v -5.045870 -0.153388 1.199222
v -4.996420 -0.153388 1.110566
v -0.364503 0.884949 0.515580
v -0.196498 0.884949 0.502217
v -0.283269 0.884949 0.474101
v -0.155022 0.884949 0.583450
v -0.392615 0.884949 0.602348
v -0.351140 0.884949 0.683582
v -0.183135 0.884949 0.670219
v -0.264371 0.884949 0.711696
v 0.244307 0.475569 0.394063
v 0.255198 0.466590 0.692682
v 0.232773 0.466590 0.410742
v 0.269225 0.475569 0.707330
v -0.204062 0.786182 0.652376
v -0.266551 0.786182 0.684281
v -0.264936 0.774146 0.704587
v -0.188560 0.774146 0.665593
v -0.182437 0.786182 0.585631
v -0.162129 0.774146 0.584015
v -0.214342 0.786182 0.523143
v -0.201124 0.774145 0.507640
v -0.282704 0.774145 0.481209
v -0.281089 0.786182 0.501517
v -0.359076 0.774146 0.520204
v -0.343576 0.786182 0.533422
v -0.385508 0.774146 0.601783
v -0.365201 0.786182 0.600168
v -0.333297 0.786182 0.662656
v -0.346513 0.774146 0.678157
v -0.266551 0.786182 0.684281
v -0.264936 0.774146 0.704587
v -0.368993 0.649073 0.395526
v -0.281115 0.681887 0.501189
v -0.290019 0.681887 0.389244
v -0.360089 0.649073 0.507470
v -0.401707 0.569847 0.398128
v -0.392803 0.569847 0.510072
v -0.368993 0.490621 0.395526
v -0.360089 0.490621 0.507470
v -0.290019 0.457805 0.389244
v -0.281115 0.457805 0.501189
v -0.211040 0.490621 0.382962
v -0.202136 0.490621 0.494907
v -0.178328 0.569847 0.380360
v -0.169424 0.569847 0.492305
v -0.211040 0.649073 0.382962
v -0.202136 0.649073 0.494907
v -0.290019 0.681887 0.389244
v -0.281115 0.681887 0.501189
v -0.182437 0.824341 0.585631
v -0.204062 0.786182 0.652376
v -0.182437 0.786182 0.585631
v -0.204062 0.824341 0.652376
v -0.266551 0.786182 0.684281
v -0.266551 0.824341 0.684281
v -0.214342 0.824341 0.523143
v -0.214342 0.786182 0.523143
v -0.281089 0.824341 0.501517
v -0.281089 0.786182 0.501517
v -0.343576 0.824341 0.533422
v -0.343576 0.786182 0.533422
v -0.365201 0.824341 0.600168
v -0.365201 0.786182 0.600168
v -0.333297 0.824341 0.662656
v -0.333297 0.786182 0.662656
v -0.266551 0.824341 0.684281
v -0.266551 0.786182 0.684281
v -0.808141 0.726974 0.588112
v -0.545040 0.726974 0.661759
v -0.552515 0.726974 0.567780
v -0.800667 0.726974 0.682092
v -0.002596 0.726974 0.524039
v 0.260504 0.726974 0.597686
v 0.253028 0.726974 0.503707
v 0.004879 0.726974 0.618019
v -0.158090 0.720359 0.432705
v -0.407664 0.720359 0.452556
v -0.383795 0.720359 0.752636
v -0.134222 0.720359 0.732785
v -0.164832 0.485579 0.900328
v -0.367631 0.569847 0.916459
v -0.332837 0.485579 0.913691
v -0.248836 0.450673 0.907010
v -0.130038 0.569847 0.897560
v -0.164832 0.654113 0.900328
v -0.332837 0.654113 0.913691
v -0.248836 0.689018 0.907010
v -0.214801 0.654113 0.272107
v -0.417600 0.569847 0.288238
v -0.382805 0.654113 0.285470
v -0.298804 0.689018 0.278789
v -0.180006 0.569847 0.269340
v -0.214801 0.485579 0.272107
v -0.382805 0.485579 0.285470
v -0.298804 0.450673 0.278789
v -0.814770 0.102842 0.504774
v -0.559143 0.102842 0.484441
v -0.538411 0.102842 0.745098
v -0.794037 0.102842 0.765431
v 0.246400 0.102842 0.420368
v 0.011508 0.102842 0.701357
v -0.009225 0.102842 0.440700
v 0.267132 0.102842 0.681025
v 2.295177 -0.844843 0.256639
v 2.515963 -0.409790 0.212870
v 2.523103 -0.566317 0.233706
v 2.401853 -0.837715 0.248154
v 2.558789 -0.675063 0.234146
v 2.289426 -0.024549 0.184330
v 2.552202 -0.253265 0.168112
v 2.633675 -0.024549 0.156948
v 2.316032 -0.844843 0.518824
v 2.544716 -0.566317 0.505437
v 2.540961 -0.409790 0.527140
v 2.422708 -0.837715 0.510339
v 2.579885 -0.675063 0.499362
v 2.321783 -0.024549 0.591133
v 2.583819 -0.253265 0.565607
v 2.666032 -0.024549 0.563751
v -0.619101 0.699465 0.539184
v -0.808141 0.726974 0.588112
v -0.552515 0.726974 0.567780
v -0.746915 0.699465 0.549350
v -0.606268 0.699465 0.700522
v -0.800667 0.726974 0.682092
v -0.734082 0.699465 0.710688
v -0.545040 0.726974 0.661759
v -0.816862 0.637187 0.478469
v -0.624763 0.641103 0.468001
v -0.561236 0.637187 0.458136
v -0.752577 0.641103 0.478167
v -0.600606 0.641103 0.771704
v -0.791945 0.637187 0.791735
v -0.536318 0.637187 0.771403
v -0.728420 0.641103 0.781870
v -0.002596 0.726974 0.524039
v 0.253028 0.726974 0.503707
v 0.186443 0.699465 0.475110
v 0.058631 0.699465 0.485277
v -0.011317 0.637187 0.414396
v 0.058631 0.699465 0.485277
v 0.052969 0.641103 0.414093
v 0.244307 0.637187 0.394063
v 0.180781 0.641103 0.403927
v 0.253028 0.726974 0.503707
v -0.011317 0.637187 0.414396
v 0.180781 0.641103 0.403927
v 0.071464 0.699465 0.646615
v 0.260504 0.726974 0.597686
v 0.004879 0.726974 0.618019
v 0.199276 0.699465 0.636449
v 0.199276 0.699465 0.636449
v 0.269225 0.637187 0.707330
v 0.204938 0.641103 0.707630
v 0.013600 0.637187 0.727662
v 0.004879 0.726974 0.618019
v 0.077126 0.641103 0.717797
v 0.269225 0.637187 0.707330
v 0.077126 0.641103 0.717797
v -0.734082 0.699465 0.710688
v -0.800667 0.726974 0.682092
v -0.791945 0.637187 0.791735
v -0.728420 0.641103 0.781870
v -0.752577 0.641103 0.478167
v -0.728420 0.641103 0.781870
v -0.624763 0.641103 0.468001
v -0.600606 0.641103 0.771704
v 0.052969 0.641103 0.414093
v 0.204938 0.641103 0.707630
v 0.180781 0.641103 0.403927
v 0.077126 0.641103 0.717797
v -5.132744 -0.116971 0.752627
v -5.132744 0.058837 0.752627
v -5.081715 0.095254 0.748568
v -5.351810 0.058837 0.770052
v -5.081715 -0.153388 0.748568
v -5.415539 0.095254 0.775121
v -5.351810 -0.116971 0.770052
v -5.415539 -0.153388 0.775121
v -5.045870 -0.153388 1.199222
v -5.315966 -0.116971 1.220706
v -5.379694 -0.153388 1.225775
v -5.379694 0.095254 1.225775
v -5.096899 -0.116971 1.203281
v -5.315966 0.058837 1.220706
v -5.045870 0.095254 1.199222
v -5.096899 0.058837 1.203281
v -0.192049 0.505024 0.803415
v -0.257621 0.457805 0.796556
v -0.178643 0.490620 0.790274
v -0.256667 0.478174 0.808555
v -0.145931 0.569847 0.787670
v -0.165283 0.569847 0.801286
v -0.178643 0.649072 0.790272
v -0.192049 0.634667 0.803415
v -0.257621 0.681887 0.796554
v -0.256667 0.661517 0.808555
v -0.336596 0.649073 0.802836
v -0.321283 0.634667 0.813695
v -0.369309 0.569847 0.805438
v -0.348048 0.569847 0.815823
v -0.321283 0.505024 0.813695
v -0.336595 0.490620 0.802837
v -0.256667 0.478174 0.808555
v -0.257621 0.457805 0.796556
v -0.226355 0.634667 0.372104
v -0.290019 0.681887 0.389244
v -0.211040 0.649073 0.382962
v -0.290973 0.661517 0.377244
v -0.178328 0.569847 0.380360
v -0.199590 0.569847 0.369975
v -0.211040 0.490621 0.382962
v -0.226355 0.505024 0.372104
v -0.290019 0.457805 0.389244
v -0.290973 0.478174 0.377244
v -0.368993 0.490621 0.395526
v -0.355590 0.505024 0.382383
v -0.401707 0.569847 0.398128
v -0.382354 0.569847 0.384512
v -0.355590 0.634667 0.382383
v -0.368993 0.649073 0.395526
v -0.290973 0.661517 0.377244
v -0.290019 0.681887 0.389244
v -0.559143 0.102842 0.484441
v -0.816862 0.233143 0.478469
v -0.561236 0.233143 0.458136
v -0.814770 0.102842 0.504774
v -0.794037 0.102842 0.765431
v -0.538411 0.102842 0.745098
v -0.536318 0.233143 0.771403
v -0.791945 0.233143 0.791735
v 0.246400 0.102842 0.420368
v -0.009225 0.102842 0.440700
v 0.244307 0.233143 0.394063
v -0.011317 0.233143 0.414396
v 0.267132 0.102842 0.681025
v 0.013600 0.233143 0.727662
v 0.011508 0.102842 0.701357
v 0.269225 0.233143 0.707330
v -0.816862 0.475569 0.478469
v -0.791945 0.475569 0.791735
v -0.816862 0.637187 0.478469
v -0.791945 0.637187 0.791735
v -0.800667 0.726974 0.682092
v -0.808141 0.726974 0.588112
v -0.791945 0.637187 0.791735
v -0.561236 0.637187 0.458136
v -0.816862 0.475569 0.478469
v -0.816862 0.637187 0.478469
v -0.561236 0.475569 0.458136
v -0.746915 0.699465 0.549350
v -0.808141 0.726974 0.588112
v -0.752577 0.641103 0.478167
v -0.552515 0.726974 0.567780
v -0.619101 0.699465 0.539184
v -0.624763 0.641103 0.468001
v -0.816862 0.390271 0.478469
v -0.791945 0.457612 0.791735
v -0.816862 0.457612 0.478469
v -0.791945 0.390271 0.791735
v -0.812709 0.337894 0.530680
v -0.796098 0.337894 0.739524
v -0.816862 0.390271 0.478469
v -0.812709 0.285519 0.530680
v -0.796098 0.337894 0.739524
v -0.796098 0.285519 0.739524
v -0.816862 0.233143 0.478469
v -0.812709 0.285519 0.530680
v -0.791945 0.233143 0.791735
v -0.814770 0.102842 0.504774
v -0.791945 0.233143 0.791735
v -0.816862 0.233143 0.478469
v -0.794037 0.102842 0.765431
v -0.791945 0.475569 0.791735
v -0.536318 0.475569 0.771403
v -0.791945 0.637187 0.791735
v -0.536318 0.637187 0.771403
v -0.606268 0.699465 0.700522
v -0.600606 0.641103 0.771704
v -0.545040 0.726974 0.661759
v -0.561236 0.390271 0.458136
v -0.816862 0.457612 0.478469
v -0.561236 0.457612 0.458136
v -0.816862 0.390271 0.478469
v -0.791945 0.390271 0.791735
v -0.536318 0.390271 0.771403
v -0.536318 0.457612 0.771403
v -0.791945 0.457612 0.791735
v -0.816862 0.457612 0.478469
v -0.791945 0.457612 0.791735
v -0.802836 0.466590 0.493115
v -0.780410 0.466590 0.775055
v 0.269225 0.475569 0.707330
v 0.269225 0.637187 0.707330
v 0.013600 0.475569 0.727662
v 0.013600 0.637187 0.727662
v -0.011317 0.637187 0.414396
v 0.244307 0.637187 0.394063
v 0.244307 0.475569 0.394063
v -0.011317 0.475569 0.414396
v 0.244307 0.390271 0.394063
v -0.011317 0.390271 0.414396
v 0.244307 0.457612 0.394063
v -0.011317 0.457612 0.414396
v 0.269225 0.390271 0.707330
v 0.013600 0.457612 0.727662
v 0.013600 0.390271 0.727662
v 0.269225 0.457612 0.707330
v -0.090961 0.569847 0.427365
v -0.407664 0.419333 0.452556
v -0.458167 0.569847 0.456573
v -0.458167 0.469998 0.456573
v -0.141466 0.419333 0.431383
v -0.090961 0.469998 0.427365
v -0.383795 0.419333 0.752636
v -0.067093 0.569847 0.727445
v -0.434299 0.569847 0.756653
v -0.434299 0.469998 0.756653
v -0.117598 0.419333 0.731463
v -0.067093 0.469998 0.727445
v -0.407664 0.720359 0.452556
v -0.458167 0.569847 0.456573
v -0.458167 0.669693 0.456573
v -0.158090 0.720359 0.432705
v -0.090961 0.569847 0.427365
v -0.134222 0.720359 0.732785
v -0.434299 0.569847 0.756653
v -0.067093 0.569847 0.727445
v -0.383795 0.720359 0.752636
v -0.434299 0.669693 0.756653
v 0.535230 0.115391 0.626504
v -3.297106 0.165052 0.939938
v -3.297786 0.115391 0.931383
v 0.535910 0.165052 0.635059
v 0.519648 0.115391 0.430608
v -3.313368 0.115391 0.735487
v 0.518967 0.165052 0.422052
v -3.314049 0.165052 0.726931
v -0.536318 0.457612 0.771403
v -0.780410 0.466590 0.775055
v -0.791945 0.457612 0.791735
v -0.550346 0.466590 0.756756
v -0.802836 0.466590 0.493115
v -0.561236 0.457612 0.458136
v -0.816862 0.457612 0.478469
v -0.572772 0.466590 0.474815
v 0.013600 0.457612 0.727662
v 0.269225 0.457612 0.707330
v 0.255198 0.466590 0.692682
v 0.025134 0.466590 0.710982
v 0.244307 0.457612 0.394063
v -0.011317 0.457612 0.414396
v 0.002709 0.466590 0.429042
v 0.232773 0.466590 0.410742
v -0.561236 0.233143 0.458136
v -0.816862 0.233143 0.478469
v -0.812709 0.285519 0.530680
v -0.557083 0.285519 0.510348
v -0.812709 0.337894 0.530680
v -0.557083 0.337894 0.510348
v -0.816862 0.390271 0.478469
v -0.561236 0.390271 0.458136
v -0.540471 0.285519 0.719191
v -0.796098 0.285519 0.739524
v -0.791945 0.233143 0.791735
v -0.536318 0.233143 0.771403
v -0.540471 0.337894 0.719191
v -0.796098 0.337894 0.739524
v -0.536318 0.390271 0.771403
v -0.791945 0.390271 0.791735
v -0.011317 0.233143 0.414396
v 0.248460 0.285519 0.446275
v 0.244307 0.233143 0.394063
v -0.007165 0.285519 0.466607
v 0.248460 0.337894 0.446275
v -0.007165 0.337894 0.466607
v 0.244307 0.390271 0.394063
v -0.011317 0.390271 0.414396
v 0.013600 0.233143 0.727662
v 0.269225 0.233143 0.707330
v 0.009447 0.285519 0.675451
v 0.265072 0.285519 0.655118
v 0.009447 0.337894 0.675451
v 0.265072 0.337894 0.655118
v 0.013600 0.390271 0.727662
v 0.269225 0.390271 0.707330
v 2.401853 -0.837715 0.248154
v 2.558789 -0.675063 0.234146
v 2.521764 -0.805858 0.237854
v 2.579885 -0.675063 0.499362
v 2.422708 -0.837715 0.510339
v 2.542738 -0.805858 0.501553
v 1.029106 0.828048 0.394062
v 1.111727 0.742634 0.387491
v 1.029106 0.742634 0.394062
v 1.111727 0.834782 0.387491
v 1.094438 0.845377 0.388866
v 1.044155 0.742634 0.583266
v 1.126777 0.742634 0.576695
v 1.044155 0.828048 0.583266
v 1.126777 0.834782 0.576695
v 1.109488 0.845377 0.578070
v -0.550346 0.466590 0.756756
v -0.561236 0.457612 0.458136
v -0.572772 0.466590 0.474815
v -0.536318 0.457612 0.771403
v -1.856516 0.834782 0.813989
v -1.773895 0.828048 0.807418
v -1.839228 0.845377 0.812614
v -1.856516 0.742634 0.813989
v -1.773895 0.742634 0.807418
v -1.871566 0.834782 0.624784
v -1.788944 0.828048 0.618212
v -1.871566 0.742634 0.624784
v -1.788944 0.742634 0.618212
v -1.854278 0.845377 0.623409
v -0.536318 0.637187 0.771403
v -0.561236 0.475569 0.458136
v -0.561236 0.637187 0.458136
v -0.536318 0.475569 0.771403
v -0.552515 0.726974 0.567780
v -0.545040 0.726974 0.661759
v -0.561236 0.637187 0.458136
v -0.536318 0.390271 0.771403
v -0.561236 0.390271 0.458136
v -0.561236 0.457612 0.458136
v -0.536318 0.457612 0.771403
v -0.540471 0.337894 0.719191
v -0.557083 0.337894 0.510348
v -0.536318 0.390271 0.771403
v -0.557083 0.337894 0.510348
v -0.540471 0.285519 0.719191
v -0.557083 0.285519 0.510348
v -0.536318 0.233143 0.771403
v -0.561236 0.233143 0.458136
v -0.540471 0.285519 0.719191
v -0.538411 0.102842 0.745098
v -0.559143 0.102842 0.484441
v -0.561236 0.233143 0.458136
v -0.536318 0.233143 0.771403
v -0.458167 0.669693 0.456573
v -0.383795 0.720359 0.752636
v -0.407664 0.720359 0.452556
v -0.434299 0.669693 0.756653
v -0.791945 0.475569 0.791735
v -0.816862 0.475569 0.478469
v -0.780410 0.466590 0.775055
v -0.802836 0.466590 0.493115
v -0.090961 0.469998 0.427365
v -0.117598 0.419333 0.731463
v -0.141466 0.419333 0.431383
v -0.067093 0.469998 0.727445
v -0.407664 0.419333 0.452556
v -0.383795 0.419333 0.752636
v -0.141466 0.419333 0.431383
v 2.321783 -0.024549 0.591133
v 2.666032 -0.024549 0.563751
v 2.636417 0.116821 0.509960
v 2.317345 0.116821 0.535339
v 2.612935 0.116821 0.214744
v 2.289426 -0.024549 0.184330
v 2.293864 0.116821 0.240123
v 2.633675 -0.024549 0.156948
v -0.816862 0.475569 0.478469
v -0.561236 0.475569 0.458136
v -0.802836 0.466590 0.493115
v -0.572772 0.466590 0.474815
v -0.536318 0.475569 0.771403
v -0.780410 0.466590 0.775055
v -0.550346 0.466590 0.756756
v -0.791945 0.475569 0.791735
v -0.011317 0.475569 0.414396
v 0.244307 0.475569 0.394063
v 0.232773 0.466590 0.410742
v 0.002709 0.466590 0.429042
v 0.269225 0.475569 0.707330
v 0.025134 0.466590 0.710982
v 0.255198 0.466590 0.692682
v 0.013600 0.475569 0.727662
v -0.202615 0.569847 0.331936
v -0.229381 0.634667 0.334064
v -0.226355 0.634667 0.372104
v -0.290973 0.661517 0.377244
v -0.293999 0.661517 0.339204
v -0.199590 0.569847 0.369975
v -0.229381 0.505024 0.334064
v -0.226355 0.505024 0.372104
v -0.293999 0.478174 0.339204
v -0.290973 0.478174 0.377244
v -0.358616 0.505024 0.344344
v -0.355590 0.505024 0.382383
v -0.385380 0.569847 0.346473
v -0.382354 0.569847 0.384512
v -0.358616 0.634667 0.344344
v -0.355590 0.634667 0.382383
v -0.293999 0.661517 0.339204
v -0.290973 0.661517 0.377244
v -0.624763 0.641103 0.468001
v -0.600606 0.641103 0.771704
v -0.619101 0.699465 0.539184
v -0.606268 0.699465 0.700522
v -0.561236 0.475569 0.458136
v -0.536318 0.475569 0.771403
v -0.572772 0.466590 0.474815
v -0.550346 0.466590 0.756756
v 1.031078 0.742634 0.418850
v 1.113699 0.742634 0.412278
v 1.031078 0.828048 0.418850
v 1.113699 0.834782 0.412278
v 1.096410 0.845377 0.413653
v 1.124805 0.834782 0.551910
v 1.042184 0.828048 0.558481
v 1.107516 0.845377 0.553285
v 1.042184 0.828048 0.558481
v 1.124805 0.834782 0.551910
v 1.124805 0.742634 0.551910
v 1.042184 0.742634 0.558481
v -1.858488 0.834782 0.789202
v -1.775866 0.828048 0.782630
v -1.858488 0.742634 0.789202
v -1.775866 0.742634 0.782630
v -1.841200 0.845377 0.787827
v -1.786973 0.828048 0.642999
v -1.869594 0.742634 0.649570
v -1.786973 0.742634 0.642999
v -1.869594 0.834782 0.649570
v -1.869594 0.834782 0.649570
v -1.786973 0.828048 0.642999
v -1.852306 0.845377 0.648195
v -2.415168 -0.166460 0.848007
v -2.546609 -0.166460 0.858461
v -2.415178 -0.233438 0.847874
v -2.546619 -0.233438 0.858329
v -2.411414 -0.317672 0.895197
v -2.542855 -0.317672 0.905652
v -2.428571 -0.166460 0.679505
v -2.560001 -0.233438 0.690092
v -2.560011 -0.166460 0.689960
v -2.428560 -0.233438 0.679637
v -2.563765 -0.317672 0.642770
v -2.432324 -0.317672 0.632315
v -2.962837 -0.166460 0.891568
v -3.094278 -0.166460 0.902023
v -2.962847 -0.233438 0.891436
v -3.094288 -0.233438 0.901891
v -2.959083 -0.317672 0.938759
v -3.090524 -0.317672 0.949213
v -2.976239 -0.166460 0.723067
v -3.107670 -0.233438 0.733654
v -3.107680 -0.166460 0.733522
v -2.976229 -0.233438 0.723199
v -3.111434 -0.317672 0.686332
v -2.979993 -0.317672 0.675877
v -0.728420 0.641103 0.781870
v -0.752577 0.641103 0.478167
v -0.734082 0.699465 0.710688
v -0.746915 0.699465 0.549350
v -0.346512 0.661847 0.678158
v -0.264936 0.661847 0.704590
v -0.346513 0.774146 0.678157
v -0.264936 0.774146 0.704587
v -0.385508 0.661847 0.601783
v -0.385508 0.774146 0.601783
v -0.359076 0.661847 0.520205
v -0.359076 0.774146 0.520204
v -0.282704 0.774145 0.481209
v -0.282704 0.661847 0.481210
v -0.201124 0.774145 0.507640
v -0.201123 0.661847 0.507642
v -0.162129 0.661847 0.584015
v -0.162129 0.774146 0.584015
v -0.188560 0.774146 0.665593
v -0.188560 0.661847 0.665594
v -0.264936 0.774146 0.704587
v -0.264936 0.661847 0.704590
v -0.345500 0.490620 0.690892
v -0.266525 0.457803 0.684610
v -0.336595 0.490620 0.802837
v -0.257621 0.457805 0.796556
v -0.369309 0.569847 0.805438
v -0.378213 0.569847 0.693494
v -0.345500 0.649072 0.690892
v -0.336596 0.649073 0.802836
v -0.257621 0.681887 0.796554
v -0.266525 0.681887 0.684610
v -0.178643 0.649072 0.790272
v -0.187547 0.649072 0.678328
v -0.145931 0.569847 0.787670
v -0.154835 0.569847 0.675726
v -0.187547 0.490620 0.678328
v -0.178643 0.490620 0.790274
v -0.257621 0.457805 0.796556
v -0.266525 0.457803 0.684610
v -0.434299 0.469998 0.756653
v -0.458167 0.469998 0.456573
v -0.407664 0.419333 0.452556
v -0.383795 0.419333 0.752636
v -0.458167 0.469998 0.456573
v -0.434299 0.469998 0.756653
v -0.458167 0.569847 0.456573
v -0.434299 0.569847 0.756653
v -0.458167 0.669693 0.456573
v -0.434299 0.669693 0.756653
v 0.518967 0.165052 0.422052
v -3.314049 0.165052 0.726931
v -3.309269 0.189594 0.787027
v 0.523747 0.189594 0.482148
v -3.301886 0.189594 0.879844
v 0.531130 0.189594 0.574964
v -3.297106 0.165052 0.939938
v 0.535910 0.165052 0.635059
v -0.169637 0.654113 0.839913
v -0.162258 0.569847 0.839326
v -0.189023 0.634667 0.841455
v -0.134843 0.569847 0.837145
v -0.253641 0.689018 0.846594
v -0.169637 0.485579 0.839913
v -0.253641 0.661517 0.846594
v -0.189023 0.505024 0.841455
v -0.253641 0.450673 0.846594
v -0.253641 0.478174 0.846594
v -0.337642 0.654113 0.853276
v -0.318258 0.634667 0.851734
v -0.372436 0.569847 0.856043
v -0.345022 0.569847 0.853863
v -0.318258 0.505024 0.851734
v -0.337642 0.485579 0.853276
v -0.253641 0.478174 0.846594
v -0.253641 0.450673 0.846594
v -0.209995 0.485579 0.332523
v -0.202615 0.569847 0.331936
v -0.229381 0.505024 0.334064
v -0.175201 0.569847 0.329755
v -0.293999 0.450673 0.339204
v -0.209995 0.654113 0.332523
v -0.293999 0.478174 0.339204
v -0.229381 0.634667 0.334064
v -0.293999 0.689018 0.339204
v -0.293999 0.661517 0.339204
v -0.378000 0.485579 0.345886
v -0.358616 0.505024 0.344344
v -0.412794 0.569847 0.348653
v -0.385380 0.569847 0.346473
v -0.358616 0.634667 0.344344
v -0.378000 0.654113 0.345886
v -0.293999 0.661517 0.339204
v -0.293999 0.689018 0.339204
v 2.528795 0.175487 0.369979
v 2.305604 0.175487 0.387731
v 2.317345 0.116821 0.535339
v 2.636417 0.116821 0.509960
v 2.528795 0.175487 0.369979
v 2.293864 0.116821 0.240123
v 2.612935 0.116821 0.214744
v -5.415539 0.095254 0.775121
v -5.125921 0.095254 0.978837
v -5.081715 0.095254 0.748568
v -5.018872 0.095254 0.828293
v -5.586442 0.095254 1.015467
v -5.379694 0.095254 1.225775
v -5.045870 0.095254 1.199222
v -4.996420 0.095254 1.110566
v -0.746915 0.699465 0.549350
v -0.619101 0.699465 0.539184
v -0.606268 0.699465 0.700522
v -0.734082 0.699465 0.710688
v 0.186443 0.699465 0.475110
v 0.071464 0.699465 0.646615
v 0.058631 0.699465 0.485277
v 0.199276 0.699465 0.636449
v -0.011317 0.457612 0.414396
v 0.013600 0.457612 0.727662
v 0.025134 0.466590 0.710982
v 0.002709 0.466590 0.429042
v -0.162258 0.569847 0.839326
v -0.192049 0.505024 0.803415
v -0.165283 0.569847 0.801286
v -0.189023 0.505024 0.841455
v -0.256667 0.478174 0.808555
v -0.253641 0.478174 0.846594
v -0.189023 0.634667 0.841455
v -0.192049 0.634667 0.803415
v -0.253641 0.661517 0.846594
v -0.256667 0.661517 0.808555
v -0.318258 0.634667 0.851734
v -0.321283 0.634667 0.813695
v -0.345022 0.569847 0.853863
v -0.348048 0.569847 0.815823
v -0.318258 0.505024 0.851734
v -0.321283 0.505024 0.813695
v -0.253641 0.478174 0.846594
v -0.256667 0.478174 0.808555
v -0.248836 0.450673 0.907010
v -0.337642 0.485579 0.853276
v -0.253641 0.450673 0.846594
v -0.332837 0.485579 0.913691
v -0.372436 0.569847 0.856043
v -0.367631 0.569847 0.916459
v -0.337642 0.654113 0.853276
v -0.332837 0.654113 0.913691
v -0.253641 0.689018 0.846594
v -0.248836 0.689018 0.907010
v -0.169637 0.654113 0.839913
v -0.164832 0.654113 0.900328
v -0.134843 0.569847 0.837145
v -0.130038 0.569847 0.897560
v -0.169637 0.485579 0.839913
v -0.164832 0.485579 0.900328
v -0.253641 0.450673 0.846594
v -0.248836 0.450673 0.907010
v -0.298804 0.689018 0.278789
v -0.382805 0.654113 0.285470
v -0.378000 0.654113 0.345886
v -0.293999 0.689018 0.339204
v -0.412794 0.569847 0.348653
v -0.417600 0.569847 0.288238
v -0.378000 0.485579 0.345886
v -0.382805 0.485579 0.285470
v -0.293999 0.450673 0.339204
v -0.298804 0.450673 0.278789
v -0.209995 0.485579 0.332523
v -0.214801 0.485579 0.272107
v -0.175201 0.569847 0.329755
v -0.180006 0.569847 0.269340
v -0.209995 0.654113 0.332523
v -0.214801 0.654113 0.272107
v -0.293999 0.689018 0.339204
v -0.298804 0.689018 0.278789
v -0.264371 0.824341 0.711696
v -0.264371 0.884949 0.711696
v -0.351140 0.824341 0.683582
v -0.351140 0.884949 0.683582
v -0.392615 0.824341 0.602348
v -0.392615 0.884949 0.602348
v -0.364503 0.824341 0.515580
v -0.364503 0.884949 0.515580
v -0.283269 0.824341 0.474101
v -0.283269 0.884949 0.474101
v -0.196498 0.824341 0.502217
v -0.196498 0.884949 0.502217
v -0.155022 0.824341 0.583450
v -0.155022 0.884949 0.583450
v -0.183135 0.824341 0.670219
v -0.183135 0.884949 0.670219
v -0.264371 0.824341 0.711696
v -0.264371 0.884949 0.711696
v 0.013600 0.475569 0.727662
v -0.011317 0.475569 0.414396
v 0.002709 0.466590 0.429042
v 0.025134 0.466590 0.710982
v -0.196498 0.824341 0.502217
v -0.182437 0.824341 0.585631
v -0.214342 0.824341 0.523143
v -0.155022 0.824341 0.583450
v -0.283269 0.824341 0.474101
v -0.183135 0.824341 0.670219
v -0.281089 0.824341 0.501517
v -0.204062 0.824341 0.652376
v -0.264371 0.824341 0.711696
v -0.266551 0.824341 0.684281
v -0.364503 0.824341 0.515580
v -0.343576 0.824341 0.533422
v -0.392615 0.824341 0.602348
v -0.365201 0.824341 0.600168
v -0.333297 0.824341 0.662656
v -0.351140 0.824341 0.683582
v -0.266551 0.824341 0.684281
v -0.264371 0.824341 0.711696
v -1.775866 0.742634 0.782630
v -1.775866 0.828048 0.782630
v -1.773895 0.828048 0.807418
v -1.773895 0.742634 0.807418
v -1.839228 0.845377 0.812614
v -1.841200 0.845377 0.787827
v -1.856516 0.834782 0.813989
v -1.858488 0.834782 0.789202
v -1.852306 0.845377 0.648195
v -1.788944 0.828048 0.618212
v -1.854278 0.845377 0.623409
v -1.869594 0.834782 0.649570
v -1.871566 0.834782 0.624784
v -1.786973 0.828048 0.642999
v -1.788944 0.742634 0.618212
v -1.786973 0.742634 0.642999
v 0.013600 0.637187 0.727662
v -0.011317 0.637187 0.414396
v -0.011317 0.475569 0.414396
v 0.013600 0.475569 0.727662
v -0.011317 0.637187 0.414396
v 0.013600 0.637187 0.727662
v -0.002596 0.726974 0.524039
v 0.004879 0.726974 0.618019
v 0.013600 0.390271 0.727662
v -0.011317 0.457612 0.414396
v -0.011317 0.390271 0.414396
v 0.013600 0.457612 0.727662
v 0.013600 0.390271 0.727662
v 0.009447 0.337894 0.675451
v -0.007165 0.337894 0.466607
v -0.007165 0.337894 0.466607
v 0.009447 0.285519 0.675451
v -0.007165 0.285519 0.466607
v -0.011317 0.233143 0.414396
v 0.013600 0.233143 0.727662
v 0.009447 0.285519 0.675451
v 0.011508 0.102842 0.701357
v -0.011317 0.233143 0.414396
v -0.009225 0.102842 0.440700
v 0.013600 0.233143 0.727662
v 0.180781 0.641103 0.403927
v 0.199276 0.699465 0.636449
v 0.186443 0.699465 0.475110
v 0.204938 0.641103 0.707630
v 1.029106 0.828048 0.394062
v 1.029106 0.742634 0.394062
v 1.031078 0.742634 0.418850
v 1.031078 0.828048 0.418850
v 1.094438 0.845377 0.388866
v 1.096410 0.845377 0.413653
v 1.111727 0.834782 0.387491
v 1.113699 0.834782 0.412278
v 1.107516 0.845377 0.553285
v 1.042184 0.828048 0.558481
v 1.044155 0.828048 0.583266
v 1.044155 0.742634 0.583266
v 1.042184 0.742634 0.558481
v 1.109488 0.845377 0.578070
v 1.124805 0.834782 0.551910
v 1.126777 0.834782 0.576695
v -2.421869 -0.361625 0.763756
v -2.415178 -0.233438 0.847874
v -2.411414 -0.317672 0.895197
v -2.421869 -0.203310 0.763756
v -2.415168 -0.166460 0.848007
v -2.428560 -0.233438 0.679637
v -2.428571 -0.166460 0.679505
v -2.432324 -0.317672 0.632315
v -2.969538 -0.361625 0.807318
v -2.962847 -0.233438 0.891436
v -2.959083 -0.317672 0.938759
v -2.969538 -0.203310 0.807318
v -2.962837 -0.166460 0.891568
v -2.976229 -0.233438 0.723199
v -2.976239 -0.166460 0.723067
v -2.979993 -0.317672 0.675877
v 2.305604 -0.844843 0.387731
v 2.321783 -0.024549 0.591133
v 2.289426 -0.024549 0.184330
v 2.316032 -0.844843 0.518824
v 2.295177 -0.844843 0.256639
v 2.305604 0.175487 0.387731
v 2.293864 0.116821 0.240123
v 2.317345 0.116821 0.535339
v -5.018872 -0.153388 0.828293
v -5.018872 0.095254 0.828293
v -5.125921 0.095254 0.978837
v -5.125921 -0.153388 0.978837
v -5.125921 -0.153388 0.978837
v -5.125921 0.095254 0.978837
v -4.996420 0.095254 1.110566
v -4.996420 -0.153388 1.110566
v -5.018872 0.095254 0.828293
v -5.081715 -0.153388 0.748568
v -5.081715 0.095254 0.748568
v -5.018872 -0.153388 0.828293
v -4.996420 -0.153388 1.110566
v -4.996420 0.095254 1.110566
v -5.045870 0.095254 1.199222
v -5.045870 -0.153388 1.199222
v -5.351810 -0.116971 0.770052
v -5.351810 0.058837 0.770052
v -5.518248 0.058837 1.010043
v -5.518248 -0.116971 1.010043
v -5.315966 -0.116971 1.220706
v -5.315966 0.058837 1.220706
v -5.315966 -0.116971 1.220706
v -5.299179 -0.116971 0.992618
v -5.096899 -0.116971 1.203281
v -5.351810 -0.116971 0.770052
v -5.132744 -0.116971 0.752627
v -5.351810 0.058837 0.770052
v -5.299179 0.058837 0.992618
v -5.132744 0.058837 0.752627
v -5.315966 0.058837 1.220706
v -5.096899 0.058837 1.203281
vn -0.4727 0.8804 0.0381
vn -0.6287 -0.4909 0.6032
vn -0.4727 -0.8804 0.0381
vn -0.6284 0.4909 0.6034
vn -0.7159 -0.4909 -0.4965
vn -0.7161 0.4909 -0.4962
vn -0.8149 0.0005 -0.5795
vn -0.8150 -0.0000 -0.5795
vn -0.7131 0.0005 0.7011
vn -0.7131 -0.0000 0.7010
vn 0.9535 -0.2918 -0.0753
vn 0.9892 -0.1240 -0.0782
vn 0.9911 -0.1070 -0.0788
vn 0.9521 -0.2965 -0.0752
vn 0.9535 -0.2918 -0.0758
vn 0.9912 -0.1070 -0.0783
vn 0.9934 -0.0839 -0.0785
vn 0.9899 -0.1180 -0.0782
vn 0.9262 0.3699 -0.0732
vn 0.9934 -0.0835 -0.0785
vn 0.9900 -0.1177 -0.0782
vn 0.8230 0.5644 -0.0649
vn 0.8230 0.5644 -0.0650
vn 0.9912 -0.1067 -0.0783
vn 0.9828 0.1675 -0.0777
vn 0.9816 0.1744 -0.0781
vn 0.9893 -0.1236 -0.0782
vn 0.9912 -0.1067 -0.0788
vn 0.9816 0.1744 -0.0776
vn 0.9816 0.1745 -0.0776
vn 0.9966 0.0233 -0.0788
vn 0.9967 0.0191 -0.0788
vn 0.9816 0.1745 -0.0781
vn -0.9968 0.0005 0.0798
vn 0.7000 -0.7120 -0.0552
vn 0.9967 0.0188 -0.0788
vn 0.6986 -0.7134 -0.0551
vn 0.9966 0.0229 -0.0788
vn 0.1616 -0.9868 -0.0129
vn 0.1614 -0.9868 -0.0128
vn 0.0663 -0.9978 -0.0053
vn 0.1614 -0.9868 -0.0126
vn 0.0659 -0.9978 -0.0049
vn 0.9969 0.0005 -0.0788
vn 0.8695 0.4891 -0.0686
vn 0.5191 0.8537 -0.0413
vn 0.8229 0.5645 -0.0650
vn -0.8694 0.4891 0.0696
vn 0.9969 0.0005 -0.0787
vn -0.0735 -0.3601 -0.9300
vn -0.0736 -0.3601 -0.9300
vn 0.0005 -1.0000 0.0005
vn 0.0745 -0.3601 0.9299
vn 0.0744 -0.3601 0.9299
vn 0.5718 0.8191 -0.0455
vn 0.5721 0.8189 -0.0449
vn 0.5422 0.8391 -0.0428
vn 0.9749 0.2088 -0.0775
vn 0.5422 0.8391 -0.0426
vn 0.9749 0.2087 -0.0772
vn 0.9211 -0.3825 -0.0727
vn 0.9211 -0.3825 -0.0728
vn -0.0000 -1.0000 -0.0000
vn 0.0005 -1.0000 0.0004
vn 0.0005 1.0000 0.0004
vn 0.5718 -0.8191 -0.0455
vn 0.3871 0.8610 0.3300
vn 0.0408 0.8611 0.5068
vn 0.0408 0.8611 0.5069
vn 0.5071 0.8610 -0.0403
vn 0.3304 0.8606 -0.3875
vn 0.3300 0.8610 -0.3871
vn -0.0399 0.8611 -0.5069
vn -0.3871 0.8610 -0.3301
vn -0.3871 0.8610 -0.3300
vn -0.5071 0.8610 0.0403
vn -0.5068 0.8611 0.0407
vn -0.3300 0.8609 0.3871
vn -0.7049 0.7071 0.0561
vn -0.7049 -0.7071 0.0561
vn 0.7049 -0.7071 -0.0561
vn 0.7049 0.7071 -0.0561
vn 0.0006 1.0000 0.0005
vn 0.7609 -0.0000 0.6488
vn 0.0798 0.0005 0.9968
vn 0.6488 -0.0000 -0.7610
vn 0.6488 -0.0000 -0.7609
vn -0.0788 0.0005 -0.9969
vn -0.7610 -0.0000 -0.6488
vn -0.7609 -0.0000 -0.6488
vn -0.6488 -0.0000 0.7609
vn 0.0795 0.0005 0.9968
vn -0.0271 0.9421 -0.3344
vn 0.0271 0.9421 0.3344
vn -0.0261 0.9421 -0.3344
vn 0.0261 0.9421 0.3344
vn 0.5423 0.8391 -0.0426
vn -0.3812 0.9240 0.0308
vn -0.0787 0.0005 -0.9969
vn -0.0630 -0.0836 -0.9945
vn -0.0629 -0.0836 -0.9945
vn -0.0629 -0.0835 -0.9945
vn -0.0702 0.1460 -0.9868
vn -0.0710 0.1618 -0.9843
vn 0.0950 -0.0836 0.9920
vn 0.0951 -0.0836 0.9920
vn 0.0951 -0.0835 0.9920
vn 0.0867 0.1460 0.9855
vn 0.0855 0.1618 0.9831
vn -0.0501 0.7755 -0.6294
vn -0.0271 0.9420 -0.3345
vn -0.0261 0.9420 -0.3345
vn -0.0505 0.7753 -0.6295
vn 0.0505 0.7753 0.6296
vn 0.0261 0.9420 0.3346
vn 0.0501 0.7755 0.6294
vn 0.0271 0.9420 0.3345
vn -0.0721 0.4286 -0.9006
vn -0.0501 0.7746 -0.6305
vn -0.0712 0.4286 -0.9007
vn 0.0505 0.7745 0.6306
vn 0.0712 0.4286 0.9007
vn 0.0721 0.4286 0.9006
vn 0.0501 0.7747 0.6304
vn -0.0261 0.9420 -0.3346
vn -0.0506 0.7753 -0.6295
vn -0.0501 0.7743 -0.6308
vn -0.0496 0.7754 -0.6295
vn -0.0502 0.7743 -0.6308
vn -0.0505 0.7744 -0.6307
vn 0.0261 0.9420 0.3345
vn 0.0506 0.7753 0.6295
vn 0.0501 0.7743 0.6308
vn 0.0496 0.7753 0.6297
vn 0.0502 0.7743 0.6308
vn 0.0712 0.4285 0.9007
vn 0.0496 0.7753 0.6296
vn 0.4268 -0.3597 0.8297
vn 0.0688 -0.5085 0.8583
vn 0.0688 -0.5084 0.8584
vn 0.5754 -0.0000 0.8179
vn 0.5752 0.0004 0.8180
vn 0.4269 0.3597 0.8297
vn 0.0683 0.5088 0.8582
vn -0.2904 0.3598 0.8867
vn -0.2904 0.3597 0.8867
vn -0.4389 -0.0000 0.8985
vn -0.4386 0.0004 0.8987
vn -0.2903 -0.3597 0.8867
vn 0.0686 -0.5085 0.8583
vn 0.0686 -0.5084 0.8584
vn 0.2903 0.3597 -0.8867
vn -0.0676 0.5085 -0.8584
vn -0.0675 0.5084 -0.8585
vn 0.4389 -0.0000 -0.8985
vn 0.2904 -0.3597 -0.8867
vn 0.2904 -0.3598 -0.8867
vn -0.0683 -0.5088 -0.8582
vn -0.4269 -0.3598 -0.8296
vn -0.5752 0.0004 -0.8180
vn -0.4269 0.3597 -0.8297
vn -0.4269 0.3598 -0.8297
vn -0.0678 0.5085 -0.8584
vn -0.0678 0.5084 -0.8584
vn -0.0777 -0.1985 -0.9770
vn -0.0773 -0.1988 -0.9770
vn 0.0777 -0.1985 0.9770
vn 0.0781 -0.1988 0.9769
vn -0.0774 -0.1986 -0.9770
vn -0.0711 0.4285 -0.9008
vn -0.0721 0.4285 -0.9007
vn -0.0506 0.7753 -0.6296
vn -0.0719 0.4286 -0.9006
vn -0.0496 0.7753 -0.6296
vn 0.0711 0.4285 0.9008
vn 0.0721 0.4285 0.9007
vn 0.0506 0.7754 0.6295
vn -0.5718 0.8191 0.0455
vn 0.0781 -0.1703 0.9823
vn 0.0784 -0.1704 0.9822
vn -0.0781 -0.1703 -0.9823
vn 0.0393 0.8683 0.4946
vn -0.0393 0.8682 -0.4946
vn 0.0398 0.8683 0.4944
vn -0.0556 0.7071 -0.7049
vn -0.0733 0.3827 -0.9210
vn -0.0733 -0.3827 -0.9210
vn -0.0561 -0.7071 -0.7049
vn -0.0556 -0.7071 -0.7049
vn 0.0737 0.3826 0.9210
vn 0.0733 0.3827 0.9210
vn 0.0565 0.7071 0.7048
vn 0.0733 -0.3827 0.9210
vn 0.0565 -0.7071 0.7048
vn -0.0729 0.3826 -0.9210
vn 0.0564 0.7071 0.7049
vn 0.0736 0.3826 0.9210
vn 0.0564 -0.7071 0.7049
vn -0.9209 0.3826 0.0738
vn -0.3814 0.9239 0.0308
vn -0.9209 0.3826 0.0737
vn -0.5718 -0.8191 0.0455
vn -0.5721 -0.8189 0.0461
vn 0.9210 -0.3826 -0.0727
vn 0.3815 -0.9239 -0.0299
vn 0.3815 -0.9239 -0.0298
vn 0.9210 -0.3826 -0.0728
vn -0.3812 -0.9240 0.0308
vn 0.3813 -0.9240 -0.0299
vn 0.3813 -0.9240 -0.0298
vn 0.0867 0.1462 0.9854
vn 0.0855 0.1619 0.9831
vn 0.0624 0.6246 0.7784
vn 0.0565 0.7071 0.7049
vn -0.0614 0.6246 -0.7785
vn -0.0702 0.1462 -0.9868
vn -0.0710 0.1619 -0.9842
vn -0.0393 -0.8682 -0.4946
vn -0.0390 -0.8683 -0.4945
vn 0.0398 -0.8683 0.4944
vn 0.0393 -0.8683 0.4946
vn 0.0399 -0.8683 0.4944
vn 0.0003 1.0000 0.0005
vn 0.0798 -0.0024 0.9968
vn 0.0797 -0.0024 0.9968
vn 0.0767 0.2528 0.9645
vn 0.0743 -0.3602 0.9299
vn 0.0744 -0.3602 0.9299
vn -0.0789 -0.0024 -0.9969
vn -0.0767 0.2528 -0.9645
vn -0.0788 -0.0024 -0.9969
vn -0.0736 -0.3602 -0.9300
vn -0.0735 -0.3602 -0.9300
vn 0.0796 -0.0023 0.9968
vn -0.0790 -0.0023 -0.9969
vn -0.0761 0.2524 -0.9646
vn -0.0737 -0.3602 -0.9300
vn -0.6488 0.0005 0.7609
vn 0.0797 0.0005 0.9968
vn 0.0796 0.0005 0.9968
vn -0.7609 0.0005 -0.6488
vn 0.6488 0.0005 -0.7609
vn 0.0004 -1.0000 0.0005
vn -0.7048 0.7071 0.0566
vn 0.7049 -0.7071 -0.0556
vn 0.0007 -1.0000 0.0004
vn -0.9209 -0.3826 0.0737
vn -0.9209 -0.3826 0.0738
vn -0.3814 -0.9239 0.0309
vn -0.3814 -0.9239 0.0308
vn -0.9210 -0.3825 0.0738
vn -0.9210 -0.3825 0.0737
vn -0.9210 0.3825 0.0738
vn -0.9210 0.3825 0.0737
vn -0.0299 0.9262 -0.3759
vn -0.0294 0.9263 -0.3756
vn -0.0152 0.9814 -0.1915
vn 0.0152 0.9814 0.1915
vn 0.0299 0.9262 0.3759
vn 0.0303 0.9263 0.3756
vn 0.0005 1.0000 0.0005
vn 0.0624 0.6247 0.7784
vn 0.0005 1.0000 0.0003
vn -0.0555 0.7071 -0.7049
vn -0.0614 0.6247 -0.7785
vn -0.0000 1.0000 -0.0000
vn -0.5721 0.8189 0.0461
vn 0.0006 -1.0000 0.0005
vn 0.0006 -1.0000 0.0004
vn 0.0003 -1.0000 0.0005
vn 0.0006 1.0000 0.0004
vn 0.7899 0.6101 -0.0628
vn 0.7898 0.6101 -0.0628
vn -0.1440 0.9895 0.0115
vn -0.8694 0.4891 0.0697
vn -0.7898 0.6101 0.0628
vn -0.7899 0.6101 0.0628
vn 0.1438 0.9895 -0.0109
vn 0.1440 0.9895 -0.0115
vn 0.8695 0.4891 -0.0687
vn 0.1438 0.9895 -0.0110
vn 0.8695 0.4891 -0.0689
vn 0.8150 0.0005 0.5795
vn 0.8150 0.0003 0.5795
vn 0.7131 0.0005 -0.7011
vn 0.7131 0.0003 -0.7011
vn 0.7854 -0.0000 -0.6190
vn 0.7855 0.0004 -0.6189
vn 0.8733 -0.0000 0.4871
vn 0.4697 0.8205 0.3258
vn 0.4696 -0.8205 0.3259
vn 0.8059 -0.5886 -0.0636
vn 0.8059 0.5886 -0.0636
vn 0.4122 0.8205 -0.3960
vn 0.4123 -0.8205 -0.3959
vn 0.4122 0.8205 -0.3961
vn -0.6286 0.4909 0.6032
vn 0.4697 0.8205 0.3259
vn 0.4697 -0.8205 0.3259
vn -0.7161 -0.4909 -0.4962
vn 0.4122 -0.8205 -0.3960
vt 0.375000 0.125000
vt 0.625000 0.206818
vt 0.625000 0.125000
vt 0.375000 0.206818
vt 0.625000 0.043182
vt 0.375000 0.043182
vt 0.625000 0.750000
vt 0.375000 0.750000
vt 0.375000 0.625000
vt 0.625000 0.625000
vt 0.375000 0.500000
vt 0.625000 0.500000
vt 0.539573 0.125000
vt 0.506194 0.250000
vt 0.506194 0.125000
vt 0.539573 0.250000
vt 0.506194 0.000000
vt 0.539573 0.000000
vt 0.606330 0.125000
vt 0.606330 0.000000
vt 0.606330 0.250000
vt 0.625000 0.060677
vt 0.625000 0.140169
vt 0.625000 0.219662
vt 0.472815 0.250000
vt 0.472815 0.125000
vt 0.472815 0.000000
vt 0.406058 0.250000
vt 0.406058 0.125000
vt 0.406058 0.000000
vt 0.375000 0.679468
vt 0.445532 0.750000
vt 0.375000 0.570532
vt 0.445532 0.500000
vt 0.168701 0.750000
vt 0.125000 0.625000
vt 0.168701 0.625000
vt 0.125000 0.750000
vt 0.168701 0.500000
vt 0.125000 0.500000
vt 0.212401 0.750000
vt 0.212401 0.625000
vt 0.212401 0.500000
vt 0.500000 0.750000
vt 0.500000 0.500000
vt 0.375000 0.187500
vt 0.625000 0.187500
vt 0.625000 0.250000
vt 0.375000 0.250000
vt 0.375000 0.000000
vt 0.625000 0.000000
vt 0.625000 0.062500
vt 0.375000 0.062500
vt 0.625000 1.000000
vt 0.125000 0.679468
vt 0.445532 1.000000
vt 0.125000 0.570532
vt 0.445532 0.250000
vt 0.400000 0.500000
vt 0.400000 0.750000
vt 0.125000 0.569916
vt 0.125000 0.680084
vt 0.125000 0.648265
vt 0.125000 0.601735
vt 0.387500 0.750000
vt 0.387500 0.500000
vt 0.500000 0.000000
vt 0.500000 0.250000
vt 0.417077 0.000000
vt 0.417077 0.250000
vt 0.181229 0.750000
vt 0.125000 0.703295
vt 0.181229 0.500000
vt 0.125000 0.546705
vt 0.375000 1.000000
vt 0.500000 1.000000
vt 0.250000 1.000000
vt 0.750000 1.000000
vt 0.875000 1.000000
vt 0.125000 1.000000
vt 0.000000 1.000000
vt 1.000000 1.000000
vt 1.000000 0.500000
vt 0.875000 0.500000
vt 0.750000 0.500000
vt 0.250000 0.500000
vt 0.000000 0.500000
vt 0.875000 0.750000
vt 0.653051 0.764026
vt 0.653051 0.485974
vt 0.506194 1.000000
vt 0.472815 1.000000
vt 0.375000 0.912599
vt 0.406058 1.000000
vt 0.606330 0.750000
vt 0.539573 1.000000
vt 0.606330 1.000000
vt 0.375000 0.337401
vt 0.606330 0.500000
vt 0.625000 0.937500
vt 0.625000 0.812500
vt 0.625000 0.312500
vt 0.625000 0.437500
vt 0.375000 0.680084
vt 0.375000 0.569916
vt 0.402778 0.914151
vt 0.597222 0.914151
vt 0.625000 0.943771
vt 0.597222 0.786991
vt 0.375000 0.943771
vt 0.402778 0.786991
vt 0.375000 0.306229
vt 0.402778 0.463009
vt 0.402778 0.335849
vt 0.597222 0.463009
vt 0.625000 0.306229
vt 0.597222 0.335849
vt 0.400000 1.000000
vt 0.400000 0.250000
vt 0.352077 0.761462
vt 0.417077 0.750000
vt 0.375000 0.965615
vt 0.417077 1.000000
vt 0.352077 0.488538
vt 0.417077 0.500000
vt 0.375000 0.284385
vt 0.582923 0.750000
vt 0.582923 0.500000
vt 0.387500 0.250000
vt 0.387500 1.000000
vt 0.390529 0.956299
vt 0.390529 0.293701
vt 0.625000 0.875000
vt 0.625000 0.375000
vt 0.387500 0.000000
vt 0.400000 0.000000
vt 0.159385 0.500000
vt 0.159385 0.750000
vt 0.625000 0.540451
vt 0.625000 0.709549
vt 0.375000 0.687500
vt 0.625000 0.687500
vt 0.875000 0.687500
vt 0.750000 0.687500
vt 0.875000 0.562500
vt 0.625000 0.562500
vt 0.750000 0.562500
vt 0.375000 0.562500
vt 0.375000 0.601735
vt 0.375000 0.648265
vt 0.875000 0.625000
vt 0.875000 0.560677
vt 0.875000 0.689323
vt 0.818771 0.750000
vt 0.875000 0.703295
vt 0.818771 0.500000
vt 0.875000 0.546705
vt 0.750000 0.750000
vt 0.375000 0.046705
vt 0.625000 0.046705
vt 0.625000 0.203295
vt 0.375000 0.203295
vt 0.375000 0.706818
vt 0.625000 0.706818
vt 0.375000 0.543182
vt 0.625000 0.543182
vt 0.125000 0.543182
vt 0.125000 0.706818
vt 0.875000 0.706818
vt 0.875000 0.543182
s 1
f 354/95/251 355/96/252 356/97/253
f 355/96/252 354/95/251 357/98/254
f 358/99/255 354/95/251 356/97/253
f 358/99/255 359/100/256 354/95/251
f 360/101/257 361/102/258 362/103/257
f 360/101/257 362/103/257 363/104/258
f 364/104/259 365/103/260 366/105/259
f 364/104/259 366/105/259 367/106/260
f 368/107/261 369/108/262 370/109/263
f 369/108/262 368/107/261 371/110/264
f 372/111/262 373/107/265 370/109/266
f 374/112/264 373/107/265 372/111/262
f 375/112/264 376/113/267 377/107/261
f 376/113/267 375/112/264 378/114/268
f 379/113/267 380/110/264 377/107/265
f 380/110/264 379/113/267 381/115/268
f 382/116/269 383/113/270 384/114/271
f 383/113/270 382/116/269 385/117/272
f 386/118/269 387/113/270 385/117/273
f 387/113/270 386/118/269 388/115/271
f 389/109/274 390/119/275 391/120/276
f 390/119/275 389/109/274 392/108/277
f 393/121/275 394/109/278 391/120/279
f 395/111/277 394/109/278 393/121/275
f 396/120/280 397/122/281 398/123/282
f 397/122/281 396/120/280 399/119/275
f 400/124/281 401/120/283 398/123/282
f 402/121/275 401/120/283 400/124/281
f 403/106/284 404/101/284 405/125/284
f 405/125/284 404/101/284 406/126/284
f 407/127/284 403/106/284 405/125/284
f 403/106/284 407/127/284 408/128/284
f 409/129/285 410/130/286 411/131/287
f 410/130/286 409/129/285 412/132/288
f 410/130/286 413/133/285 411/131/287
f 413/133/285 410/130/286 414/134/288
f 411/131/287 415/135/289 416/129/285
f 415/135/289 411/131/287 417/136/290
f 418/102/291 415/135/289 417/136/290
f 418/102/291 417/136/290 419/103/291
f 411/131/287 420/137/292 417/136/290
f 419/103/291 417/136/290 420/137/292
f 420/137/292 411/131/287 421/133/285
f 419/103/291 420/137/292 422/105/293
f 423/138/284 424/103/284 425/104/284
f 424/103/284 423/138/284 426/102/284
f 425/104/284 427/101/284 423/138/284
f 424/103/284 428/139/284 425/104/284
f 428/139/284 429/106/284 425/104/284
f 428/139/284 424/103/284 430/105/284
f 431/138/284 432/103/284 433/104/284
f 432/103/284 431/138/284 434/102/284
f 433/104/284 435/101/284 431/138/284
f 432/103/284 436/139/284 433/104/284
f 436/139/284 437/106/284 433/104/284
f 436/139/284 432/103/284 438/105/284
f 439/140/294 440/141/295 441/142/295
f 439/140/294 441/142/295 442/143/294
f 443/144/294 444/145/295 445/146/295
f 443/144/294 445/146/295 446/147/294
f 447/117/296 448/118/269 449/117/297
f 449/117/297 450/116/269 447/117/296
f 451/142/298 452/143/284 453/140/284
f 451/142/298 453/140/284 454/141/298
f 455/146/298 456/147/284 457/144/284
f 455/146/298 457/144/284 458/145/298
f 459/148/294 460/149/294 461/150/299
f 460/149/294 459/148/294 462/142/294
f 460/149/294 462/142/294 463/151/294
f 462/142/294 464/152/294 463/151/294
f 465/101/294 466/153/294 467/154/294
f 466/153/294 465/101/294 468/106/294
f 469/106/294 470/101/294 471/101/294
f 472/106/294 470/101/294 469/106/294
f 473/102/294 474/105/294 475/102/294
f 475/102/294 474/105/294 476/105/294
f 477/102/294 476/105/294 478/105/294
f 479/102/294 476/105/294 477/102/294
f 477/102/299 480/105/294 481/102/294
f 481/102/294 480/105/294 482/105/299
f 483/102/294 482/105/294 484/105/294
f 482/105/294 483/102/294 485/102/294
f 486/102/294 487/105/294 488/102/294
f 488/102/294 487/105/294 489/105/294
f 490/102/300 491/132/301 492/130/302
f 490/102/300 492/130/302 493/103/302
f 493/103/302 492/130/302 494/134/303
f 493/103/302 494/134/303 495/105/304
f 496/102/300 497/132/300 498/130/302
f 496/102/300 498/130/302 499/103/302
f 499/103/302 498/130/302 500/134/303
f 499/103/302 500/134/303 501/105/304
f 502/155/294 503/156/294 504/157/294
f 502/155/294 504/157/294 505/158/294
f 506/105/305 507/102/305 508/159/306
f 506/105/305 508/159/306 509/160/305
f 510/142/307 511/161/308 512/145/309
f 511/161/308 510/142/307 513/162/310
f 511/161/308 513/162/310 514/163/311
f 514/163/311 513/162/310 515/164/312
f 516/130/313 517/165/314 518/166/314
f 517/165/314 516/130/313 519/102/314
f 519/102/314 516/130/313 520/103/314
f 516/130/313 521/105/314 520/103/314
f 521/105/314 516/130/313 522/167/314
f 522/167/314 516/130/313 523/168/314
f 524/148/315 525/169/315 526/170/315
f 524/148/315 527/171/315 525/169/315
f 528/172/315 527/171/315 524/148/315
f 527/171/315 528/172/315 529/173/315
f 527/171/315 529/173/315 530/174/315
f 530/174/315 529/173/315 531/175/315
f 532/154/316 533/160/316 534/159/316
f 532/154/316 535/153/316 533/160/316
f 536/174/317 537/175/318 538/175/319
f 538/175/319 539/174/317 536/174/317
f 539/174/317 540/171/320 536/174/317
f 540/171/320 539/174/317 541/171/320
f 541/171/320 542/169/321 540/171/320
f 541/171/320 543/169/322 542/169/321
f 544/170/323 542/169/321 543/169/322
f 542/169/321 544/170/323 545/170/323
f 546/148/324 545/170/323 544/170/323
f 545/170/323 546/148/324 547/148/325
f 548/172/326 547/148/325 546/148/324
f 547/148/325 548/172/326 549/172/327
f 548/172/326 550/173/328 549/172/327
f 548/172/326 551/173/328 550/173/328
f 551/173/328 552/176/319 550/173/328
f 552/176/319 551/173/328 553/176/318
f 554/173/329 555/177/315 556/176/315
f 555/177/315 554/173/329 557/178/329
f 558/172/284 557/178/329 554/173/329
f 557/178/329 558/172/284 559/179/284
f 560/148/330 559/179/284 558/172/284
f 559/179/284 560/148/330 561/106/330
f 562/170/314 561/106/330 560/148/330
f 561/106/330 562/170/314 563/139/314
f 564/169/331 563/139/314 562/170/314
f 563/139/314 564/169/331 565/105/331
f 566/171/294 565/105/331 564/169/331
f 565/105/331 566/171/294 567/180/294
f 568/174/332 567/180/294 566/171/294
f 567/180/294 568/174/332 569/134/332
f 570/175/333 569/134/332 568/174/332
f 569/134/332 570/175/333 571/181/333
f 572/171/294 573/174/334 574/171/294
f 573/174/334 572/171/294 575/174/334
f 575/174/334 576/175/335 573/174/334
f 576/175/335 575/174/334 577/175/335
f 574/171/294 578/169/336 572/171/294
f 578/169/336 574/171/294 579/169/337
f 580/170/338 578/169/336 579/169/337
f 580/170/338 579/169/337 581/170/338
f 582/148/339 580/170/338 581/170/338
f 582/148/339 581/170/338 583/148/340
f 582/148/339 583/148/340 584/172/284
f 583/148/340 585/172/284 584/172/284
f 584/172/284 585/172/284 586/173/341
f 585/172/284 587/173/341 586/173/341
f 587/173/341 588/176/342 586/173/341
f 589/176/342 588/176/342 587/173/341
f 590/101/343 591/178/344 592/182/345
f 591/178/344 590/101/343 593/106/346
f 594/182/343 595/106/344 596/101/345
f 595/106/344 594/182/343 597/178/346
f 598/182/347 599/183/348 600/184/348
f 598/182/347 600/184/348 601/178/347
f 602/174/335 603/172/335 604/173/335
f 602/174/335 604/173/335 605/175/335
f 603/172/335 602/174/335 606/171/335
f 607/169/335 603/172/335 606/171/335
f 603/172/335 607/169/335 608/148/335
f 608/148/335 607/169/335 609/170/335
f 610/174/338 611/172/338 612/173/338
f 610/174/338 612/173/338 613/175/338
f 611/172/338 610/174/338 614/171/338
f 615/169/338 611/172/338 614/171/338
f 611/172/338 615/169/338 616/148/338
f 616/148/338 615/169/338 617/170/349
f 618/102/314 619/132/314 620/134/314
f 618/102/314 620/134/314 621/105/314
f 622/102/314 623/134/314 624/132/314
f 623/134/314 622/102/314 625/105/314
f 626/102/350 627/185/350 628/186/351
f 628/186/351 629/187/350 626/102/350
f 629/187/350 628/186/351 630/188/352
f 627/185/350 626/102/350 631/189/353
f 631/189/353 632/190/350 627/185/350
f 631/189/353 633/191/354 632/190/350
f 634/105/355 635/119/356 636/108/356
f 635/119/356 634/105/355 637/192/355
f 637/192/355 638/122/357 635/119/356
f 634/105/355 636/108/356 639/193/358
f 639/193/358 636/108/356 640/110/355
f 640/110/355 641/115/359 639/193/358
f 642/194/360 643/101/361 644/148/362
f 643/101/361 642/194/360 645/195/363
f 646/196/364 647/106/365 648/197/366
f 649/142/367 647/106/365 646/196/364
f 650/101/368 651/194/369 652/148/370
f 651/194/369 650/101/368 653/195/369
f 654/196/371 655/106/372 656/142/373
f 655/106/372 654/196/371 657/197/374
f 658/148/361 659/101/375 660/195/360
f 658/148/361 660/195/360 661/194/360
f 662/148/368 658/148/361 663/194/376
f 664/194/377 662/148/368 663/194/376
f 660/195/378 665/101/370 666/195/379
f 665/101/370 660/195/378 667/101/375
f 664/194/380 665/101/370 668/148/368
f 665/101/370 664/194/380 669/195/369
f 670/196/366 671/106/367 672/142/381
f 671/106/367 670/196/366 673/197/366
f 674/197/382 675/106/373 671/106/367
f 675/106/373 674/197/382 676/197/383
f 677/142/372 670/196/384 678/142/365
f 670/196/384 677/142/372 679/196/385
f 676/197/374 677/142/386 680/106/373
f 677/142/386 676/197/374 681/196/374
f 682/197/387 683/106/365 684/106/372
f 682/197/387 684/106/372 685/197/385
f 686/198/333 687/199/315 688/156/315
f 688/156/315 687/199/315 689/155/333
f 690/156/315 691/199/315 692/198/315
f 691/199/315 690/156/315 693/155/315
f 694/200/338 695/201/338 696/202/338
f 697/203/338 696/202/338 695/201/338
f 696/202/338 698/204/338 694/200/338
f 696/202/338 697/203/338 699/101/338
f 698/204/338 700/205/338 694/200/338
f 700/205/338 699/101/338 697/203/338
f 700/205/338 698/204/338 701/102/338
f 699/101/338 700/205/338 701/102/338
f 702/206/335 703/207/335 704/105/335
f 705/106/335 704/105/335 703/207/335
f 703/207/335 702/206/335 706/208/335
f 705/106/335 703/207/335 707/209/335
f 708/210/335 706/208/335 702/206/335
f 707/209/335 708/210/335 705/106/335
f 706/208/335 708/210/335 709/211/335
f 708/210/335 707/209/335 709/211/335
f 710/174/388 711/175/389 712/174/388
f 711/175/389 710/174/388 713/175/390
f 714/171/391 710/174/388 712/174/388
f 710/174/388 714/171/391 715/171/392
f 716/169/393 715/171/392 714/171/391
f 715/171/392 716/169/393 717/169/393
f 718/170/394 717/169/393 716/169/393
f 717/169/393 718/170/394 719/170/394
f 720/148/395 719/170/394 718/170/394
f 719/170/394 720/148/395 721/148/396
f 722/172/397 721/148/396 720/148/395
f 721/148/396 722/172/397 723/172/398
f 722/172/397 724/173/399 723/172/398
f 722/172/397 725/173/399 724/173/399
f 726/176/400 724/173/399 725/173/399
f 725/173/399 727/176/401 726/176/400
f 728/174/402 729/175/403 730/174/402
f 729/175/403 728/174/402 731/175/404
f 732/171/405 728/174/402 730/174/402
f 728/174/402 732/171/405 733/171/405
f 734/169/406 733/171/405 732/171/405
f 733/171/405 734/169/406 735/169/407
f 736/170/408 735/169/407 734/169/406
f 735/169/407 736/170/408 737/170/408
f 738/148/409 737/170/408 736/170/408
f 737/170/408 738/148/409 739/148/409
f 740/172/410 739/148/409 738/148/409
f 739/148/409 740/172/410 741/172/410
f 740/172/410 742/173/411 741/172/410
f 740/172/410 743/173/412 742/173/411
f 744/176/413 742/173/411 743/173/412
f 743/173/412 745/176/414 744/176/413
f 746/169/415 747/102/415 748/169/416
f 747/102/415 746/169/415 749/102/415
f 750/105/417 751/143/417 752/143/417
f 750/105/417 752/143/417 753/105/418
f 754/102/415 755/169/415 756/102/415
f 757/169/419 756/102/415 755/169/415
f 758/105/417 759/143/417 760/143/417
f 759/143/417 758/105/417 761/105/417
f 762/154/284 763/153/284 764/101/284
f 764/101/284 763/153/284 765/106/284
f 764/101/284 766/106/284 767/101/284
f 764/101/284 768/106/284 766/106/284
f 769/148/420 770/154/338 771/101/421
f 770/154/338 769/148/420 772/212/349
f 773/195/422 771/101/423 774/101/361
f 771/101/423 773/195/422 775/195/377
f 776/148/375 769/148/370 777/194/424
f 777/194/424 769/148/370 778/194/379
f 779/102/284 780/105/284 781/102/284
f 780/105/284 779/102/284 782/105/284
f 782/105/284 783/102/284 784/105/284
f 782/105/284 785/102/284 783/102/284
f 786/102/284 787/105/284 783/102/284
f 787/105/284 786/102/284 788/105/284
f 789/102/284 788/105/284 790/102/284
f 789/102/284 791/105/284 788/105/284
f 792/102/284 793/105/284 794/102/284
f 793/105/284 792/102/284 795/105/284
f 796/153/335 797/213/335 798/106/425
f 797/213/335 799/142/426 798/106/425
f 799/142/373 800/196/427 801/196/383
f 800/196/427 799/142/373 802/142/367
f 803/169/338 804/102/338 805/169/338
f 804/102/338 803/169/338 806/102/338
f 807/105/335 808/143/335 809/143/335
f 807/105/335 809/143/335 810/105/335
f 811/102/428 812/105/428 813/159/428
f 813/159/428 812/105/428 814/160/428
f 815/153/335 816/106/426 817/213/335
f 817/213/335 816/106/426 818/142/425
f 819/148/421 820/101/420 821/154/338
f 819/148/421 821/154/338 822/212/338
f 823/102/338 824/169/338 825/102/338
f 826/169/338 825/102/338 824/169/338
f 827/105/335 828/143/335 829/143/335
f 828/143/335 827/105/335 830/105/335
f 831/170/338 832/214/338 833/138/338
f 833/138/338 832/214/338 834/215/338
f 832/214/338 831/170/338 835/216/338
f 835/216/338 831/170/338 836/217/338
f 837/218/335 838/162/335 839/139/335
f 837/218/335 839/139/335 840/219/335
f 841/220/335 838/162/335 837/218/335
f 838/162/335 841/220/335 842/164/335
f 843/183/338 844/138/338 845/221/338
f 846/148/338 844/138/338 843/183/338
f 844/138/338 846/148/338 847/170/349
f 848/142/335 849/139/335 850/162/335
f 849/139/335 848/142/335 851/184/335
f 849/139/335 851/184/335 852/222/335
f 853/148/429 854/126/429 855/101/429
f 854/126/429 853/148/429 856/150/430
f 857/142/431 858/106/431 859/152/431
f 860/128/431 859/152/431 858/106/431
f 861/143/432 862/160/432 863/105/432
f 862/160/432 861/143/432 864/223/432
f 865/159/433 866/169/433 867/102/433
f 866/169/433 865/159/433 868/224/433
f 869/143/432 870/105/432 871/160/432
f 869/143/432 871/160/432 872/223/434
f 873/102/433 874/169/433 875/224/433
f 873/102/433 875/224/433 876/159/433
f 877/169/435 878/102/435 879/102/436
f 877/169/435 879/102/436 880/169/436
f 881/102/437 880/169/436 879/102/436
f 880/169/436 881/102/437 882/169/437
f 883/102/438 882/169/437 881/102/437
f 882/169/437 883/102/438 884/169/439
f 885/143/440 886/105/441 887/105/442
f 885/143/440 887/105/442 888/143/442
f 886/105/441 885/143/440 889/143/443
f 886/105/441 889/143/443 890/105/443
f 890/105/443 889/143/443 891/143/444
f 890/105/443 891/143/444 892/105/444
f 893/169/435 894/102/445 895/102/435
f 894/102/445 893/169/435 896/169/436
f 894/102/445 896/169/436 897/102/437
f 898/169/437 897/102/437 896/169/436
f 897/102/437 898/169/437 899/102/438
f 900/169/439 899/102/438 898/169/437
f 901/143/446 902/105/442 903/143/447
f 904/105/441 903/143/447 902/105/442
f 904/105/441 905/143/443 903/143/447
f 905/143/443 904/105/441 906/105/443
f 906/105/443 907/143/448 905/143/443
f 907/143/448 906/105/443 908/105/444
f 909/187/350 910/188/350 911/225/350
f 912/122/355 913/192/355 914/226/355
f 915/101/338 916/169/338 917/102/338
f 916/169/338 915/101/338 918/148/338
f 918/148/338 915/101/338 919/227/338
f 920/105/335 921/143/335 922/106/335
f 923/142/335 922/106/335 921/143/335
f 922/106/335 923/142/335 924/228/335
f 925/223/305 926/144/305 927/229/305
f 928/143/305 926/144/305 925/223/305
f 929/148/335 930/101/335 931/227/335
f 932/169/335 930/101/335 929/148/335
f 930/101/335 932/169/335 933/102/335
f 934/142/338 935/106/338 936/143/338
f 936/143/338 935/106/338 937/105/338
f 935/106/338 934/142/338 938/228/338
f 939/142/294 940/230/294 941/145/294
f 940/230/294 939/142/294 942/213/294
f 939/142/294 943/145/294 944/142/294
f 939/142/294 945/145/294 943/145/294
f 946/143/294 947/144/294 948/144/294
f 948/144/294 949/143/294 946/143/294
f 947/144/294 950/143/294 951/144/294
f 947/144/294 952/143/294 950/143/294
f 953/144/294 950/143/299 954/143/294
f 954/143/294 955/144/299 953/144/294
f 956/143/294 957/144/294 955/144/294
f 956/143/294 955/144/294 958/143/294
f 959/143/294 960/144/294 961/144/294
f 961/144/294 962/143/294 959/143/294
f 963/221/449 964/184/450 965/183/450
f 964/184/450 963/221/449 966/222/451
f 967/153/452 968/154/452 969/160/453
f 969/160/453 968/154/452 970/159/452
f 971/132/454 972/231/455 973/232/456
f 972/231/455 971/132/454 974/134/457
f 975/214/458 972/231/459 976/218/458
f 975/214/458 977/232/460 972/231/459
f 978/193/461 979/115/462 980/118/463
f 978/193/461 980/118/463 981/233/464
f 982/148/465 983/189/466 984/234/435
f 983/189/466 982/148/465 985/191/467
f 986/154/468 987/212/469 988/159/468
f 988/159/468 987/212/469 989/224/468
f 990/213/470 991/160/471 992/223/472
f 991/160/471 990/213/470 993/153/471
f 994/212/468 995/154/468 996/159/468
f 994/212/468 996/159/468 997/224/468
f 998/153/471 999/223/471 1000/160/472
f 999/223/471 998/153/471 1001/213/471
f 1002/171/294 1003/174/332 1004/174/332
f 1003/174/332 1005/175/315 1004/174/332
f 1003/174/332 1006/175/333 1005/175/315
f 1002/171/294 1004/174/332 1007/171/294
f 1008/169/331 1002/171/294 1007/171/294
f 1008/169/331 1007/171/294 1009/169/331
f 1010/170/314 1008/169/331 1009/169/331
f 1010/170/314 1009/169/331 1011/170/314
f 1012/148/330 1010/170/314 1011/170/314
f 1012/148/330 1011/170/314 1013/148/330
f 1014/172/284 1012/148/330 1013/148/330
f 1014/172/284 1013/148/330 1015/172/284
f 1016/173/329 1014/172/284 1015/172/284
f 1016/173/329 1015/172/284 1017/173/329
f 1018/176/473 1016/173/329 1017/173/329
f 1018/176/473 1017/173/329 1019/176/473
f 1020/156/284 1021/155/284 1022/157/284
f 1022/157/284 1021/155/284 1023/158/284
f 1024/230/316 1025/213/316 1026/229/316
f 1026/229/316 1025/213/316 1027/223/316
f 1028/235/335 1029/147/335 1030/236/335
f 1031/237/335 1030/236/335 1029/147/335
f 1030/236/335 1031/237/335 1032/238/335
f 1033/239/338 1034/240/338 1035/241/338
f 1036/240/338 1037/239/338 1038/140/338
f 1036/240/338 1038/140/338 1039/242/338
f 1040/237/338 1041/236/338 1042/147/338
f 1042/147/338 1041/236/338 1043/235/338
f 1041/236/338 1040/237/338 1044/238/338
f 1045/240/335 1046/140/335 1047/242/335
f 1045/240/335 1048/239/335 1046/140/335
f 1049/239/335 1050/240/335 1051/241/335
f 1052/142/474 1053/106/475 1054/162/476
f 1055/139/476 1054/162/476 1053/106/475
f 1056/143/477 1054/162/476 1055/139/476
f 1057/105/478 1056/143/477 1055/139/476
f 1058/148/479 1059/138/480 1060/101/481
f 1059/138/480 1058/148/479 1061/170/480
f 1061/170/480 1062/102/482 1059/138/480
f 1062/102/482 1061/170/480 1063/169/483
f 1064/142/475 1065/106/484 1066/162/476
f 1067/139/476 1066/162/476 1065/106/484
f 1068/143/477 1066/162/476 1067/139/476
f 1069/105/478 1068/143/477 1067/139/476
f 1070/148/485 1071/138/486 1072/101/479
f 1071/138/486 1070/148/485 1073/170/480
f 1073/170/480 1074/102/487 1071/138/486
f 1074/102/487 1073/170/480 1075/169/483
f 1076/199/294 1077/198/294 1078/243/294
f 1078/243/294 1077/198/294 1079/244/294
f 1080/178/488 1081/177/489 1082/173/341
f 1081/177/489 1083/176/490 1082/173/341
f 1082/173/341 1084/179/284 1080/178/488
f 1084/179/284 1082/173/341 1085/172/284
f 1085/172/284 1086/106/491 1084/179/284
f 1086/106/491 1085/172/284 1087/148/339
f 1088/170/338 1086/106/491 1087/148/339
f 1086/106/491 1088/170/338 1089/139/338
f 1090/169/337 1089/139/338 1088/170/338
f 1089/139/338 1090/169/337 1091/105/492
f 1090/169/337 1092/180/294 1091/105/492
f 1092/180/294 1090/169/337 1093/171/294
f 1093/171/294 1094/174/334 1092/180/294
f 1092/180/294 1094/174/334 1095/134/334
f 1095/134/334 1094/174/334 1096/175/335
f 1097/181/335 1095/134/334 1096/175/335
f 1098/178/330 1099/177/493 1100/173/330
f 1099/177/493 1101/176/302 1100/173/330
f 1098/178/330 1100/173/330 1102/172/284
f 1103/179/284 1098/178/330 1102/172/284
f 1102/172/284 1104/106/494 1103/179/284
f 1104/106/494 1102/172/284 1105/148/494
f 1104/106/494 1105/148/494 1106/170/315
f 1107/139/315 1104/106/494 1106/170/315
f 1107/139/315 1106/170/315 1108/169/332
f 1109/105/332 1107/139/315 1108/169/332
f 1109/105/332 1108/169/332 1110/171/294
f 1111/180/294 1109/105/332 1110/171/294
f 1110/171/294 1112/134/495 1111/180/294
f 1112/134/495 1110/171/294 1113/174/331
f 1112/134/495 1113/174/331 1114/175/496
f 1115/181/314 1112/134/495 1114/175/496
f 1116/219/497 1117/215/498 1118/214/499
f 1118/214/499 1119/218/500 1116/219/497
f 1120/215/501 1121/219/502 1122/138/284
f 1122/138/284 1121/219/502 1123/139/284
f 1122/138/284 1123/139/284 1124/221/503
f 1124/221/503 1123/139/284 1125/222/504
f 1126/134/505 1127/105/506 1128/127/507
f 1126/134/505 1128/127/507 1129/151/507
f 1129/151/507 1128/127/507 1130/125/508
f 1129/151/507 1130/125/508 1131/149/508
f 1131/149/508 1130/125/508 1132/102/509
f 1131/149/508 1132/102/509 1133/132/510
f 1134/169/338 1135/171/338 1136/169/338
f 1135/171/338 1134/169/338 1137/171/338
f 1138/170/338 1134/169/338 1136/169/338
f 1139/174/338 1135/171/338 1137/171/338
f 1138/170/338 1136/169/338 1140/170/338
f 1135/171/338 1139/174/338 1141/174/338
f 1142/175/338 1141/174/338 1139/174/338
f 1141/174/338 1142/175/338 1143/175/338
f 1144/148/338 1138/170/338 1140/170/338
f 1144/148/338 1140/170/338 1145/148/338
f 1145/148/338 1146/172/338 1144/148/338
f 1145/148/338 1147/172/338 1146/172/338
f 1148/173/338 1146/172/338 1147/172/338
f 1146/172/338 1148/173/338 1149/173/338
f 1150/176/338 1149/173/338 1148/173/338
f 1149/173/338 1150/176/338 1151/176/349
f 1152/169/335 1153/171/335 1154/169/335
f 1153/171/335 1152/169/335 1155/171/335
f 1156/170/335 1152/169/335 1154/169/335
f 1157/174/335 1153/171/335 1155/171/335
f 1156/170/335 1154/169/335 1158/170/335
f 1153/171/335 1157/174/335 1159/174/335
f 1160/175/335 1159/174/335 1157/174/335
f 1159/174/335 1160/175/335 1161/175/335
f 1162/148/335 1156/170/335 1158/170/335
f 1162/148/335 1158/170/335 1163/148/335
f 1163/148/335 1164/172/335 1162/148/335
f 1163/148/335 1165/172/335 1164/172/335
f 1166/173/335 1164/172/335 1165/172/335
f 1164/172/335 1166/173/335 1167/173/335
f 1168/176/335 1167/173/335 1166/173/335
f 1167/173/335 1168/176/335 1169/176/335
f 1170/245/511 1171/104/511 1172/233/442
f 1172/233/442 1173/246/512 1170/245/511
f 1174/245/513 1175/234/514 1171/104/513
f 1175/234/514 1174/245/513 1176/247/515
f 1177/101/315 1178/245/516 1179/248/315
f 1178/245/516 1180/249/315 1179/248/315
f 1178/245/516 1177/101/315 1181/104/315
f 1182/106/315 1178/245/516 1181/104/315
f 1178/245/516 1182/106/315 1183/250/315
f 1184/251/333 1178/245/516 1183/250/315
f 1185/244/314 1186/157/314 1187/158/314
f 1185/244/314 1187/158/314 1188/243/314
f 1189/244/314 1190/158/314 1191/157/314
f 1190/158/314 1189/244/314 1192/243/314
f 1193/144/428 1194/143/517 1195/223/428
f 1193/144/428 1195/223/428 1196/229/517
f 1197/171/294 1198/174/331 1199/171/294
f 1198/174/331 1197/171/294 1200/174/331
f 1200/174/331 1201/175/518 1198/174/331
f 1201/175/518 1200/174/331 1202/175/519
f 1199/171/294 1203/169/332 1197/171/294
f 1203/169/332 1199/171/294 1204/169/332
f 1204/169/332 1205/170/315 1203/169/332
f 1206/170/315 1205/170/315 1204/169/332
f 1206/170/315 1207/148/329 1205/170/315
f 1208/148/329 1207/148/329 1206/170/315
f 1208/148/329 1209/172/284 1207/148/329
f 1209/172/284 1208/148/329 1210/172/284
f 1210/172/284 1211/173/330 1209/172/284
f 1212/173/330 1211/173/330 1210/172/284
f 1212/173/330 1213/176/520 1211/173/330
f 1214/176/520 1213/176/520 1212/173/330
f 1215/176/314 1216/173/330 1217/176/302
f 1216/173/330 1215/176/314 1218/173/330
f 1218/173/330 1219/172/284 1216/173/330
f 1219/172/284 1218/173/330 1220/172/284
f 1219/172/284 1220/172/284 1221/148/329
f 1221/148/329 1220/172/284 1222/148/329
f 1221/148/329 1222/148/329 1223/170/315
f 1223/170/315 1222/148/329 1224/170/315
f 1223/170/315 1224/170/315 1225/169/332
f 1225/169/332 1224/170/315 1226/169/332
f 1226/169/332 1227/171/294 1225/169/332
f 1227/171/294 1226/169/332 1228/171/294
f 1227/171/294 1228/171/294 1229/174/331
f 1229/174/331 1228/171/294 1230/174/331
f 1229/174/331 1230/174/331 1231/175/518
f 1231/175/518 1230/174/331 1232/175/519
f 1233/176/511 1234/173/329 1235/173/329
f 1233/176/511 1235/173/329 1236/176/315
f 1234/173/329 1237/172/284 1235/173/329
f 1234/173/329 1238/172/284 1237/172/284
f 1238/172/284 1239/148/330 1237/172/284
f 1238/172/284 1240/148/330 1239/148/330
f 1240/148/330 1241/170/314 1239/148/330
f 1240/148/330 1242/170/314 1241/170/314
f 1242/170/314 1243/169/331 1241/170/314
f 1242/170/314 1244/169/331 1243/169/331
f 1244/169/331 1245/171/294 1243/169/331
f 1244/169/331 1246/171/294 1245/171/294
f 1246/171/294 1247/174/332 1245/171/294
f 1246/171/294 1248/174/332 1247/174/332
f 1248/174/332 1249/175/521 1247/174/332
f 1248/174/332 1250/175/333 1249/175/521
f 1251/176/335 1252/176/335 1253/173/341
f 1253/173/341 1252/176/335 1254/173/341
f 1255/172/284 1253/173/341 1254/173/341
f 1256/172/284 1255/172/284 1254/173/341
f 1257/148/339 1255/172/284 1256/172/284
f 1258/148/339 1257/148/339 1256/172/284
f 1258/148/339 1259/170/338 1257/148/339
f 1258/148/339 1260/170/338 1259/170/338
f 1260/170/338 1261/169/337 1259/170/338
f 1260/170/338 1262/169/337 1261/169/337
f 1262/169/337 1263/171/294 1261/169/337
f 1263/171/294 1262/169/337 1264/171/294
f 1264/171/294 1265/174/334 1263/171/294
f 1265/174/334 1264/171/294 1266/174/334
f 1266/174/334 1267/175/335 1265/174/334
f 1267/175/335 1266/174/334 1268/175/335
f 1269/213/452 1270/230/452 1271/229/452
f 1269/213/452 1271/229/452 1272/223/452
f 1273/169/314 1274/171/314 1275/169/314
f 1274/171/314 1273/169/314 1276/171/314
f 1277/170/314 1273/169/314 1275/169/314
f 1278/174/314 1274/171/314 1276/171/314
f 1277/170/314 1275/169/314 1279/170/314
f 1274/171/314 1278/174/314 1280/174/314
f 1281/175/314 1280/174/314 1278/174/314
f 1280/174/314 1281/175/314 1282/175/314
f 1283/148/314 1277/170/314 1279/170/314
f 1283/148/314 1279/170/314 1284/148/314
f 1284/148/314 1285/172/314 1283/148/314
f 1284/148/314 1286/172/314 1285/172/314
f 1287/173/314 1285/172/314 1286/172/314
f 1285/172/314 1287/173/314 1288/173/314
f 1289/176/314 1288/173/314 1287/173/314
f 1288/173/314 1289/176/314 1290/176/314
f 1291/235/294 1292/236/522 1293/101/523
f 1291/235/294 1293/101/523 1294/102/294
f 1292/236/522 1295/252/524 1293/101/523
f 1295/252/524 1292/236/522 1296/238/524
f 1296/238/524 1297/182/525 1295/252/524
f 1297/182/525 1296/238/524 1298/237/525
f 1299/241/524 1300/106/522 1301/179/524
f 1301/179/524 1302/239/298 1299/241/524
f 1303/178/525 1302/239/298 1301/179/524
f 1300/106/522 1299/241/524 1304/240/523
f 1304/240/523 1305/105/294 1300/106/522
f 1305/105/294 1304/240/523 1306/242/294
f 1307/142/284 1308/145/284 1309/230/284
f 1309/230/284 1310/213/284 1307/142/284
f 1311/145/284 1312/142/284 1313/145/284
f 1313/145/284 1312/142/284 1314/142/284
f 1315/143/284 1316/144/284 1317/144/284
f 1316/144/284 1315/143/284 1318/143/284
f 1319/143/284 1317/144/284 1320/143/284
f 1320/143/284 1317/144/284 1321/144/284
f 1322/144/284 1323/143/284 1320/143/284
f 1323/143/284 1322/144/284 1324/144/284
f 1325/144/284 1326/143/284 1324/144/284
f 1324/144/284 1326/143/284 1327/143/284
f 1328/143/284 1329/144/284 1330/144/284
f 1329/144/284 1328/143/284 1331/143/284
f 1332/198/284 1333/243/284 1334/244/284
f 1332/198/284 1335/199/284 1333/243/284
f 1336/101/526 1337/102/284 1338/235/284
f 1336/101/526 1338/235/284 1339/236/527
f 1340/252/528 1336/101/526 1339/236/527
f 1340/252/528 1339/236/527 1341/238/529
f 1342/182/530 1340/252/528 1341/238/529
f 1342/182/530 1341/238/529 1343/237/530
f 1344/241/531 1345/240/526 1346/106/527
f 1345/240/526 1347/105/284 1346/106/527
f 1345/240/526 1348/242/284 1347/105/284
f 1344/241/531 1346/106/527 1349/179/529
f 1350/239/532 1344/241/531 1349/179/529
f 1350/239/532 1349/179/529 1351/178/530
f 1352/95/294 1353/162/294 1354/143/294
f 1353/162/294 1352/95/294 1355/97/294
f 1353/162/294 1355/97/294 1356/142/294
f 1352/95/294 1357/161/294 1355/97/294
f 1357/161/294 1358/145/294 1355/97/294
f 1357/161/294 1352/95/294 1359/144/294
f 1360/95/294 1361/162/294 1362/143/294
f 1361/162/294 1360/95/294 1363/97/294
f 1361/162/294 1363/97/294 1364/142/294
f 1360/95/294 1365/161/294 1363/97/294
f 1365/161/294 1366/145/294 1363/97/294
f 1365/161/294 1360/95/294 1367/144/294
f 1368/103/284 1369/193/284 1370/189/284
f 1369/193/284 1368/103/284 1371/105/284
f 1368/103/284 1370/189/284 1372/102/284
f 1369/193/284 1373/104/284 1370/189/284
f 1370/189/284 1373/104/284 1374/234/284
f 1373/104/284 1369/193/284 1375/233/284
f 1376/253/533 1377/254/534 1378/97/533
f 1376/253/533 1378/97/533 1379/95/534
f 1380/95/535 1381/97/536 1382/255/535
f 1380/95/535 1382/255/535 1383/256/536
f 1384/254/537 1385/144/537 1386/145/538
f 1385/144/537 1384/254/537 1387/253/537
f 1388/256/539 1389/255/539 1390/210/539
f 1388/256/539 1390/210/539 1391/206/539
f 1392/257/540 1393/258/541 1394/104/542
f 1392/257/540 1394/104/542 1395/103/543
f 1394/104/542 1396/259/544 1395/103/543
f 1396/259/544 1394/104/542 1397/260/545
f 1395/103/543 1398/259/546 1399/130/251
f 1399/130/251 1398/259/546 1400/261/547
f 1399/130/251 1401/257/548 1395/103/543
f 1402/262/256 1401/257/548 1399/130/251
f 1403/258/549 1404/245/253 1394/104/542
f 1404/245/253 1403/258/549 1405/263/550
f 1394/104/542 1404/245/253 1406/260/551
f 1406/260/551 1404/245/253 1407/264/252
o Cylinder_006_Cylinder_014_120470944380948
v 1.148837 0.504105 0.415872
v 1.158933 0.504105 0.542806
v 1.153885 0.477732 0.479339
v 1.153885 0.657813 0.479339
v 1.161024 0.567773 0.569096
v 1.158933 0.631441 0.542806
v 1.146746 0.567773 0.389582
v 1.148837 0.631441 0.415872
v -1.728810 0.508220 0.648999
v -1.728810 0.627106 0.648999
v -1.730762 0.567663 0.624454
v -1.719384 0.508220 0.767511
v -1.724097 0.483596 0.708255
v -1.719384 0.627106 0.767511
v -1.717431 0.567663 0.792055
v -1.724097 0.651728 0.708255
v -1.681113 0.669771 0.602405
v -1.623942 0.567663 0.525168
v -1.684466 0.567663 0.560244
v -1.619887 0.691102 0.576137
v -1.610100 0.742232 0.699187
v -1.681113 0.465555 0.602405
v -1.619887 0.444224 0.576137
v -1.730762 0.567663 0.624454
v -1.728810 0.627106 0.648999
v -1.724097 0.651728 0.708255
v -1.728810 0.508220 0.648999
v -1.610100 0.393095 0.699187
v -1.724097 0.483596 0.708255
v -1.673017 0.423261 0.704192
v -1.673017 0.712065 0.704192
v -1.664921 0.669771 0.805979
v -1.719384 0.627106 0.767511
v -1.600312 0.691102 0.822238
v -1.717431 0.567663 0.792055
v -1.596258 0.567663 0.873207
v -1.661567 0.567663 0.848139
v -1.664921 0.465555 0.805979
v -1.719384 0.508220 0.767511
v -1.600312 0.444224 0.822238
v -1.717431 0.567663 0.792055
v -1.596258 0.567663 0.873207
v -1.661567 0.567663 0.848139
v 1.000243 0.567773 0.303993
v 1.083011 0.458407 0.375266
v 1.004585 0.435560 0.358585
v 1.015068 0.380797 0.490381
v 1.079419 0.567773 0.330107
v 1.083011 0.677139 0.375266
v 1.004585 0.699985 0.358585
v 1.146746 0.567773 0.389582
v 1.148837 0.504105 0.415872
v 1.015068 0.754749 0.490381
v 1.153885 0.477732 0.479339
v 1.148837 0.631441 0.415872
v 1.091683 0.413107 0.484287
v 1.100354 0.458407 0.593308
v 1.158933 0.504105 0.542806
v 1.025551 0.435560 0.622177
v 1.161024 0.567773 0.569096
v 1.029894 0.567773 0.676768
v 1.103946 0.567773 0.638467
v 1.091683 0.722440 0.484287
v 1.153885 0.657813 0.479339
v 1.158933 0.631441 0.542806
v 1.100354 0.677139 0.593308
v 1.025551 0.699985 0.622177
v 1.161024 0.567773 0.569096
v 1.029894 0.567773 0.676768
v 1.103946 0.567773 0.638467
vn 0.8656 -0.3174 -0.3872
vn 0.9160 -0.3174 0.2456
vn 0.8908 -0.4489 -0.0703
vn 0.8908 0.4489 -0.0705
vn 0.9264 0.0005 0.3766
vn 0.9160 0.3174 0.2455
vn 0.8552 0.0004 -0.5183
vn 0.8656 0.3174 -0.3873
vn -0.9299 -0.2940 -0.2211
vn -0.9299 0.2941 -0.2209
vn -0.9396 0.0005 -0.3423
vn -0.8833 -0.2941 0.3652
vn -0.9066 -0.4157 0.0725
vn -0.8833 0.2940 0.3653
vn -0.8737 0.0004 0.4865
vn -0.9066 0.4157 0.0726
vn -0.6304 0.5725 -0.5242
vn -0.5014 0.0003 -0.8652
vn -0.6489 -0.0000 -0.7609
vn -0.4805 0.6380 -0.6018
vn -0.4299 0.9022 0.0342
vn -0.6301 -0.5727 -0.5244
vn -0.4805 -0.6380 -0.6018
vn -0.9395 0.0005 -0.3426
vn -0.9298 0.2941 -0.2211
vn -0.9065 0.4160 0.0726
vn -0.9298 -0.2941 -0.2211
vn -0.4299 -0.9022 0.0342
vn -0.9065 -0.4160 0.0725
vn -0.5847 -0.8099 0.0465
vn -0.5847 0.8099 0.0468
vn -0.5397 0.5725 0.6172
vn -0.8832 0.2941 0.3653
vn -0.3793 0.6380 0.6702
vn -0.8735 0.0005 0.4867
vn -0.3583 0.0006 0.9336
vn -0.5206 0.0005 0.8538
vn -0.5393 -0.5727 0.6174
vn -0.8832 -0.2941 0.3653
vn -0.3793 -0.6380 0.6702
vn -0.8736 0.0004 0.4866
vn -0.3583 0.0004 0.9336
vn -0.5207 0.0001 0.8538
vn 0.3132 -0.0000 -0.9497
vn 0.4943 -0.5937 -0.6349
vn 0.3346 -0.6518 -0.6805
vn 0.3863 -0.9219 -0.0307
vn 0.4748 -0.0000 -0.8801
vn 0.4943 0.5937 -0.6349
vn 0.3346 0.6518 -0.6805
vn 0.8552 0.0004 -0.5184
vn 0.8656 -0.3174 -0.3873
vn 0.3863 0.9219 -0.0307
vn 0.8656 0.3174 -0.3874
vn 0.5416 -0.8396 -0.0424
vn 0.5885 -0.5937 0.5488
vn 0.9159 -0.3174 0.2456
vn 0.4380 -0.6518 0.6191
vn 0.9263 0.0005 0.3767
vn 0.4594 0.0004 0.8882
vn 0.6081 0.0002 0.7939
vn 0.5414 0.8397 -0.0431
vn 0.8908 0.4489 -0.0704
vn 0.9159 0.3175 0.2455
vn 0.5885 0.5937 0.5488
vn 0.4380 0.6518 0.6191
vn 0.9263 0.0004 0.3767
vn 0.4595 0.0005 0.8882
vn 0.6081 0.0005 0.7939
vt 0.919706 0.080294
vt 0.919706 0.419706
vt 0.990000 0.250000
vt 0.510000 0.250000
vt 0.750000 0.490000
vt 0.580294 0.419706
vt 0.750000 0.010000
vt 0.580294 0.080294
vt 0.419706 0.080294
vt 0.080294 0.080294
vt 0.250000 0.010000
vt 0.419706 0.419706
vt 0.490000 0.250000
vt 0.080294 0.419706
vt 0.250000 0.490000
vt 0.010000 0.250000
vt 0.375000 1.000000
vt 0.500000 1.000000
vt 0.250000 1.000000
vt 0.625000 1.000000
vt 0.750000 1.000000
vt 0.125000 1.000000
vt 0.000000 1.000000
vt 0.875000 1.000000
vt 1.000000 1.000000
vt 0.500000 0.500000
vt 0.625000 0.500000
vt 0.750000 0.500000
vt 0.375000 0.500000
vt 0.250000 0.500000
vt 0.875000 0.500000
vt 1.000000 0.500000
vt 0.125000 0.500000
vt 0.000000 0.500000
s 1
f 1408/265/552 1409/266/553 1410/267/554
f 1408/265/552 1411/268/555 1409/266/553
f 1409/266/553 1411/268/555 1412/269/556
f 1412/269/556 1411/268/555 1413/270/557
f 1414/271/558 1411/268/555 1408/265/552
f 1411/268/555 1414/271/558 1415/272/559
f 1416/273/560 1417/274/561 1418/275/562
f 1417/274/561 1416/273/560 1419/276/563
f 1419/276/563 1416/273/560 1420/277/564
f 1417/274/561 1419/276/563 1421/278/565
f 1421/278/565 1419/276/563 1422/279/566
f 1417/274/561 1421/278/565 1423/280/567
f 1424/281/568 1425/282/569 1426/282/570
f 1425/282/569 1424/281/568 1427/281/571
f 1424/281/568 1428/283/572 1427/281/571
f 1426/282/570 1425/282/569 1429/284/573
f 1425/282/569 1430/284/574 1429/284/573
f 1424/281/568 1426/282/570 1431/282/575
f 1429/284/573 1431/282/575 1426/282/570
f 1432/281/576 1424/281/568 1431/282/575
f 1433/283/577 1424/281/568 1432/281/576
f 1431/282/575 1429/284/573 1434/284/578
f 1435/285/579 1429/284/573 1430/284/574
f 1429/284/573 1436/285/580 1434/284/578
f 1429/284/573 1435/285/579 1437/285/581
f 1429/284/573 1437/285/581 1436/285/580
f 1424/281/568 1433/283/577 1438/283/582
f 1428/283/572 1424/281/568 1438/283/582
f 1433/283/577 1439/286/583 1438/283/582
f 1439/286/583 1428/283/572 1438/283/582
f 1439/286/583 1433/283/577 1440/286/584
f 1428/283/572 1439/286/583 1441/286/585
f 1442/287/586 1439/286/583 1440/286/584
f 1443/287/587 1441/286/585 1439/286/583
f 1439/286/583 1442/287/586 1444/287/588
f 1444/287/588 1443/287/587 1439/286/583
f 1445/288/589 1436/285/580 1437/285/581
f 1437/285/581 1435/285/579 1445/288/589
f 1436/285/580 1445/288/589 1446/288/590
f 1435/285/579 1447/288/591 1445/288/589
f 1445/288/589 1448/289/592 1446/288/590
f 1449/289/593 1445/288/589 1447/288/591
f 1448/289/592 1445/288/589 1450/289/594
f 1445/288/589 1449/289/593 1450/289/594
f 1451/290/595 1452/291/596 1453/291/597
f 1452/291/596 1454/292/598 1453/291/597
f 1452/291/596 1451/290/595 1455/290/599
f 1451/290/595 1456/293/600 1455/290/599
f 1456/293/600 1451/290/595 1457/293/601
f 1452/291/596 1455/290/599 1458/290/602
f 1456/293/600 1458/290/602 1455/290/599
f 1459/291/603 1452/291/596 1458/290/602
f 1460/294/604 1456/293/600 1457/293/601
f 1461/292/554 1452/291/596 1459/291/603
f 1458/290/602 1456/293/600 1462/293/605
f 1452/291/596 1461/292/554 1463/292/606
f 1454/292/598 1452/291/596 1463/292/606
f 1461/292/554 1464/295/607 1463/292/606
f 1464/295/607 1454/292/598 1463/292/606
f 1464/295/607 1461/292/554 1465/295/608
f 1454/292/598 1464/295/607 1466/295/609
f 1467/296/610 1464/295/607 1465/295/608
f 1464/295/607 1468/296/611 1466/295/609
f 1464/295/607 1467/296/610 1469/296/612
f 1468/296/611 1464/295/607 1469/296/612
f 1470/294/613 1462/293/605 1456/293/600
f 1456/293/600 1460/294/604 1470/294/613
f 1462/293/605 1470/294/613 1471/294/614
f 1470/294/613 1472/297/615 1471/294/614
f 1470/294/613 1460/294/604 1473/297/616
f 1470/294/613 1473/297/616 1472/297/615
f 1460/294/604 1474/297/617 1473/297/616
f 1473/297/616 1475/298/618 1472/297/615
f 1476/298/619 1473/297/616 1474/297/617
f 1475/298/618 1473/297/616 1477/298/620
f 1473/297/616 1476/298/619 1477/298/620
o Cylinder_021_Cylinder_028_101512007898195
v -3.123091 -0.346964 0.819531
v -3.118574 -0.290004 0.876314
v -3.127607 -0.290004 0.762748
v -3.119897 -0.330281 0.859683
v -3.126284 -0.330281 0.779379
v -3.123091 -0.233041 0.819531
v -3.126284 -0.249726 0.779379
v -3.119897 -0.249726 0.859683
v -1.072480 -0.262006 0.496183
v -1.147982 -0.293380 0.502188
v -1.135028 -0.262006 0.501158
v -1.103754 -0.249011 0.498671
v -1.072480 -0.324752 0.496183
v -1.059526 -0.293380 0.495153
v -1.135028 -0.324752 0.501158
v -1.103754 -0.337747 0.498671
v -1.047149 -0.324752 0.814652
v -1.122651 -0.293380 0.820658
v -1.109697 -0.324752 0.819627
v -1.078423 -0.337747 0.817140
v -1.047149 -0.262006 0.814652
v -1.034195 -0.293380 0.813622
v -1.109697 -0.262006 0.819627
v -1.078423 -0.249011 0.817140
v 0.806553 -0.324752 0.363283
v 0.744004 -0.262006 0.368258
v 0.806553 -0.262006 0.363283
v 0.775279 -0.249011 0.365770
v 0.819507 -0.293380 0.362252
v 0.744004 -0.324752 0.368258
v 0.731050 -0.293380 0.369288
v 0.775279 -0.337747 0.365770
v 0.766718 -0.324752 0.653818
v 0.766718 -0.262006 0.653818
v 0.753764 -0.293380 0.654849
v 0.829267 -0.324752 0.648843
v 0.797993 -0.337747 0.651331
v 0.829267 -0.262006 0.648843
v 0.797993 -0.249011 0.651331
v 0.842221 -0.293380 0.647813
v -3.119897 -0.330281 0.859683
v -2.417134 -0.330281 0.803786
v -2.415812 -0.290004 0.820416
v -3.118574 -0.290004 0.876314
v -3.123091 -0.346964 0.819531
v -2.420328 -0.346964 0.763633
v -3.126284 -0.330281 0.779379
v -2.423522 -0.330281 0.723481
v -3.127607 -0.290004 0.762748
v -2.424845 -0.290004 0.706850
v -3.126284 -0.249726 0.779379
v -2.423522 -0.249726 0.723481
v -3.123091 -0.233041 0.819531
v -2.420328 -0.233041 0.763633
v -3.119897 -0.249726 0.859683
v -2.417134 -0.249726 0.803786
v -3.118574 -0.290004 0.876314
v -2.415812 -0.290004 0.820416
v -1.135028 -0.262006 0.501158
v -1.078423 -0.249011 0.817140
v -1.103754 -0.249011 0.498671
v -1.109697 -0.262006 0.819627
v -1.147982 -0.293380 0.502188
v -1.122651 -0.293380 0.820658
v -1.135028 -0.324752 0.501158
v -1.109697 -0.324752 0.819627
v -1.103754 -0.337747 0.498671
v -1.078423 -0.337747 0.817140
v -1.072480 -0.324752 0.496183
v -1.047149 -0.324752 0.814652
v -1.059526 -0.293380 0.495153
v -1.034195 -0.293380 0.813622
v -1.072480 -0.262006 0.496183
v -1.047149 -0.262006 0.814652
v -1.103754 -0.249011 0.498671
v -1.078423 -0.249011 0.817140
v -2.424845 -0.290004 0.706850
v -2.415812 -0.290004 0.820416
v -2.420328 -0.346964 0.763633
v -2.417134 -0.330281 0.803786
v -2.423522 -0.330281 0.723481
v -2.420328 -0.233041 0.763633
v -2.417134 -0.249726 0.803786
v -2.423522 -0.249726 0.723481
v 0.744004 -0.262006 0.368258
v 0.797993 -0.249011 0.651331
v 0.775279 -0.249011 0.365770
v 0.766718 -0.262006 0.653818
v 0.731050 -0.293380 0.369288
v 0.753764 -0.293380 0.654849
v 0.744004 -0.324752 0.368258
v 0.766718 -0.324752 0.653818
v 0.775279 -0.337747 0.365770
v 0.797993 -0.337747 0.651331
v 0.806553 -0.324752 0.363283
v 0.829267 -0.324752 0.648843
v 0.819507 -0.293380 0.362252
v 0.842221 -0.293380 0.647813
v 0.806553 -0.262006 0.363283
v 0.829267 -0.262006 0.648843
v 0.775279 -0.249011 0.365770
v 0.797993 -0.249011 0.651331
vn -0.9968 0.0005 0.0798
vn -0.0788 0.0005 -0.9969
vn -0.0787 0.0005 -0.9969
vn 0.0798 0.0005 0.9968
vn 0.0561 -0.7071 0.7049
vn 0.0005 -1.0000 0.0005
vn -0.0561 -0.7071 -0.7049
vn -0.0561 0.7071 -0.7049
vn 0.0005 1.0000 0.0005
vn 0.0561 0.7071 0.7049
vn 0.0798 0.0007 0.9968
vn 0.0798 0.0006 0.9968
vn -0.5790 0.8140 0.0465
vn 0.0004 1.0000 0.0004
vn 0.0004 1.0000 0.0005
vn -0.5789 0.8141 0.0460
vn -0.5790 -0.8140 0.0461
vn -0.5790 -0.8140 0.0466
vn 0.5790 -0.8141 -0.0455
vn 0.5789 -0.8141 -0.0460
vn 0.9969 0.0005 -0.0788
vn 0.5790 0.8140 -0.0461
vn 0.5790 0.8141 -0.0456
vn 0.0006 1.0000 0.0005
vn -0.5789 0.8141 0.0466
vn -0.5789 -0.8141 0.0460
vn -0.5789 -0.8141 0.0465
vn 0.5791 0.8140 -0.0456
vn 0.0005 1.0000 0.0004
vt 0.750000 1.000000
vt 0.000000 1.000000
vt 0.500000 1.000000
vt 0.875000 1.000000
vt 0.625000 1.000000
vt 0.250000 1.000000
vt 0.375000 1.000000
vt 0.125000 1.000000
vt 0.080294 0.419706
vt 0.490000 0.250000
vt 0.419706 0.419706
vt 0.250000 0.490000
vt 0.080294 0.080294
vt 0.010000 0.250000
vt 0.419706 0.080294
vt 0.250000 0.010000
vt 0.580294 0.080294
vt 0.990000 0.250000
vt 0.919706 0.080294
vt 0.750000 0.010000
vt 0.580294 0.419706
vt 0.510000 0.250000
vt 0.919706 0.419706
vt 0.750000 0.490000
vt 0.875000 0.500000
vt 1.000000 0.500000
vt 1.000000 1.000000
vt 0.750000 0.500000
vt 0.625000 0.500000
vt 0.500000 0.500000
vt 0.375000 0.500000
vt 0.250000 0.500000
vt 0.125000 0.500000
vt 0.000000 0.500000
s 1
f 1478/299/621 1479/300/621 1480/301/621
f 1479/300/621 1478/299/621 1481/302/621
f 1478/299/621 1480/301/621 1482/303/621
f 1479/300/621 1483/304/621 1480/301/621
f 1480/301/621 1483/304/621 1484/305/621
f 1483/304/621 1479/300/621 1485/306/621
f 1486/307/622 1487/308/622 1488/309/622
f 1486/307/622 1488/309/622 1489/310/622
f 1487/308/622 1486/307/622 1490/311/622
f 1490/311/622 1486/307/622 1491/312/623
f 1487/308/622 1490/311/622 1492/313/622
f 1492/313/622 1490/311/622 1493/314/622
f 1494/315/624 1495/316/624 1496/317/624
f 1494/315/624 1496/317/624 1497/318/624
f 1494/315/624 1498/319/624 1495/316/624
f 1498/319/624 1494/315/624 1499/320/624
f 1498/319/624 1500/321/624 1495/316/624
f 1500/321/624 1498/319/624 1501/322/624
f 1502/311/622 1503/309/622 1504/307/622
f 1504/307/622 1503/309/622 1505/310/622
f 1502/311/622 1504/307/622 1506/312/622
f 1502/311/622 1507/313/622 1503/309/622
f 1503/309/622 1507/313/622 1508/308/623
f 1507/313/622 1502/311/622 1509/314/622
f 1510/317/624 1511/321/624 1512/316/624
f 1511/321/624 1510/317/624 1513/315/624
f 1513/315/624 1510/317/624 1514/318/624
f 1515/319/624 1511/321/624 1513/315/624
f 1511/321/624 1515/319/624 1516/322/624
f 1515/319/624 1513/315/624 1517/320/624
f 1518/302/625 1519/323/625 1520/324/624
f 1518/302/625 1520/324/624 1521/325/624
f 1522/299/626 1519/323/625 1518/302/625
f 1522/299/626 1523/326/626 1519/323/625
f 1524/303/627 1523/326/626 1522/299/626
f 1524/303/627 1525/327/627 1523/326/626
f 1526/301/622 1525/327/627 1524/303/627
f 1526/301/622 1527/328/622 1525/327/627
f 1528/305/628 1527/328/622 1526/301/622
f 1528/305/628 1529/329/628 1527/328/622
f 1529/329/628 1528/305/628 1530/304/629
f 1529/329/628 1530/304/629 1531/330/629
f 1531/330/629 1530/304/629 1532/306/630
f 1531/330/629 1532/306/630 1533/331/630
f 1534/300/631 1533/331/630 1532/306/630
f 1534/300/631 1535/332/632 1533/331/630
f 1536/302/633 1537/324/634 1538/325/635
f 1537/324/634 1536/302/633 1539/323/636
f 1540/299/621 1539/323/636 1536/302/633
f 1539/323/636 1540/299/621 1541/326/621
f 1542/303/637 1541/326/621 1540/299/621
f 1541/326/621 1542/303/637 1543/327/638
f 1544/301/626 1543/327/638 1542/303/637
f 1543/327/638 1544/301/626 1545/328/626
f 1546/305/639 1545/328/626 1544/301/626
f 1545/328/626 1546/305/639 1547/329/640
f 1548/304/641 1547/329/640 1546/305/639
f 1547/329/640 1548/304/641 1549/330/641
f 1550/306/642 1549/330/641 1548/304/641
f 1549/330/641 1550/306/642 1551/331/643
f 1552/300/644 1551/331/643 1550/306/642
f 1551/331/643 1552/300/644 1553/332/644
f 1554/328/641 1555/332/641 1556/326/641
f 1556/326/641 1555/332/641 1557/323/641
f 1554/328/641 1556/326/641 1558/327/641
f 1554/328/641 1559/330/641 1555/332/641
f 1555/332/641 1559/330/641 1560/331/641
f 1559/330/641 1554/328/641 1561/329/641
f 1562/302/645 1563/324/634 1564/325/635
f 1563/324/634 1562/302/645 1565/323/636
f 1566/299/621 1565/323/636 1562/302/645
f 1565/323/636 1566/299/621 1567/326/621
f 1568/303/646 1567/326/621 1566/299/621
f 1567/326/621 1568/303/646 1569/327/647
f 1570/301/626 1569/327/647 1568/303/646
f 1569/327/647 1570/301/626 1571/328/626
f 1572/305/639 1571/328/626 1570/301/626
f 1571/328/626 1572/305/639 1573/329/640
f 1574/304/641 1573/329/640 1572/305/639
f 1573/329/640 1574/304/641 1575/330/641
f 1576/306/642 1575/330/641 1574/304/641
f 1575/330/641 1576/306/642 1577/331/648
f 1578/300/644 1577/331/648 1576/306/642
f 1577/331/648 1578/300/644 1579/332/649
o Plane_001_Plane_001_113789227660955
v -5.759336 0.024700 0.966281
v -5.761397 -0.038041 0.940375
v -5.759179 -0.038041 0.968264
v -5.759336 -0.100781 0.966281
v -5.757768 0.004916 0.986001
v -5.757768 -0.080998 0.986001
v -5.754362 0.022710 1.028823
v -5.754362 -0.098791 1.028823
v -5.754362 0.050687 1.028823
v -5.754362 -0.126769 1.028823
v -5.749387 0.024700 1.091366
v -5.749387 -0.100781 1.091366
v -5.750956 0.004916 1.071645
v -5.749545 -0.038041 1.089383
v -5.747326 -0.038041 1.117271
v -5.750956 -0.080998 1.071645
v -5.749545 -0.038041 1.089383
v -5.747326 -0.038041 1.117271
v -5.754362 -0.098791 1.028823
v -5.750956 -0.080998 1.071645
v -5.636022 -0.038041 1.019411
v -5.749545 -0.038041 1.089383
v -5.636022 -0.038041 1.019411
v -5.757768 -0.080998 0.986001
v -5.636022 -0.038041 1.019411
v -5.759179 -0.038041 0.968264
v -5.636022 -0.038041 1.019411
v -5.757768 0.004916 0.986001
v -5.636022 -0.038041 1.019411
v -5.754362 0.022710 1.028823
v -5.636022 -0.038041 1.019411
v -5.750956 0.004916 1.071645
v -5.636022 -0.038041 1.019411
v -5.749545 -0.038041 1.089383
v -5.636022 -0.038041 1.019411
v 1.142668 0.718312 0.638169
v 1.130184 0.736955 0.481224
v 1.130184 0.783525 0.481224
v 1.117701 0.718312 0.324280
v 1.140056 0.685380 0.605340
v 1.147839 0.560871 0.703178
v 1.144146 0.560871 0.656751
v 1.120312 0.685380 0.357109
v 1.112530 0.560871 0.259271
v 1.116223 0.560871 0.305698
v 1.120312 0.436363 0.357109
v 1.117701 0.403431 0.324280
v 1.130184 0.338216 0.481224
v 1.130184 0.384790 0.481224
v 1.140056 0.436363 0.605340
v 1.142668 0.403431 0.638169
v 1.147839 0.560871 0.703178
v 1.144146 0.560871 0.656751
v 0.995139 -0.243527 0.354329
v 0.836949 -0.369103 0.642186
v 0.815190 -0.369103 0.368642
v 1.016898 -0.243527 0.627873
v 0.977777 -0.115412 0.630984
v 0.956019 -0.115412 0.357440
v 0.660089 -0.233321 0.393168
v 0.824040 -0.844493 0.631023
v 0.804209 -0.844494 0.381705
v 0.679920 -0.233321 0.642487
v 0.804209 -0.844494 0.381705
v 0.824040 -0.844493 0.631023
v 0.814127 -0.886557 0.380916
v 0.833958 -0.886557 0.630235
v 0.833968 -0.970692 0.379338
v 0.853799 -0.970692 0.628656
v -3.395104 -0.171122 0.974669
v -3.418394 -0.104583 0.681868
v -3.405656 -0.226248 0.842007
v -3.416208 -0.171122 0.709344
v -3.390733 -0.038041 1.029621
v -3.395104 0.095041 0.974669
v -3.405656 0.150167 0.842007
v -3.416208 0.095041 0.709344
v -3.420579 -0.038041 0.654392
v -0.018114 -0.115412 0.419631
v 0.006061 -0.115412 0.723567
v -0.018114 -0.524312 0.419631
v 0.006061 -0.524312 0.723567
v 0.853799 -0.970692 0.628656
v 0.417087 -1.074321 0.663393
v 0.833968 -0.970692 0.379338
v 0.397256 -1.074321 0.414074
v -3.057158 0.069333 0.709682
v -3.059731 0.086229 0.677327
v -3.056559 0.068424 0.707437
v -3.041136 0.042555 0.657701
v -3.038681 0.026433 0.688568
v -3.062600 -0.001117 0.641260
v -3.060144 -0.017238 0.672128
v -3.016584 0.042555 0.966371
v -3.039676 0.068424 0.919699
v -3.019039 0.026433 0.935504
v -3.038048 0.086229 0.949931
v -3.040621 0.069333 0.917577
v -3.035179 -0.001117 0.985998
v -3.037634 -0.017238 0.955130
v -3.038306 -0.113935 0.693282
v -3.062147 -0.088730 0.646945
v -3.040667 -0.132908 0.663595
v -3.059786 -0.069756 0.676634
v -3.058873 -0.174093 0.688111
v -3.038306 -0.113935 0.693282
v -3.056034 -0.151282 0.723803
v -3.019414 -0.113935 0.930790
v -3.035631 -0.088730 0.980313
v -3.037993 -0.069756 0.950624
v -3.017053 -0.132908 0.960478
v -3.019414 -0.113935 0.930790
v -3.038906 -0.174093 0.939147
v -3.041745 -0.151282 0.903454
v -0.396310 -0.086871 0.586544
v -0.409961 -0.038041 0.414926
v -0.406673 0.062068 0.456263
v -0.408357 -0.086871 0.435089
v -0.396310 0.062068 0.586542
v -2.665965 0.069333 0.678566
v -2.668539 0.086229 0.646212
v -2.665365 0.068424 0.676321
v -2.649943 0.042555 0.626586
v -2.647488 0.026433 0.657452
v -2.671407 -0.001117 0.610145
v -2.668952 -0.017238 0.641013
v -2.647113 -0.113935 0.662167
v -2.670955 -0.088730 0.615830
v -2.649474 -0.132908 0.632479
v -2.668594 -0.069756 0.645519
v -2.667681 -0.174093 0.656996
v -2.647113 -0.113935 0.662167
v -2.664842 -0.151282 0.692687
v -2.625391 0.042555 0.935255
v -2.648482 0.068424 0.888583
v -2.627847 0.026433 0.904389
v -2.646855 0.086229 0.918816
v -2.649429 0.069333 0.886461
v -2.643987 -0.001117 0.954883
v -2.646442 -0.017238 0.924015
v -2.628222 -0.113935 0.899674
v -2.644439 -0.088730 0.949198
v -2.646800 -0.069756 0.919509
v -2.625860 -0.132908 0.929362
v -2.628222 -0.113935 0.899674
v -2.647713 -0.174093 0.908032
v -2.650552 -0.151282 0.872339
v -2.274773 0.069333 0.647451
v -2.277346 0.086229 0.615096
v -2.274173 0.068424 0.645206
v -2.258751 0.042555 0.595470
v -2.256296 0.026433 0.626337
v -2.280215 -0.001117 0.579029
v -2.277760 -0.017238 0.609897
v -2.234199 0.042555 0.904140
v -2.257290 0.068424 0.857468
v -2.236655 0.026433 0.873273
v -2.255663 0.086229 0.887700
v -2.258237 0.069333 0.855346
v -2.252794 -0.001117 0.923767
v -2.255250 -0.017238 0.892899
v -2.255921 -0.113935 0.631051
v -2.279763 -0.088730 0.584714
v -2.258282 -0.132908 0.601364
v -2.277401 -0.069756 0.614403
v -2.276488 -0.174093 0.625880
v -2.255921 -0.113935 0.631051
v -2.273649 -0.151282 0.661572
v -2.237030 -0.113935 0.868559
v -2.253247 -0.088730 0.918082
v -2.255608 -0.069756 0.888393
v -2.234668 -0.132908 0.898246
v -2.237030 -0.113935 0.868559
v -2.256521 -0.174093 0.876916
v -2.259360 -0.151282 0.841223
v -1.864276 0.406572 0.874191
v -1.696012 0.406572 0.860807
v -1.859208 0.560871 0.937902
v -1.690944 0.560871 0.924518
v -1.708246 0.342661 0.706994
v -1.876510 0.342661 0.720378
v -1.720481 0.406572 0.553181
v -1.888744 0.406572 0.566565
v -1.725548 0.560871 0.489470
v -1.893812 0.560871 0.502854
v -1.720481 0.715172 0.553181
v -1.888744 0.715172 0.566565
v -1.708246 0.779084 0.706994
v -1.876510 0.779084 0.720378
v -1.696012 0.715172 0.860807
v -1.864276 0.715172 0.874190
v -1.690944 0.560871 0.924518
v -1.859208 0.560871 0.937902
v 1.142668 0.403431 0.638169
v 0.943697 0.560871 0.719416
v 0.938526 0.403431 0.654406
v 1.147839 0.560871 0.703178
v 1.130184 0.338216 0.481224
v 0.926043 0.338216 0.497462
v 1.117701 0.403431 0.324280
v 0.913560 0.403431 0.340518
v 1.112530 0.560871 0.259271
v 0.908389 0.560871 0.275508
v 1.117701 0.718312 0.324280
v 0.913560 0.718312 0.340518
v 1.130184 0.783525 0.481224
v 0.926043 0.783525 0.497462
v 1.142668 0.718312 0.638169
v 0.938526 0.718312 0.654406
v 1.147839 0.560871 0.703178
v 0.943697 0.560871 0.719416
v -0.874981 0.465638 0.736251
v -0.261368 0.465638 0.687444
v -0.258240 0.560871 0.726767
v -0.871853 0.560871 0.775574
v 0.355374 0.560871 0.677960
v 0.352246 0.465638 0.638637
v -0.882532 0.426190 0.641317
v -0.268919 0.426190 0.592510
v 0.352246 0.465638 0.638637
v 0.344695 0.426190 0.543702
v -0.890083 0.465638 0.546382
v -0.276470 0.465638 0.497575
v 0.344695 0.426190 0.543702
v 0.337144 0.465638 0.448768
v -0.893211 0.560871 0.507059
v -0.279598 0.560871 0.458252
v 0.337144 0.465638 0.448768
v 0.334016 0.560871 0.409445
v -0.890083 0.656105 0.546382
v -0.276470 0.656105 0.497575
v 0.334016 0.560871 0.409445
v 0.337144 0.656105 0.448768
v -0.882532 0.695552 0.641316
v -0.268919 0.695552 0.592510
v 0.337144 0.656105 0.448768
v 0.344695 0.695552 0.543702
v -0.874981 0.656105 0.736251
v -0.261368 0.656105 0.687444
v -0.871853 0.560871 0.775574
v 0.344695 0.695552 0.543702
v 0.352246 0.656105 0.638637
v -0.258240 0.560871 0.726767
v 0.352246 0.656105 0.638637
v 0.355374 0.560871 0.677960
v 0.836949 -0.369103 0.642186
v -0.063088 -0.369103 0.713775
v 0.815190 -0.369103 0.368642
v -0.084846 -0.369103 0.440231
v -0.874981 0.656105 0.736251
v -1.576056 0.560871 0.895480
v -0.871853 0.560871 0.775574
v -1.692517 0.560871 0.904744
v -1.697124 0.701142 0.846823
v -1.580663 0.701142 0.837560
v -1.708246 0.759245 0.706994
v -1.591785 0.759245 0.697731
v -0.882532 0.695552 0.641316
v -1.719368 0.701142 0.567165
v -0.890083 0.656105 0.546382
v -1.602907 0.701142 0.557902
v -1.723975 0.560871 0.509244
v -1.607514 0.560871 0.499981
v -0.893211 0.560871 0.507059
v -1.719368 0.420601 0.567165
v -0.890083 0.465638 0.546382
v -1.602907 0.420601 0.557902
v -1.708246 0.362499 0.706994
v -1.591785 0.362499 0.697731
v -0.882532 0.426190 0.641317
v -1.697124 0.420601 0.846823
v -0.874981 0.465638 0.736251
v -1.580663 0.420601 0.837560
v -1.692517 0.560871 0.904744
v -1.576056 0.560871 0.895480
v -0.871853 0.560871 0.775574
v -1.888744 0.406572 0.566565
v -1.890352 0.560871 0.546358
v -1.893812 0.560871 0.502854
v -1.886297 0.684311 0.597328
v -1.886297 0.437433 0.597328
v -1.888744 0.715172 0.566565
v -1.876510 0.342661 0.720378
v -1.876510 0.735440 0.720378
v -1.876510 0.386304 0.720378
v -1.876510 0.779084 0.720378
v -1.866723 0.437433 0.843428
v -1.864276 0.715172 0.874190
v -1.864276 0.406572 0.874191
v -1.862669 0.560871 0.894397
v -1.859208 0.560871 0.937902
v -1.866723 0.684311 0.843428
v -1.859208 0.560871 0.937902
v -1.862669 0.560871 0.894397
v -1.883579 0.069333 0.616335
v -1.886153 0.086229 0.583980
v -1.882981 0.068424 0.614090
v -1.867557 0.042555 0.564354
v -1.865102 0.026433 0.595221
v -1.889021 -0.001117 0.547913
v -1.886566 -0.017238 0.578781
v -1.864727 -0.113935 0.599935
v -1.888569 -0.088730 0.553599
v -1.867089 -0.132908 0.570248
v -1.886208 -0.069756 0.583287
v -1.885295 -0.174093 0.594766
v -1.864727 -0.113935 0.599935
v -1.882456 -0.151282 0.630456
v -1.843006 0.042555 0.873024
v -1.866097 0.068424 0.826352
v -1.845461 0.026433 0.842157
v -1.864470 0.086229 0.856584
v -1.867043 0.069333 0.824230
v -1.861601 -0.001117 0.892651
v -1.864056 -0.017238 0.861783
v -1.845836 -0.113935 0.837443
v -1.862053 -0.088730 0.886966
v -1.864414 -0.069756 0.857278
v -1.843474 -0.132908 0.867131
v -1.845836 -0.113935 0.837443
v -1.865327 -0.174093 0.845799
v -1.868166 -0.151282 0.810107
v -1.706144 0.386304 0.706827
v -1.876510 0.386304 0.720378
v -1.696357 0.437433 0.829877
v -1.866723 0.437433 0.843428
v -1.692303 0.560871 0.880847
v -1.862669 0.560871 0.894397
v -1.886297 0.437433 0.597328
v -1.715932 0.437433 0.583777
v -1.890352 0.560871 0.546358
v -1.719986 0.560871 0.532807
v -1.886297 0.684311 0.597328
v -1.715932 0.684311 0.583777
v -1.876510 0.735440 0.720378
v -1.706144 0.735440 0.706827
v -1.866723 0.684311 0.843428
v -1.696357 0.684311 0.829877
v -1.862669 0.560871 0.894397
v -1.692303 0.560871 0.880847
v -3.405656 -0.226248 0.842007
v -2.256521 -0.174093 0.876916
v -2.456813 -0.174093 0.892848
v -2.065621 -0.174093 0.861732
v -2.647713 -0.174093 0.908032
v -1.865327 -0.174093 0.845799
v -2.848006 -0.174093 0.923963
v -3.038906 -0.174093 0.939147
v -1.674425 -0.174093 0.830615
v -3.239197 -0.174093 0.955079
v -3.395104 -0.171122 0.974669
v -3.405656 -0.226248 0.842007
v -1.494101 -0.174093 0.563650
v 2.350767 -0.226248 0.384139
v 2.340215 -0.171122 0.251476
v -1.694392 -0.174093 0.579581
v -1.885295 -0.174093 0.594766
v -2.085588 -0.174093 0.610696
v -2.276488 -0.174093 0.625880
v -2.476781 -0.174093 0.641811
v -2.667681 -0.174093 0.656996
v -2.867973 -0.174093 0.672927
v -3.058873 -0.174093 0.688111
v -1.474133 -0.174093 0.814684
v 2.350767 -0.226248 0.384139
v 2.361319 -0.171122 0.516802
v -3.390733 -0.038041 1.029621
v -3.257403 -0.132908 0.979595
v -3.235922 -0.088730 0.996244
v -3.035631 -0.088730 0.980313
v -2.844731 -0.088730 0.965129
v -3.017053 -0.132908 0.960478
v -2.866209 -0.132908 0.948479
v -2.644439 -0.088730 0.949198
v -2.453539 -0.088730 0.934013
v -2.625860 -0.132908 0.929362
v -2.475017 -0.132908 0.917364
v -2.253247 -0.088730 0.918082
v -2.062346 -0.088730 0.902898
v -2.234668 -0.132908 0.898246
v -2.083824 -0.132908 0.886248
v -1.862053 -0.088730 0.886966
v -2.848006 -0.174093 0.923963
v -3.017053 -0.132908 0.960478
v -3.038906 -0.174093 0.939147
v -2.866209 -0.132908 0.948479
v -2.456813 -0.174093 0.892848
v -2.625860 -0.132908 0.929362
v -2.647713 -0.174093 0.908032
v -2.475017 -0.132908 0.917364
v -2.065621 -0.174093 0.861732
v -2.234668 -0.132908 0.898246
v -2.256521 -0.174093 0.876916
v -2.083824 -0.132908 0.886248
v -1.865327 -0.174093 0.845799
v -1.692632 -0.132908 0.855133
v -1.843474 -0.132908 0.867131
v -1.674425 -0.174093 0.830615
v -2.649474 -0.132908 0.632479
v -2.498631 -0.132908 0.620481
v -2.476781 -0.174093 0.641811
v -2.667681 -0.174093 0.656996
v -3.040667 -0.132908 0.663595
v -2.889823 -0.132908 0.651597
v -2.867973 -0.174093 0.672927
v -3.058873 -0.174093 0.688111
v -2.258282 -0.132908 0.601364
v -2.107438 -0.132908 0.589365
v -2.085588 -0.174093 0.610696
v -2.276488 -0.174093 0.625880
v -1.716246 -0.132908 0.558250
v -1.885295 -0.174093 0.594766
v -1.867089 -0.132908 0.570248
v -1.694392 -0.174093 0.579581
v -1.843474 -0.132908 0.867131
v -1.692632 -0.132908 0.855133
v -1.671150 -0.088730 0.871782
v -1.470859 -0.088730 0.855851
v 2.365690 -0.038041 0.571754
v -1.452282 -0.132908 0.836015
v 2.363505 -0.104583 0.544278
v 2.361319 -0.171122 0.516802
v -1.474133 -0.174093 0.814684
v -3.259164 -0.174093 0.704042
v -3.416208 -0.171122 0.709344
v -3.418394 -0.104583 0.681868
v -3.281017 -0.132908 0.682712
v -3.262438 -0.088730 0.662876
v -3.420579 -0.038041 0.654392
v -3.062147 -0.088730 0.646945
v -2.871247 -0.088730 0.631761
v -3.040667 -0.132908 0.663595
v -2.889823 -0.132908 0.651597
v -2.670955 -0.088730 0.615830
v -2.480055 -0.088730 0.600646
v -2.649474 -0.132908 0.632479
v -2.498631 -0.132908 0.620481
v -2.279763 -0.088730 0.584714
v -2.088863 -0.088730 0.569530
v -2.258282 -0.132908 0.601364
v -2.107438 -0.132908 0.589365
v -1.888569 -0.088730 0.553599
v -0.409961 -0.038041 0.414926
v -1.716246 -0.132908 0.558250
v -1.867089 -0.132908 0.570248
v -1.697666 -0.088730 0.538414
v -1.497375 -0.088730 0.522483
v -1.475896 -0.132908 0.539132
v -0.408357 -0.086871 0.435089
v -1.494101 -0.174093 0.563650
v 0.420099 -0.086871 0.369194
v 2.340215 -0.171122 0.251476
v 0.655223 -0.086871 0.350492
v 1.031232 -0.086871 0.320584
v 2.335845 -0.038041 0.196524
v 1.029628 -0.038041 0.300421
v 1.029628 -0.038041 0.300421
v 2.340215 0.095041 0.251476
v 0.989549 -0.000721 0.319116
v 0.421783 0.062068 0.390368
v 0.654845 -0.000721 0.345739
v -1.494959 0.086226 0.552865
v -0.406673 0.062068 0.456263
v -3.416208 0.095041 0.709344
v -1.476365 0.042555 0.533239
v -0.409961 -0.038041 0.414926
v -1.497828 -0.001117 0.516798
v -1.698118 -0.001117 0.532729
v -1.889021 -0.001117 0.547913
v -1.716715 0.042555 0.552356
v -3.420579 -0.038041 0.654392
v -1.695250 0.086226 0.568796
v -1.867557 0.042555 0.564354
v -1.886153 0.086229 0.583980
v -2.086446 0.086229 0.599912
v -2.258751 0.042555 0.595470
v -2.277346 0.086229 0.615096
v -2.477638 0.086229 0.631027
v -2.649943 0.042555 0.626586
v -2.668539 0.086229 0.646212
v -2.868831 0.086229 0.662143
v -3.041136 0.042555 0.657701
v -3.059731 0.086229 0.677327
v -3.260022 0.086229 0.693258
v -3.281486 0.042555 0.676819
v -3.257403 -0.132908 0.979595
v -3.395104 -0.171122 0.974669
v -3.239197 -0.174093 0.955079
v 0.006061 -0.115412 0.723567
v -0.089482 -0.572612 0.731167
v 0.006061 -0.524312 0.723567
v -1.080909 -0.387029 0.810025
v -1.237386 -0.115412 0.822472
v -1.237386 -0.218558 0.822472
v -1.470407 -0.001117 0.861536
v -1.451813 0.042555 0.841909
v -3.390733 -0.038041 1.029621
v 2.361319 0.095041 0.516802
v -1.473276 0.086226 0.825469
v -1.670698 -0.001117 0.877467
v -1.692163 0.042555 0.861026
v -1.861601 -0.001117 0.892651
v -3.395104 0.095041 0.974669
v -1.673567 0.086226 0.841400
v -1.843006 0.042555 0.873024
v -1.864470 0.086229 0.856584
v -2.064763 0.086229 0.872516
v -2.234199 0.042555 0.904140
v -2.255663 0.086229 0.887700
v -2.455956 0.086229 0.903631
v -2.625391 0.042555 0.935255
v -2.646855 0.086229 0.918816
v -2.847148 0.086229 0.934747
v -3.016584 0.042555 0.966371
v -3.038048 0.086229 0.949931
v -3.238339 0.086229 0.965862
v -3.256934 0.042555 0.985488
v -1.692163 0.042555 0.861026
v -1.843006 0.042555 0.873024
v -1.861601 -0.001117 0.892651
v -1.673567 0.086226 0.841400
v -2.847148 0.086229 0.934747
v -3.016584 0.042555 0.966371
v -2.865740 0.042555 0.954373
v -3.035179 -0.001117 0.985998
v -2.064763 0.086229 0.872516
v -2.234199 0.042555 0.904140
v -2.083355 0.042555 0.892142
v -2.252794 -0.001117 0.923767
v -2.455956 0.086229 0.903631
v -2.625391 0.042555 0.935255
v -2.474548 0.042555 0.923257
v -2.643987 -0.001117 0.954883
v -3.390733 -0.038041 1.029621
v -2.643987 -0.001117 0.954883
v -2.844279 -0.001117 0.970814
v -2.453087 -0.001117 0.939698
v -2.252794 -0.001117 0.923767
v -2.061894 -0.001117 0.908583
v -1.861601 -0.001117 0.892651
v -2.865740 0.042555 0.954373
v -3.035179 -0.001117 0.985998
v -2.844279 -0.001117 0.970814
v -3.235470 -0.001117 1.001930
v -2.453087 -0.001117 0.939698
v -2.643987 -0.001117 0.954883
v -2.474548 0.042555 0.923257
v -2.252794 -0.001117 0.923767
v -2.061894 -0.001117 0.908583
v -2.083355 0.042555 0.892142
v -3.395104 0.095041 0.974669
v -1.864470 0.086229 0.856584
v -1.673567 0.086226 0.841400
v -2.847148 0.086229 0.934747
v -3.038048 0.086229 0.949931
v -2.646855 0.086229 0.918816
v -2.455956 0.086229 0.903631
v -2.255663 0.086229 0.887700
v -2.064763 0.086229 0.872516
v -3.259164 -0.174093 0.704042
v -3.416208 -0.171122 0.709344
v -3.281017 -0.132908 0.682712
v -1.261561 -0.218558 0.518535
v -1.237386 -0.218558 0.822472
v -1.261561 -0.115412 0.518535
v -1.237386 -0.115412 0.822472
v -1.080909 -0.387029 0.810025
v -1.105084 -0.387029 0.506089
v -0.089482 -0.572612 0.731167
v -0.113657 -0.572612 0.427230
v -0.018114 -0.524312 0.419631
v 0.006061 -0.524312 0.723567
v -0.018114 -0.115412 0.419631
v -1.105084 -0.387029 0.506089
v -1.261561 -0.115412 0.518535
v -1.261561 -0.218558 0.518535
v -0.113657 -0.572612 0.427230
v -0.018114 -0.524312 0.419631
v -1.716715 0.042555 0.552356
v -1.867557 0.042555 0.564354
v -1.695250 0.086226 0.568796
v -1.889021 -0.001117 0.547913
v -3.041136 0.042555 0.657701
v -2.868831 0.086229 0.662143
v -2.890292 0.042555 0.645703
v -3.062600 -0.001117 0.641260
v -2.258751 0.042555 0.595470
v -2.086446 0.086229 0.599912
v -2.107907 0.042555 0.583472
v -2.280215 -0.001117 0.579029
v -2.649943 0.042555 0.626586
v -2.477638 0.086229 0.631027
v -2.499099 0.042555 0.614587
v -2.671407 -0.001117 0.610145
v -2.871700 -0.001117 0.626076
v -3.062600 -0.001117 0.641260
v -2.890292 0.042555 0.645703
v -3.262891 -0.001117 0.657191
v -2.280215 -0.001117 0.579029
v -2.089315 -0.001117 0.563845
v -2.107907 0.042555 0.583472
v -2.480507 -0.001117 0.594960
v -2.671407 -0.001117 0.610145
v -2.499099 0.042555 0.614587
v -2.671407 -0.001117 0.610145
v -3.420579 -0.038041 0.654392
v -2.871700 -0.001117 0.626076
v -2.480507 -0.001117 0.594960
v -2.280215 -0.001117 0.579029
v -2.089315 -0.001117 0.563845
v -1.889021 -0.001117 0.547913
v -1.698118 -0.001117 0.532729
v -0.409961 -0.038041 0.414926
v -1.886153 0.086229 0.583980
v -3.416208 0.095041 0.709344
v -1.695250 0.086226 0.568796
v -2.868831 0.086229 0.662143
v -3.059731 0.086229 0.677327
v -2.668539 0.086229 0.646212
v -2.477638 0.086229 0.631027
v -2.277346 0.086229 0.615096
v -2.086446 0.086229 0.599912
v 0.836949 -0.369103 0.642186
v -0.063088 -0.243527 0.713775
v -0.063088 -0.369103 0.713775
v 1.016898 -0.243527 0.627873
v 0.977777 -0.115412 0.630984
v -0.063088 -0.115412 0.713775
v 2.337778 -0.566550 0.513157
v 2.196949 -0.833404 0.524360
v 2.353427 -0.833404 0.511914
v 2.212596 -0.566550 0.523115
v 2.339801 -0.142728 0.538593
v 2.214619 -0.142728 0.548550
v 2.024826 -0.566550 0.538050
v 1.743165 -0.770612 0.560455
v 1.555393 -0.472370 0.575389
v 1.617985 -0.770612 0.570411
v 1.383269 -0.645038 0.589079
v 1.414564 -0.174122 0.586590
v 1.164200 -0.174122 0.606504
v 1.516604 -0.823959 0.578475
v 1.359468 -0.732969 0.590974
v 1.412024 -0.819117 0.586794
v 0.815190 -0.369103 0.368642
v -0.084846 -0.243527 0.440231
v 0.995139 -0.243527 0.354329
v -0.084846 -0.369103 0.440231
v 0.956019 -0.115412 0.357440
v -0.084846 -0.115412 0.440231
v 0.824040 -0.844493 0.631023
v 0.285144 -0.327002 0.673887
v 0.429260 -0.938172 0.662424
v 0.679920 -0.233321 0.642487
v 0.824040 -0.844493 0.631023
v 0.429260 -0.938172 0.662424
v 0.833958 -0.886557 0.630235
v 0.397248 -0.990188 0.664971
v 0.833958 -0.886557 0.630235
v 0.417087 -1.074321 0.663393
v 0.853799 -0.970692 0.628656
v 0.397248 -0.990188 0.664971
v 2.176717 -0.833404 0.269998
v 2.192364 -0.566550 0.268753
v 2.317546 -0.566550 0.258796
v 2.333195 -0.833404 0.257551
v 2.190340 -0.142728 0.243316
v 2.315523 -0.142728 0.233359
v 2.004594 -0.566550 0.283688
v 1.722933 -0.770612 0.306092
v 1.535160 -0.472370 0.321027
v 1.597752 -0.770612 0.316049
v 1.363037 -0.645038 0.334718
v 1.394332 -0.174122 0.332227
v 1.143968 -0.174122 0.352141
v 1.496372 -0.823959 0.324112
v 1.339236 -0.732969 0.336611
v 1.391792 -0.819117 0.332431
v 0.804209 -0.844494 0.381705
v 0.265313 -0.327002 0.424569
v 0.660089 -0.233321 0.393168
v 0.409429 -0.938172 0.413106
v 0.814127 -0.886557 0.380916
v 0.409429 -0.938172 0.413106
v 0.804209 -0.844494 0.381705
v 0.377417 -0.990188 0.415652
v 0.833968 -0.970692 0.379338
v 0.397256 -1.074321 0.414074
v 0.814127 -0.886557 0.380916
v 0.377417 -0.990188 0.415652
v -3.405656 0.150167 0.842007
v 2.350767 0.150167 0.384139
v -3.395104 0.095041 0.974669
v -3.390733 -0.038041 1.029621
v -3.256934 0.042555 0.985488
v -3.235470 -0.001117 1.001930
v -3.416208 0.095041 0.709344
v -3.281486 0.042555 0.676819
v -3.420579 -0.038041 0.654392
v -3.262891 -0.001117 0.657191
v 2.340215 0.095041 0.251476
v -3.405656 0.150167 0.842007
v 2.350767 0.150167 0.384139
v -5.749387 -0.100781 1.091366
v -1.304274 -0.100781 0.737800
v -1.302213 -0.038041 0.763706
v -5.747326 -0.038041 1.117271
v -5.754362 -0.126769 1.028823
v -1.309248 -0.126769 0.675258
v -5.759336 -0.100781 0.966281
v -1.314223 -0.100781 0.612715
v -5.761397 -0.038041 0.940375
v -1.316283 -0.038041 0.586810
v -5.759336 0.024700 0.966281
v -1.314223 0.024700 0.612715
v -5.754362 0.050687 1.028823
v -1.309248 0.050687 0.675258
v -5.749387 0.024700 1.091366
v -1.304274 0.024700 0.737800
v -5.747326 -0.038041 1.117271
v -1.302213 -0.038041 0.763706
v 1.001974 -0.000721 0.475324
v 0.667270 -0.000721 0.501946
v 0.989549 -0.000721 0.319116
v 0.654845 -0.000721 0.345739
v -2.670955 -0.088730 0.615830
v -2.868886 -0.069756 0.661450
v -2.871247 -0.088730 0.631761
v -2.668594 -0.069756 0.645519
v -2.279763 -0.088730 0.584714
v -2.477694 -0.069756 0.630334
v -2.480055 -0.088730 0.600646
v -2.277401 -0.069756 0.614403
v -1.888569 -0.088730 0.553599
v -2.086501 -0.069756 0.599219
v -2.088863 -0.088730 0.569530
v -1.886208 -0.069756 0.583287
v -1.497375 -0.088730 0.522483
v -1.695305 -0.069756 0.568103
v -1.697666 -0.088730 0.538414
v -1.495014 -0.069756 0.552172
v -3.062147 -0.088730 0.646945
v -3.260077 -0.069756 0.692565
v -3.262438 -0.088730 0.662876
v -3.059786 -0.069756 0.676634
v -1.475849 0.069333 0.793114
v -1.673567 0.086226 0.841400
v -1.676140 0.069333 0.809046
v -1.473276 0.086226 0.825469
v -1.671150 -0.088730 0.871782
v -1.694993 -0.113935 0.825445
v -1.673512 -0.069756 0.842093
v -1.692632 -0.132908 0.855133
v -1.470859 -0.088730 0.855851
v -1.473221 -0.069756 0.826162
v -0.396310 0.062068 0.586542
v 0.432145 0.062068 0.520647
v 0.432145 -0.086871 0.520648
v -0.396310 -0.086871 0.586544
v 0.667270 -0.000721 0.501946
v 0.667270 -0.086871 0.501946
v 1.001974 -0.000721 0.475324
v 0.667270 -0.086871 0.501946
v 1.043279 -0.086871 0.472038
v 1.043279 -0.035813 0.472038
v -2.665965 0.069333 0.678566
v -2.868831 0.086229 0.662143
v -2.668539 0.086229 0.646212
v -2.866257 0.069333 0.694497
v -2.274773 0.069333 0.647451
v -2.477638 0.086229 0.631027
v -2.277346 0.086229 0.615096
v -2.475065 0.069333 0.663382
v -2.086446 0.086229 0.599912
v -1.886153 0.086229 0.583980
v -1.883579 0.069333 0.616335
v -2.083873 0.069333 0.632266
v -1.492385 0.069333 0.585219
v -1.695250 0.086226 0.568796
v -1.494959 0.086226 0.552865
v -1.692676 0.069333 0.601150
v -3.057158 0.069333 0.709682
v -3.260022 0.086229 0.693258
v -3.059731 0.086229 0.677327
v -3.257448 0.069333 0.725613
v 0.432145 0.062068 0.520647
v -0.396310 0.062068 0.586542
v 0.421783 0.062068 0.390368
v -0.406673 0.062068 0.456263
v -1.697666 -0.088730 0.538414
v -1.713885 -0.113935 0.587937
v -1.716246 -0.132908 0.558250
v -1.695305 -0.069756 0.568103
v -2.062346 -0.088730 0.902898
v -2.086185 -0.113935 0.856561
v -2.064708 -0.069756 0.873209
v -2.083824 -0.132908 0.886248
v -1.862053 -0.088730 0.886966
v -1.864414 -0.069756 0.857278
v -2.475065 0.069333 0.663382
v -3.356962 0.112523 0.838133
v -2.665965 0.069333 0.678566
v -2.476008 0.068424 0.661260
v -2.665365 0.068424 0.676321
v -2.866257 0.069333 0.694497
v -2.274773 0.069333 0.647451
v -3.057158 0.069333 0.709682
v -2.867200 0.068424 0.692375
v -3.056559 0.068424 0.707437
v -3.257448 0.069333 0.725613
v -3.365404 0.068424 0.732002
v -3.258394 0.068424 0.723491
v -1.291487 0.112523 0.673845
v -2.084816 0.068424 0.630144
v -2.274173 0.068424 0.645206
v -2.083873 0.069333 0.632266
v -1.883579 0.069333 0.616335
v -1.693623 0.068424 0.599028
v -1.882981 0.068424 0.614090
v -1.692676 0.069333 0.601150
v -1.492385 0.069333 0.585219
v -1.299928 0.068424 0.567714
v -1.491788 0.068424 0.582974
v -1.867043 0.069333 0.824230
v -1.291487 0.112523 0.673845
v -1.676140 0.069333 0.809046
v -1.676740 0.068424 0.811291
v -1.866097 0.068424 0.826352
v -1.475849 0.069333 0.793114
v -2.067337 0.069333 0.840161
v -1.283045 0.068424 0.779976
v -1.474905 0.068424 0.795237
v -2.258237 0.069333 0.855346
v -2.067932 0.068424 0.842406
v -2.257290 0.068424 0.857468
v -3.356962 0.112523 0.838133
v -2.458529 0.069333 0.871277
v -2.649429 0.069333 0.886461
v -2.459125 0.068424 0.873522
v -2.648482 0.068424 0.888583
v -2.849721 0.069333 0.902393
v -3.040621 0.069333 0.917577
v -2.850317 0.068424 0.904637
v -3.039676 0.068424 0.919699
v -3.240912 0.069333 0.933508
v -3.348520 0.068424 0.944265
v -3.241510 0.068424 0.935753
v -1.695250 0.086226 0.568796
v -1.693623 0.068424 0.599028
v -1.716715 0.042555 0.552356
v -1.692676 0.069333 0.601150
v -1.714260 0.026433 0.583223
v -1.698118 -0.001117 0.532729
v -1.695663 -0.017238 0.563597
v -1.676140 0.069333 0.809046
v -1.673567 0.086226 0.841400
v -1.676740 0.068424 0.811291
v -1.692163 0.042555 0.861026
v -1.694618 0.026433 0.830159
v -1.670698 -0.001117 0.877467
v -1.673153 -0.017238 0.846599
v -2.871700 -0.001117 0.626076
v -2.668952 -0.017238 0.641013
v -2.671407 -0.001117 0.610145
v -2.869244 -0.017238 0.656944
v -2.480507 -0.001117 0.594960
v -2.277760 -0.017238 0.609897
v -2.280215 -0.001117 0.579029
v -2.478052 -0.017238 0.625828
v -2.089315 -0.001117 0.563845
v -1.886566 -0.017238 0.578781
v -1.889021 -0.001117 0.547913
v -2.086860 -0.017238 0.594713
v -1.698118 -0.001117 0.532729
v -1.495372 -0.017238 0.547666
v -1.497828 -0.001117 0.516798
v -1.695663 -0.017238 0.563597
v -3.262891 -0.001117 0.657191
v -3.060144 -0.017238 0.672128
v -3.062600 -0.001117 0.641260
v -3.260435 -0.017238 0.688059
v -2.650552 -0.151282 0.872339
v -2.850845 -0.151282 0.888270
v -2.848006 -0.174093 0.923963
v -2.647713 -0.174093 0.908032
v -2.259360 -0.151282 0.841223
v -2.459652 -0.151282 0.857154
v -2.456813 -0.174093 0.892848
v -2.256521 -0.174093 0.876916
v -2.068460 -0.151282 0.826039
v -1.865327 -0.174093 0.845799
v -1.868166 -0.151282 0.810107
v -2.065621 -0.174093 0.861732
v -1.476973 -0.151282 0.778992
v -1.677263 -0.151282 0.794923
v -1.674425 -0.174093 0.830615
v -1.474133 -0.174093 0.814684
v -3.041745 -0.151282 0.903454
v -3.242036 -0.151282 0.919385
v -3.239197 -0.174093 0.955079
v -3.038906 -0.174093 0.939147
v -1.719368 0.701142 0.567165
v -1.708246 0.779084 0.706994
v -1.708246 0.759245 0.706994
v -1.697124 0.701142 0.846823
v -1.720481 0.715172 0.553181
v -1.696012 0.715172 0.860807
v -1.690944 0.560871 0.924518
v -1.692517 0.560871 0.904744
v -1.725548 0.560871 0.489470
v -1.723975 0.560871 0.509244
v -1.720481 0.406572 0.553181
v -1.719368 0.420601 0.567165
v -1.708246 0.342661 0.706994
v -1.708246 0.362499 0.706994
v -1.697124 0.420601 0.846823
v -1.696012 0.406572 0.860807
v -1.692517 0.560871 0.904744
v -1.690944 0.560871 0.924518
v -2.867973 -0.174093 0.672927
v -2.664842 -0.151282 0.692687
v -2.667681 -0.174093 0.656996
v -2.865134 -0.151282 0.708619
v -2.476781 -0.174093 0.641811
v -2.273649 -0.151282 0.661572
v -2.276488 -0.174093 0.625880
v -2.473942 -0.151282 0.677503
v -1.885295 -0.174093 0.594766
v -2.082749 -0.151282 0.646388
v -1.882456 -0.151282 0.630456
v -2.085588 -0.174093 0.610696
v -1.694392 -0.174093 0.579581
v -1.491262 -0.151282 0.599340
v -1.494101 -0.174093 0.563650
v -1.691553 -0.151282 0.615272
v -3.259164 -0.174093 0.704042
v -3.056034 -0.151282 0.723803
v -3.058873 -0.174093 0.688111
v -3.256325 -0.151282 0.739734
v -2.646442 -0.017238 0.924015
v -2.846734 -0.017238 0.939946
v -2.844279 -0.001117 0.970814
v -2.643987 -0.001117 0.954883
v -2.255250 -0.017238 0.892899
v -2.455542 -0.017238 0.908830
v -2.453087 -0.001117 0.939698
v -2.252794 -0.001117 0.923767
v -2.061894 -0.001117 0.908583
v -1.864056 -0.017238 0.861783
v -2.064350 -0.017238 0.877715
v -1.861601 -0.001117 0.892651
v -1.472862 -0.017238 0.830668
v -1.673153 -0.017238 0.846599
v -1.670698 -0.001117 0.877467
v -1.470407 -0.001117 0.861536
v -3.037634 -0.017238 0.955130
v -3.237925 -0.017238 0.971061
v -3.235470 -0.001117 1.001930
v -3.035179 -0.001117 0.985998
v -1.674425 -0.174093 0.830615
v -1.694993 -0.113935 0.825445
v -1.692632 -0.132908 0.855133
v -1.677263 -0.151282 0.794923
v -2.105452 0.026433 0.614339
v -2.256296 0.026433 0.626337
v -2.086860 -0.017238 0.594713
v -2.084816 0.068424 0.630144
v -2.274173 0.068424 0.645206
v -2.277760 -0.017238 0.609897
v -1.303425 -0.038041 0.523754
v -1.886566 -0.017238 0.578781
v -3.368900 -0.038041 0.688043
v -2.478052 -0.017238 0.625828
v -1.695663 -0.017238 0.563597
v -1.495372 -0.017238 0.547666
v -1.714260 0.026433 0.583223
v -1.473910 0.026433 0.564106
v -1.299928 0.068424 0.567714
v -1.491788 0.068424 0.582974
v -1.865102 0.026433 0.595221
v -1.693623 0.068424 0.599028
v -1.882981 0.068424 0.614090
v -2.647488 0.026433 0.657452
v -2.496644 0.026433 0.645454
v -2.476008 0.068424 0.661260
v -2.665365 0.068424 0.676321
v -2.668952 -0.017238 0.641013
v -2.869244 -0.017238 0.656944
v -3.060144 -0.017238 0.672128
v -3.260435 -0.017238 0.688059
v -3.038681 0.026433 0.688568
v -3.279030 0.026433 0.707685
v -3.365404 0.068424 0.732002
v -3.258394 0.068424 0.723491
v -2.887837 0.026433 0.676570
v -2.867200 0.068424 0.692375
v -3.056559 0.068424 0.707437
v -1.694392 -0.174093 0.579581
v -1.713885 -0.113935 0.587937
v -1.691553 -0.151282 0.615272
v -1.716246 -0.132908 0.558250
v 0.420099 -0.086871 0.369194
v -0.408357 -0.086871 0.435089
v -0.396310 -0.086871 0.586544
v 0.432145 -0.086871 0.520648
v 1.031232 -0.086871 0.320584
v 0.655223 -0.086871 0.350492
v 0.667270 -0.086871 0.501946
v 1.043279 -0.086871 0.472038
v 0.655223 -0.086871 0.350492
v 0.420099 -0.086871 0.369194
v 0.432145 -0.086871 0.520648
v 0.667270 -0.086871 0.501946
v -3.348520 0.068424 0.944265
v -3.259389 0.026433 0.954622
v -3.345024 -0.038041 0.988224
v -3.241510 0.068424 0.935753
v -3.237925 -0.017238 0.971061
v -3.037634 -0.017238 0.955130
v -2.846734 -0.017238 0.939946
v -3.019039 0.026433 0.935504
v -2.868195 0.026433 0.923506
v -2.850317 0.068424 0.904637
v -3.039676 0.068424 0.919699
v -2.646442 -0.017238 0.924015
v -2.455542 -0.017238 0.908830
v -2.627847 0.026433 0.904389
v -2.255250 -0.017238 0.892899
v -2.477003 0.026433 0.892390
v -2.459125 0.068424 0.873522
v -2.648482 0.068424 0.888583
v -1.279548 -0.038041 0.823936
v -2.064350 -0.017238 0.877715
v -2.236655 0.026433 0.873273
v -2.085810 0.026433 0.861275
v -2.067932 0.068424 0.842406
v -2.257290 0.068424 0.857468
v -1.864056 -0.017238 0.861783
v -1.673153 -0.017238 0.846599
v -1.694618 0.026433 0.830159
v -1.472862 -0.017238 0.830668
v -1.845461 0.026433 0.842157
v -1.676740 0.068424 0.811291
v -1.866097 0.068424 0.826352
v -1.454268 0.026433 0.811042
v -1.283045 0.068424 0.779976
v -1.474905 0.068424 0.795237
v -1.492385 0.069333 0.585219
v -1.494959 0.086226 0.552865
v -1.491788 0.068424 0.582974
v -1.476365 0.042555 0.533239
v -1.473910 0.026433 0.564106
v -1.497828 -0.001117 0.516798
v -1.495372 -0.017238 0.547666
v -1.451813 0.042555 0.841909
v -1.474905 0.068424 0.795237
v -1.454268 0.026433 0.811042
v -1.473276 0.086226 0.825469
v -1.475849 0.069333 0.793114
v -1.470407 -0.001117 0.861536
v -1.472862 -0.017238 0.830668
v -1.473535 -0.113935 0.568820
v -1.497375 -0.088730 0.522483
v -1.475896 -0.132908 0.539132
v -1.495014 -0.069756 0.552172
v -1.494101 -0.174093 0.563650
v -1.473535 -0.113935 0.568820
v -1.491262 -0.151282 0.599340
v -1.454643 -0.113935 0.806328
v -1.470859 -0.088730 0.855851
v -1.473221 -0.069756 0.826162
v -1.452282 -0.132908 0.836015
v -1.454643 -0.113935 0.806328
v -1.474133 -0.174093 0.814684
v -1.476973 -0.151282 0.778992
v -2.067337 0.069333 0.840161
v -2.064763 0.086229 0.872516
v -2.067932 0.068424 0.842406
v -1.867043 0.069333 0.824230
v -1.864470 0.086229 0.856584
v -2.083355 0.042555 0.892142
v -2.085810 0.026433 0.861275
v -2.061894 -0.001117 0.908583
v -2.064350 -0.017238 0.877715
v -2.453539 -0.088730 0.934013
v -2.477378 -0.113935 0.887676
v -2.455900 -0.069756 0.904325
v -2.475017 -0.132908 0.917364
v -2.253247 -0.088730 0.918082
v -2.255608 -0.069756 0.888393
v -3.260077 -0.069756 0.692565
v -3.059786 -0.069756 0.676634
v -3.368900 -0.038041 0.688043
v -3.278655 -0.113935 0.712400
v -3.365404 -0.144507 0.732002
v -3.256325 -0.151282 0.739734
v -2.868886 -0.069756 0.661450
v -3.038306 -0.113935 0.693282
v -2.887462 -0.113935 0.681284
v -2.865134 -0.151282 0.708619
v -3.056034 -0.151282 0.723803
v -2.668594 -0.069756 0.645519
v -2.477694 -0.069756 0.630334
v -2.647113 -0.113935 0.662167
v -2.277401 -0.069756 0.614403
v -2.496269 -0.113935 0.650168
v -2.473942 -0.151282 0.677503
v -2.664842 -0.151282 0.692687
v -1.303425 -0.038041 0.523754
v -2.086501 -0.069756 0.599219
v -2.255921 -0.113935 0.631051
v -2.105077 -0.113935 0.619053
v -2.082749 -0.151282 0.646388
v -2.273649 -0.151282 0.661572
v -1.886208 -0.069756 0.583287
v -1.695305 -0.069756 0.568103
v -1.495014 -0.069756 0.552172
v -1.713885 -0.113935 0.587937
v -1.473535 -0.113935 0.568820
v -1.299928 -0.144507 0.567714
v -1.491262 -0.151282 0.599340
v -1.864727 -0.113935 0.599935
v -1.882456 -0.151282 0.630456
v -1.691553 -0.151282 0.615272
v -2.086185 -0.113935 0.856561
v -2.237030 -0.113935 0.868559
v -2.064708 -0.069756 0.873209
v -2.068460 -0.151282 0.826039
v -2.259360 -0.151282 0.841223
v -2.255608 -0.069756 0.888393
v -1.279548 -0.038041 0.823936
v -1.864414 -0.069756 0.857278
v -3.345024 -0.038041 0.988224
v -2.455900 -0.069756 0.904325
v -1.673512 -0.069756 0.842093
v -1.473221 -0.069756 0.826162
v -1.694993 -0.113935 0.825445
v -1.454643 -0.113935 0.806328
v -1.283045 -0.144507 0.779976
v -1.476973 -0.151282 0.778992
v -1.845836 -0.113935 0.837443
v -1.868166 -0.151282 0.810107
v -1.677263 -0.151282 0.794923
v -2.628222 -0.113935 0.899674
v -2.477378 -0.113935 0.887676
v -2.459652 -0.151282 0.857154
v -2.650552 -0.151282 0.872339
v -2.646800 -0.069756 0.919509
v -2.847093 -0.069756 0.935440
v -3.037993 -0.069756 0.950624
v -3.238284 -0.069756 0.966556
v -3.019414 -0.113935 0.930790
v -3.259764 -0.113935 0.949908
v -3.348520 -0.144507 0.944265
v -3.242036 -0.151282 0.919385
v -2.868570 -0.113935 0.918792
v -2.850845 -0.151282 0.888270
v -3.041745 -0.151282 0.903454
v -2.273649 -0.151282 0.661572
v -3.356965 -0.188605 0.838134
v -1.291487 -0.188605 0.673845
v -2.082749 -0.151282 0.646388
v -1.882456 -0.151282 0.630456
v -1.691553 -0.151282 0.615272
v -1.491262 -0.151282 0.599340
v -1.299928 -0.144507 0.567714
v -2.473942 -0.151282 0.677503
v -2.664842 -0.151282 0.692687
v -2.865134 -0.151282 0.708619
v -3.056034 -0.151282 0.723803
v -3.256325 -0.151282 0.739734
v -3.365404 -0.144507 0.732002
v -2.259360 -0.151282 0.841223
v -1.291487 -0.188605 0.673845
v -3.356965 -0.188605 0.838134
v -2.068460 -0.151282 0.826039
v -1.868166 -0.151282 0.810107
v -1.677263 -0.151282 0.794923
v -1.476973 -0.151282 0.778992
v -1.283045 -0.144507 0.779976
v -2.459652 -0.151282 0.857154
v -2.650552 -0.151282 0.872339
v -2.850845 -0.151282 0.888270
v -3.041745 -0.151282 0.903454
v -3.242036 -0.151282 0.919385
v -3.348520 -0.144507 0.944265
v -2.844731 -0.088730 0.965129
v -2.868570 -0.113935 0.918792
v -2.847093 -0.069756 0.935440
v -2.866209 -0.132908 0.948479
v -2.644439 -0.088730 0.949198
v -2.646800 -0.069756 0.919509
v -3.240912 0.069333 0.933508
v -3.238339 0.086229 0.965862
v -3.241510 0.068424 0.935753
v -3.040621 0.069333 0.917577
v -3.038048 0.086229 0.949931
v -3.256934 0.042555 0.985488
v -3.259389 0.026433 0.954622
v -2.458529 0.069333 0.871277
v -2.455956 0.086229 0.903631
v -2.459125 0.068424 0.873522
v -2.258237 0.069333 0.855346
v -2.255663 0.086229 0.887700
v -2.474548 0.042555 0.923257
v -2.477003 0.026433 0.892390
v -2.453087 -0.001117 0.939698
v -2.455542 -0.017238 0.908830
v -3.235922 -0.088730 0.996244
v -3.259764 -0.113935 0.949908
v -3.238284 -0.069756 0.966556
v -3.257403 -0.132908 0.979595
v -3.035631 -0.088730 0.980313
v -3.037993 -0.069756 0.950624
v -1.291487 0.112523 0.673845
v -1.291487 -0.188605 0.673845
v -1.279548 -0.038041 0.823936
v -1.283045 -0.144507 0.779976
v -1.283045 0.068424 0.779976
v -1.303425 -0.038041 0.523754
v -1.299928 -0.144507 0.567714
v -1.299928 0.068424 0.567714
v -2.088863 -0.088730 0.569530
v -2.105077 -0.113935 0.619053
v -2.107438 -0.132908 0.589365
v -2.086501 -0.069756 0.599219
v -2.849721 0.069333 0.902393
v -2.847148 0.086229 0.934747
v -2.850317 0.068424 0.904637
v -2.649429 0.069333 0.886461
v -2.646855 0.086229 0.918816
v -2.865740 0.042555 0.954373
v -2.868195 0.026433 0.923506
v -2.844279 -0.001117 0.970814
v -2.846734 -0.017238 0.939946
v -2.065621 -0.174093 0.861732
v -2.086185 -0.113935 0.856561
v -2.083824 -0.132908 0.886248
v -2.068460 -0.151282 0.826039
v -2.085588 -0.174093 0.610696
v -2.105077 -0.113935 0.619053
v -2.082749 -0.151282 0.646388
v -2.107438 -0.132908 0.589365
v -2.086446 0.086229 0.599912
v -2.084816 0.068424 0.630144
v -2.107907 0.042555 0.583472
v -2.083873 0.069333 0.632266
v -2.105452 0.026433 0.614339
v -2.089315 -0.001117 0.563845
v -2.086860 -0.017238 0.594713
v 0.929029 0.384790 0.497224
v 1.140056 0.436363 0.605340
v 1.130184 0.384790 0.481224
v 0.938901 0.436363 0.621340
v 1.144146 0.560871 0.656751
v 0.942991 0.560871 0.672750
v 0.919157 0.436363 0.373109
v 1.120312 0.436363 0.357109
v 0.915068 0.560871 0.321698
v 1.116223 0.560871 0.305698
v 0.919157 0.685380 0.373109
v 1.120312 0.685380 0.357109
v 0.929029 0.736955 0.497224
v 1.130184 0.736955 0.481224
v 0.938901 0.685380 0.621340
v 1.140056 0.685380 0.605340
v 0.942991 0.560871 0.672750
v 1.144146 0.560871 0.656751
v 0.421783 0.062068 0.390368
v 0.654845 -0.000721 0.345739
v 0.667270 -0.000721 0.501946
v 0.432145 0.062068 0.520647
v 2.004594 -0.566550 0.283688
v 2.024826 -0.566550 0.538050
v 2.192364 -0.566550 0.268753
v 2.212596 -0.566550 0.523115
v 1.535160 -0.472370 0.321027
v 1.555393 -0.472370 0.575389
v 1.394332 -0.174122 0.332227
v 1.414564 -0.174122 0.586590
v 2.212596 -0.566550 0.523115
v 2.214619 -0.142728 0.548550
v 2.190340 -0.142728 0.243316
v -2.480055 -0.088730 0.600646
v -2.496269 -0.113935 0.650168
v -2.498631 -0.132908 0.620481
v -2.477694 -0.069756 0.630334
v -2.476781 -0.174093 0.641811
v -2.496269 -0.113935 0.650168
v -2.473942 -0.151282 0.677503
v -2.498631 -0.132908 0.620481
v -2.456813 -0.174093 0.892848
v -2.477378 -0.113935 0.887676
v -2.475017 -0.132908 0.917364
v -2.459652 -0.151282 0.857154
v -2.477638 0.086229 0.631027
v -2.476008 0.068424 0.661260
v -2.499099 0.042555 0.614587
v -2.475065 0.069333 0.663382
v -2.496644 0.026433 0.645454
v -2.480507 -0.001117 0.594960
v -2.478052 -0.017238 0.625828
v 1.363037 -0.645038 0.334718
v 1.164200 -0.174122 0.606504
v 1.143968 -0.174122 0.352141
v 1.383269 -0.645038 0.589079
v 1.339236 -0.732969 0.336611
v 1.359468 -0.732969 0.590974
v 1.391792 -0.819117 0.332431
v 1.412024 -0.819117 0.586794
v 1.496372 -0.823959 0.324112
v 1.516604 -0.823959 0.578475
v 1.597752 -0.770612 0.316049
v 1.617985 -0.770612 0.570411
v 1.722933 -0.770612 0.306092
v 1.743165 -0.770612 0.560455
v 2.176717 -0.833404 0.269998
v 2.196949 -0.833404 0.524360
v 2.333195 -0.833404 0.257551
v 2.353427 -0.833404 0.511914
v -2.871247 -0.088730 0.631761
v -2.887462 -0.113935 0.681284
v -2.889823 -0.132908 0.651597
v -2.868886 -0.069756 0.661450
v -2.867973 -0.174093 0.672927
v -2.887462 -0.113935 0.681284
v -2.865134 -0.151282 0.708619
v -2.889823 -0.132908 0.651597
v -2.848006 -0.174093 0.923963
v -2.868570 -0.113935 0.918792
v -2.866209 -0.132908 0.948479
v -2.850845 -0.151282 0.888270
v -2.868831 0.086229 0.662143
v -2.867200 0.068424 0.692375
v -2.890292 0.042555 0.645703
v -2.866257 0.069333 0.694497
v -2.887837 0.026433 0.676570
v -2.871700 -0.001117 0.626076
v -2.869244 -0.017238 0.656944
v -3.260022 0.086229 0.693258
v -3.258394 0.068424 0.723491
v -3.281486 0.042555 0.676819
v -3.279030 0.026433 0.707685
v -3.257448 0.069333 0.725613
v -3.262438 -0.088730 0.662876
v -3.278655 -0.113935 0.712400
v -3.281017 -0.132908 0.682712
v -3.260077 -0.069756 0.692565
v -3.279030 0.026433 0.707685
v -3.262891 -0.001117 0.657191
v -3.281486 0.042555 0.676819
v -3.260435 -0.017238 0.688059
v -3.259164 -0.174093 0.704042
v -3.278655 -0.113935 0.712400
v -3.256325 -0.151282 0.739734
v -3.281017 -0.132908 0.682712
v -3.259389 0.026433 0.954622
v -3.235470 -0.001117 1.001930
v -3.237925 -0.017238 0.971061
v -3.256934 0.042555 0.985488
v -3.239197 -0.174093 0.955079
v -3.259764 -0.113935 0.949908
v -3.257403 -0.132908 0.979595
v -3.242036 -0.151282 0.919385
v 1.029628 -0.038041 0.300421
v 1.043279 -0.035813 0.472038
v 0.989549 -0.000721 0.319116
v 1.001974 -0.000721 0.475324
v 0.397256 -1.074321 0.414074
v 0.417087 -1.074321 0.663393
v 0.377417 -0.990188 0.415652
v 0.397248 -0.990188 0.664971
v 0.429260 -0.938172 0.662424
v 0.285144 -0.327002 0.673887
v 0.409429 -0.938172 0.413106
v 0.265313 -0.327002 0.424569
v 0.377417 -0.990188 0.415652
v 0.397248 -0.990188 0.664971
v 0.409429 -0.938172 0.413106
v 0.429260 -0.938172 0.662424
v 0.910419 0.560871 0.301030
v 0.337144 0.465638 0.448768
v 0.334016 0.560871 0.409445
v 0.337144 0.656105 0.448768
v 0.914995 0.421534 0.358564
v 0.914995 0.700209 0.358564
v 0.926043 0.363819 0.497462
v 0.926043 0.757924 0.497462
v 0.344695 0.426190 0.543702
v 0.344695 0.695552 0.543702
v 0.352246 0.465638 0.638637
v 0.352246 0.656105 0.638637
v 0.937091 0.421534 0.636360
v 0.941667 0.560871 0.693893
v 0.355374 0.560871 0.677960
v 0.937091 0.700209 0.636360
v 0.941667 0.560871 0.693893
v 0.355374 0.560871 0.677960
v 0.913560 0.718312 0.340518
v 0.926043 0.757924 0.497462
v 0.926043 0.783525 0.497462
v 0.938526 0.718312 0.654406
v 0.914995 0.700209 0.358564
v 0.937091 0.700209 0.636360
v 0.943697 0.560871 0.719416
v 0.941667 0.560871 0.693893
v 0.908389 0.560871 0.275508
v 0.910419 0.560871 0.301030
v 0.914995 0.421534 0.358564
v 0.913560 0.403431 0.340518
v 0.926043 0.338216 0.497462
v 0.926043 0.363819 0.497462
v 0.937091 0.421534 0.636360
v 0.938526 0.403431 0.654406
v 0.943697 0.560871 0.719416
v 0.941667 0.560871 0.693893
v 1.031232 -0.086871 0.320584
v 1.043279 -0.035813 0.472038
v 1.029628 -0.038041 0.300421
v 1.043279 -0.086871 0.472038
vn -0.9968 0.0005 0.0798
vn -0.4541 0.8902 0.0366
vn -0.5041 0.6295 -0.5913
vn -0.9968 0.0005 0.0796
vn -0.5041 0.6294 -0.5914
vn -0.5247 0.0007 -0.8513
vn -0.9968 0.0005 0.0794
vn -0.4043 0.6295 0.6635
vn -0.4541 0.8902 0.0369
vn -0.3835 0.0007 0.9235
vn -0.4043 0.6294 0.6637
vn -0.4043 -0.6294 0.6637
vn -0.3836 0.0005 0.9235
vn -0.4541 -0.8902 0.0369
vn -0.4043 -0.6295 0.6635
vn -0.9968 0.0005 0.0800
vn -0.5041 -0.6295 -0.5913
vn -0.4541 -0.8902 0.0366
vn -0.9968 0.0001 0.0798
vn -0.5247 0.0003 -0.8513
vn -0.5041 -0.6294 -0.5914
vn -0.9968 0.0003 0.0798
vn 0.9969 0.0005 -0.0788
vn 0.9969 0.0005 -0.0787
vn 0.9421 -0.3268 -0.0749
vn 0.5693 -0.8209 -0.0453
vn 0.9422 -0.3268 -0.0746
vn 0.9533 0.2926 -0.0753
vn 0.9531 0.2929 -0.0758
vn 0.9701 0.2301 -0.0768
vn 0.9701 0.2300 -0.0769
vn 0.9701 0.2302 -0.0772
vn 0.9702 0.2299 -0.0766
vn 0.9701 0.2301 -0.0769
vn -0.9969 -0.0000 0.0793
vn 0.2294 -0.9732 -0.0179
vn 0.2293 -0.9732 -0.0179
vn 0.2295 -0.9731 -0.0183
vn -0.4312 -0.8133 -0.3906
vn -0.5659 -0.7487 -0.3454
vn -0.9313 -0.3479 -0.1076
vn -0.9974 -0.0193 0.0692
vn -0.9958 0.0194 0.0893
vn -0.5331 0.7321 0.4241
vn -0.5041 0.7487 0.4305
vn -0.9958 -0.0189 0.0895
vn -0.9025 -0.3482 0.2536
vn -0.9974 0.0194 0.0692
vn -0.5041 -0.7486 0.4306
vn -0.3641 -0.8134 0.4537
vn -0.5933 0.7322 -0.3344
vn -0.5658 0.7487 -0.3454
vn -0.9964 -0.0083 0.0847
vn -0.5414 -0.6884 0.4826
vn -0.9977 0.0249 0.0632
vn -0.4832 -0.7196 0.4987
vn -0.5757 0.7088 -0.4075
vn -0.5702 0.7119 -0.4099
vn -0.9972 -0.0083 0.0739
vn -0.6109 -0.6884 -0.3911
vn -0.5559 -0.7197 -0.4160
vn -0.9951 0.0249 0.0953
vn -0.5042 0.7088 0.4934
vn -0.4983 0.7118 0.4950
vn 0.7049 0.7071 -0.0556
vn 0.7783 -0.6248 -0.0614
vn 0.7783 0.6248 -0.0614
vn 0.7049 -0.7071 -0.0561
vn -0.4313 -0.8133 -0.3905
vn -0.5659 -0.7486 -0.3455
vn -0.9312 -0.3481 -0.1078
vn -0.5758 0.7088 -0.4075
vn -0.9964 -0.0083 0.0846
vn -0.9025 -0.3481 0.2536
vn -0.5041 -0.7486 0.4307
vn -0.3641 -0.8133 0.4538
vn -0.9312 -0.3482 -0.1078
vn -0.9958 -0.0193 0.0893
vn -0.3640 -0.8133 0.4538
vn 0.0564 -0.7071 0.7049
vn 0.0561 -0.7071 0.7049
vn 0.0798 0.0003 0.9968
vn 0.0005 -1.0000 0.0004
vn -0.0561 -0.7071 -0.7049
vn -0.0788 0.0005 -0.9969
vn -0.0561 0.7071 -0.7049
vn 0.0005 1.0000 0.0004
vn 0.0561 0.7071 0.7049
vn 0.0798 0.0005 0.9968
vn 0.0797 0.0002 0.9968
vn 0.0798 0.0002 0.9968
vn 0.0565 -0.7071 0.7048
vn 0.0252 0.0005 0.9997
vn 0.0020 -0.7060 0.7082
vn 0.0005 -1.0000 0.0005
vn 0.0003 -1.0000 0.0002
vn 0.0020 -0.7062 0.7080
vn -0.0539 -0.9985 0.0048
vn -0.0556 -0.7071 -0.7049
vn -0.0540 -0.9985 0.0048
vn -0.1100 -0.7062 -0.6994
vn -0.0790 0.0003 -0.9969
vn -0.1100 -0.7060 -0.6996
vn -0.1332 0.0005 -0.9911
vn -0.0556 0.7071 -0.7049
vn -0.1100 0.7060 -0.6997
vn 0.0005 1.0000 0.0005
vn 0.0003 1.0000 0.0002
vn -0.1100 0.7062 -0.6994
vn -0.0540 0.9985 0.0048
vn 0.0565 0.7071 0.7048
vn -0.0539 0.9985 0.0048
vn 0.0019 0.7063 0.7080
vn 0.0020 0.7060 0.7083
vn 0.1447 0.7043 0.6950
vn 0.1236 0.0005 0.9923
vn 0.1681 0.0005 0.9858
vn 0.1000 0.7064 0.7007
vn 0.0440 0.9990 -0.0035
vn 0.0890 0.9960 -0.0068
vn 0.0330 0.7043 -0.7091
vn -0.0120 0.7064 -0.7077
vn -0.0349 0.0004 -0.9994
vn 0.0101 0.0005 -0.9999
vn 0.0336 -0.7043 -0.7092
vn -0.0120 -0.7064 -0.7077
vn 0.0440 -0.9990 -0.0035
vn 0.0890 -0.9960 -0.0068
vn 0.1447 -0.7043 0.6950
vn 0.1000 -0.7064 0.7007
vn 0.0798 0.0004 0.9968
vn 0.1236 0.0004 0.9923
vn -0.4311 -0.8134 -0.3905
vn -0.5658 -0.7487 -0.3454
vn -0.9974 -0.0194 0.0692
vn -0.9025 0.3481 0.2536
vn -0.5703 0.7119 -0.4099
vn -0.9958 -0.0194 0.0893
vn -0.9026 -0.3479 0.2535
vn -0.5041 -0.7487 0.4305
vn -0.3640 -0.8134 0.4538
vn -0.9311 0.3486 -0.1077
vn -0.9312 0.3481 -0.1077
vn -0.0793 0.0005 -0.9969
vn -0.0793 0.0003 -0.9969
vn -0.0788 0.0003 -0.9969
vn 0.0432 -0.8425 0.5369
vn 0.0511 -0.8418 0.5374
vn 0.0591 -0.7110 0.7007
vn 0.0005 -1.0000 0.0001
vn -0.0448 -0.8290 -0.5574
vn 0.0005 -1.0000 0.0003
vn -0.0561 -0.7125 -0.6994
vn -0.0422 -0.8425 -0.5370
vn 0.0449 -0.8285 0.5582
vn 0.0006 -1.0000 0.0005
vn 0.0552 -0.7120 0.7000
vn 0.0788 -0.0074 0.9969
vn 0.0847 -0.4305 0.8986
vn 0.0723 -0.3963 0.9153
vn 0.0706 -0.4423 0.8941
vn 0.0432 -0.8425 0.5370
vn 0.0433 -0.8425 0.5370
vn -0.0716 -0.4431 -0.8936
vn -0.0422 -0.8425 -0.5371
vn 0.0552 -0.7120 0.7001
vn -0.0345 -0.8418 -0.5387
vn -0.0522 -0.7120 -0.7002
vn -0.0732 -0.3983 -0.9143
vn -0.0584 -0.4313 -0.9003
vn -0.0523 -0.7119 -0.7004
vn -0.0798 -0.0083 -0.9968
vn -0.0448 -0.8289 -0.5575
vn -0.0562 -0.7124 -0.6996
vn -0.0795 0.0777 -0.9938
vn -0.0798 -0.0082 -0.9968
vn -0.0733 0.3827 -0.9210
vn -0.0728 0.3825 -0.9211
vn -0.0728 0.3826 -0.9210
vn -0.0727 0.3826 -0.9211
vn -0.0729 0.3827 -0.9210
vn -0.0797 -0.0083 -0.9968
vn -0.0733 0.3826 -0.9210
vn -0.0725 0.3826 -0.9211
vn -0.0732 0.3830 -0.9208
vn -0.0555 0.7071 -0.7050
vn -0.0729 0.3826 -0.9210
vn -0.0556 0.7071 -0.7050
vn 0.0592 -0.7110 0.7007
vn 0.0511 -0.8417 0.5375
vn 0.0733 0.3827 0.9210
vn 0.0788 -0.0073 0.9969
vn 0.0737 0.3826 0.9210
vn 0.0565 0.7071 0.7049
vn 0.0733 0.3826 0.9210
vn 0.0736 0.3826 0.9210
vn 0.0738 0.3826 0.9210
vn 0.0566 0.7071 0.7049
vn 0.0566 0.7071 0.7048
vn 0.0741 0.3826 0.9209
vn 0.0789 -0.0073 0.9969
vn 0.0736 0.3827 0.9210
vn 0.0739 0.3826 0.9210
vn -0.0345 -0.8417 -0.5388
vn -0.0523 -0.7118 -0.7004
vn -0.9276 -0.3663 0.0738
vn -0.4802 -0.8763 0.0382
vn -0.4808 -0.8760 0.0388
vn 0.1400 -0.9901 -0.0109
vn 0.4486 -0.8930 -0.0357
vn -0.0728 0.3826 -0.9211
vn -0.0726 0.3826 -0.9211
vn -0.0727 0.3826 -0.9210
vn -0.0555 0.7071 -0.7049
vn -0.0727 0.3824 -0.9211
vn 0.0795 -0.0297 0.9964
vn 0.0793 -0.0200 0.9967
vn 0.0796 -0.0601 0.9950
vn 0.0793 -0.0000 0.9969
vn -0.0793 -0.0200 -0.9967
vn -0.0789 -0.0298 -0.9964
vn -0.0787 0.0005 -0.9969
vn -0.0786 -0.0601 -0.9951
vn -0.0788 -0.0601 -0.9951
vn -0.0793 -0.0000 -0.9969
vn 0.0006 1.0000 0.0005
vn 0.0732 0.3827 0.9210
vn -0.0557 0.7071 -0.7049
vn -0.0798 -0.0081 -0.9968
vn 0.0005 1.0000 0.0003
vn 0.0798 0.0006 0.9968
vn -0.3501 -0.9363 0.0278
vn -0.1290 -0.9916 0.0108
vn -0.3771 -0.9256 0.0324
vn -0.1250 -0.9921 0.0104
vn -0.5415 -0.6884 0.4826
vn 0.5560 -0.7196 0.4159
vn 0.6111 -0.6882 0.3912
vn -0.4833 -0.7197 0.4984
vn 0.0371 -0.8870 0.4603
vn 0.0371 -0.8869 0.4604
vn -0.5041 -0.7485 0.4309
vn 0.5411 -0.6884 -0.4830
vn 0.9964 -0.0083 -0.0847
vn 0.4831 -0.7198 -0.4985
vn 0.9977 0.0249 -0.0632
vn -0.6111 -0.6882 -0.3912
vn -0.5560 -0.7196 -0.4159
vn -0.4313 -0.8134 -0.3904
vn 0.5041 -0.7484 -0.4309
vn -0.5659 -0.7486 -0.3454
vn 0.3641 -0.8133 -0.4538
vn -0.0361 -0.8870 -0.4604
vn -0.0362 -0.8869 -0.4605
vn -0.1290 -0.9916 0.0103
vn 0.7049 -0.7071 -0.0556
vn -0.1338 -0.9909 0.0111
vn 0.7785 -0.6246 -0.0619
vn 0.6109 -0.6884 0.3911
vn 0.9972 -0.0083 -0.0739
vn 0.9951 0.0249 -0.0953
vn 0.0304 -0.9238 0.3816
vn -0.0000 -1.0000 0.0005
vn 0.0310 -0.9239 0.3814
vn 0.0303 -0.9238 0.3816
vn 0.0307 -0.9239 0.3815
vn 0.0310 -0.9239 0.3813
vn 0.0304 -0.9237 0.3819
vn 0.0303 -0.9239 0.3815
vn 0.0309 -0.9239 0.3813
vn 0.0307 -0.9239 0.3814
vn 0.0308 -0.9239 0.3813
vn 0.0005 -1.0000 0.0006
vn 0.0304 -0.9237 0.3818
vn 0.0308 -0.9239 0.3814
vn 0.0307 -0.9239 0.3813
vn 0.0310 -0.9240 0.3812
vn -0.0297 -0.9239 -0.3814
vn -0.0304 -0.9238 -0.3816
vn -0.0298 -0.9239 -0.3814
vn -0.0303 -0.9239 -0.3815
vn -0.0304 -0.9237 -0.3818
vn -0.0303 -0.9239 -0.3814
vn -0.0297 -0.9240 -0.3813
vn -0.0303 -0.9238 -0.3816
vn -0.0299 -0.9239 -0.3815
vn 0.9025 -0.3481 -0.2536
vn 0.9025 -0.3482 -0.2536
vn 0.9958 -0.0194 -0.0893
vn 0.9023 -0.3486 -0.2537
vn 0.9974 0.0194 -0.0692
vn 0.5935 0.7321 0.3344
vn 0.5658 0.7487 0.3454
vn 0.9312 -0.3483 0.1078
vn 0.9312 -0.3481 0.1077
vn 0.9312 -0.3482 0.1077
vn 0.9974 -0.0194 -0.0692
vn 0.9958 0.0194 -0.0893
vn 0.5331 0.7321 -0.4241
vn 0.5041 0.7487 -0.4305
vn -0.5042 0.7486 0.4305
vn -0.5331 0.7318 0.4246
vn 0.5659 0.7484 0.3458
vn 0.0371 0.8870 0.4603
vn 0.0366 0.8870 0.4603
vn 0.0372 0.8870 0.4603
vn -0.4984 0.7120 0.4947
vn 0.5703 0.7118 0.4100
vn 0.5758 0.7089 0.4073
vn -0.5042 0.7087 0.4934
vn 0.5042 0.7088 -0.4933
vn -0.5703 0.7118 -0.4100
vn -0.5758 0.7089 -0.4073
vn 0.4984 0.7120 -0.4947
vn 0.5042 0.7088 -0.4934
vn -0.5659 0.7484 -0.3458
vn 0.5042 0.7486 -0.4305
vn 0.5331 0.7318 -0.4246
vn -0.5935 0.7321 -0.3344
vn -0.0361 0.8870 -0.4604
vn -0.0366 0.8870 -0.4603
vn -0.0360 0.8870 -0.4604
vn 0.5758 0.7088 0.4074
vn 0.9977 0.0250 -0.0632
vn 0.5702 0.7119 0.4100
vn 0.0733 -0.3827 0.9210
vn 0.0736 -0.3826 0.9210
vn 0.0793 0.0317 0.9964
vn 0.0798 0.0317 0.9963
vn 0.0738 -0.3826 0.9210
vn 0.0737 -0.3826 0.9210
vn 0.4982 0.7119 -0.4950
vn 0.9951 0.0250 -0.0953
vn 0.7785 0.6246 -0.0614
vn 0.7049 0.7071 -0.0561
vn -0.7785 0.6246 0.0619
vn -0.7049 0.7071 0.0566
vn -0.0733 -0.3827 -0.9210
vn -0.0793 0.0317 -0.9964
vn -0.0729 -0.3826 -0.9210
vn -0.0728 -0.3826 -0.9210
vn -0.0788 0.0317 -0.9964
vn -0.0728 -0.3826 -0.9211
vn -0.5658 -0.7487 -0.3455
vn -0.9313 -0.3481 -0.1076
vn -0.5330 0.7321 0.4241
vn -0.9025 -0.3481 0.2535
vn -0.5040 -0.7487 0.4305
vn -0.5934 0.7322 -0.3344
vn -0.4831 -0.7196 0.4987
vn -0.5758 0.7088 -0.4074
vn -0.5702 0.7119 -0.4100
vn -0.5042 0.7088 0.4933
vn 0.4313 -0.8133 0.3907
vn 0.5659 -0.7484 0.3459
vn 0.9313 -0.3480 0.1076
vn -0.5041 -0.7484 0.4309
vn 0.9958 0.0193 -0.0893
vn 0.0717 0.4411 0.8946
vn 0.0792 0.0319 0.9963
vn 0.0716 0.4411 0.8946
vn 0.0567 0.7061 0.7059
vn 0.0434 0.8406 0.5400
vn 0.0717 0.4412 0.8945
vn 0.0441 0.8348 0.5488
vn 0.0442 0.8348 0.5488
vn 0.0798 0.0319 0.9963
vn 0.0716 0.4412 0.8945
vn 0.0558 0.7163 0.6956
vn 0.0438 0.8379 0.5441
vn -0.0707 0.4412 -0.8946
vn -0.0707 0.4411 -0.8947
vn -0.0432 0.8347 -0.5489
vn -0.0792 0.0319 -0.9963
vn -0.0787 0.0319 -0.9964
vn -0.0706 0.4412 -0.8946
vn -0.0548 0.7163 -0.6957
vn -0.0428 0.8379 -0.5442
vn -0.0557 0.7061 -0.7059
vn -0.0425 0.8406 -0.5400
vn 0.0441 0.8349 0.5486
vn -0.0000 1.0000 0.0006
vn 0.0438 0.8380 0.5439
vn 0.0558 0.7164 0.6954
vn 0.0434 0.8407 0.5398
vn 0.0561 0.7061 0.7059
vn -0.0431 0.8349 -0.5487
vn 0.0005 1.0000 0.0002
vn -0.0000 1.0000 0.0003
vn -0.0428 0.8380 -0.5440
vn -0.0553 0.7164 -0.6955
vn -0.0424 0.8406 -0.5399
vn 0.5415 -0.6884 -0.4826
vn 0.4832 -0.7196 -0.4987
vn 0.4313 -0.8133 0.3906
vn 0.5658 -0.7485 0.3459
vn 0.9314 -0.3478 0.1076
vn 0.9974 -0.0191 -0.0690
vn 0.9958 0.0190 -0.0894
vn 0.4313 -0.8132 0.3907
vn 0.5560 -0.7196 0.4160
vn 0.4315 -0.8132 0.3905
vn 0.9313 -0.3481 0.1076
vn 0.5758 0.7088 0.4075
vn 0.9977 0.0249 -0.0631
vn 0.4982 0.7119 -0.4949
vn 0.5042 -0.7486 -0.4306
vn 0.9026 -0.3479 -0.2534
vn 0.9974 0.0193 -0.0692
vn -0.0793 0.0004 -0.9969
vn -0.0788 0.0004 -0.9969
vn -0.1341 -0.9909 0.0112
vn -0.1252 -0.9921 0.0105
vn -0.1292 -0.9916 0.0108
vn 0.0978 0.9952 -0.0071
vn 0.0980 0.9952 -0.0074
vn -0.7185 0.6931 0.0572
vn -0.7185 0.6931 0.0577
vn 0.6134 0.7883 -0.0483
vn 0.9008 0.4283 -0.0714
vn 0.9008 0.4284 -0.0713
vn -0.7182 0.6934 0.0576
vn -0.7182 0.6934 0.0577
vn 0.5560 -0.7197 0.4159
vn 0.5042 -0.7486 -0.4305
vn 0.9026 -0.3480 -0.2535
vn 0.5659 0.7487 0.3454
vn -0.9932 -0.0856 0.0790
vn -0.9034 -0.4226 0.0725
vn -0.9868 -0.1412 0.0790
vn -0.9868 -0.1415 0.0785
vn -0.5072 -0.8609 0.0403
vn -0.5073 -0.8608 0.0403
vn 0.2161 -0.9762 -0.0172
vn 0.2384 -0.9710 -0.0190
vn 0.2385 -0.9710 -0.0190
vn -0.0686 -0.9976 0.0060
vn -0.0684 -0.9976 0.0057
vn -0.0683 -0.9977 0.0054
vn -0.0686 -0.9976 0.0059
vn 0.5041 -0.7487 -0.4305
vn 0.9025 -0.3481 -0.2535
vn 0.3640 -0.8133 -0.4538
vn 0.9026 -0.3479 -0.2535
vn 0.9958 -0.0191 -0.0896
vn 0.9974 0.0190 -0.0691
vn 0.3641 -0.8134 -0.4538
vn 0.5559 -0.7196 0.4160
vn 0.9974 0.0191 -0.0690
vn 0.9312 0.3481 0.1077
vn 0.9958 -0.0190 -0.0894
vn 0.4983 0.7118 -0.4950
vn 0.9958 0.0192 -0.0896
vn 0.9025 0.3481 -0.2536
vn 0.9974 -0.0190 -0.0691
vn 0.5703 0.7119 0.4099
vn -0.8995 -0.4305 0.0741
vn -0.9060 -0.4168 0.0740
vn -0.3774 -0.9255 0.0324
vn -0.3499 -0.9363 0.0302
vn -0.9701 -0.2301 0.0775
vn -0.9701 -0.2302 0.0772
vn -0.9701 -0.2300 0.0776
vn -0.9701 -0.2299 0.0777
vn -0.8482 0.5253 0.0675
vn -0.8482 0.5254 0.0678
vn -0.8481 0.5254 0.0679
vn -0.1847 0.0003 -0.9828
vn -0.1101 -0.7061 -0.6995
vn -0.1101 0.7061 -0.6995
vn -0.1618 -0.7031 -0.6925
vn -0.1618 0.7031 -0.6925
vn -0.1059 -0.9943 0.0087
vn -0.1060 0.9943 0.0084
vn 0.0018 -0.7061 0.7081
vn 0.0018 0.7061 0.7081
vn -0.0498 -0.7031 0.7093
vn -0.0268 0.0004 0.9996
vn 0.0252 0.0004 0.9997
vn -0.0503 0.7031 0.7093
vn -0.0268 0.0005 0.9996
vn 0.0251 0.0005 0.9997
vn -0.7783 0.6247 0.0624
vn -0.9060 -0.4167 0.0746
vn -0.8996 -0.4305 0.0741
vn -0.7049 0.7071 0.0561
vt 0.375000 1.000000
vt 0.500000 1.000000
vt 0.625000 1.000000
vt 0.250000 1.000000
vt 0.750000 1.000000
vt 0.125000 1.000000
vt 0.875000 1.000000
vt 0.000000 1.000000
vt 1.000000 1.000000
vt 0.125000 0.500000
vt 0.250000 0.500000
vt 0.375000 0.500000
vt 0.000000 0.500000
vt 0.500000 0.500000
vt 0.625000 0.500000
vt 0.750000 0.500000
vt 0.875000 0.500000
vt 1.000000 0.500000
vt 0.625000 0.750000
vt 0.625000 0.250000
vt 0.375000 0.000000
vt 0.375000 0.250000
vt 0.625000 0.000000
vt 0.562500 1.000000
vt 0.425976 0.000000
vt 0.425976 0.250000
vt 0.125000 0.750000
vt 0.375000 0.750000
vt 0.625000 0.158302
vt 0.625000 0.131979
vt 0.620181 0.157206
vt 0.500000 0.134943
vt 0.500000 0.160055
vt 0.375000 0.137906
vt 0.375000 0.163019
vt 0.500000 0.158894
vt 0.625000 0.139464
vt 0.500000 0.133491
vt 0.625000 0.164867
vt 0.375000 0.131525
vt 0.413497 0.154760
vt 0.375000 0.541576
vt 0.375000 0.534238
vt 0.375000 0.537997
vt 0.875000 0.750000
vt 1.000000 0.750000
vt 0.750000 0.750000
vt 0.500000 0.750000
vt 0.250000 0.750000
vt 0.000000 0.750000
vt 0.413498 0.154760
vt 0.625000 0.900819
vt 0.631733 0.918451
vt 0.631733 0.884472
vt 0.625000 0.934798
vt 0.625000 0.866840
vt 0.631733 0.952430
vt 0.625000 0.968777
vt 0.631733 0.850493
vt 0.631733 0.986409
vt 0.625000 0.832861
vt 0.589106 0.988148
vt 0.547611 0.986409
vt 0.547611 0.969011
vt 0.547611 0.952430
vt 0.589106 0.967272
vt 0.589106 0.954169
vt 0.547611 0.935033
vt 0.547611 0.918451
vt 0.589106 0.933293
vt 0.589106 0.920191
vt 0.547611 0.901054
vt 0.547611 0.884472
vt 0.589106 0.899314
vt 0.589106 0.886212
vt 0.547611 0.867075
vt 0.625000 0.952665
vt 0.625000 0.918686
vt 0.625000 0.884707
vt 0.589106 0.852233
vt 0.589106 0.865335
vt 0.625000 0.850728
vt 0.547611 0.850493
vt 0.547611 0.833096
vt 0.589106 0.831357
vt 0.562500 0.500000
vt 0.500000 0.692288
vt 0.544860 0.692239
vt 0.545337 0.599916
vt 0.545443 0.579498
vt 0.545615 0.546847
vt 0.500000 0.546859
vt 0.497908 0.546859
vt 0.464942 0.550446
vt 0.405967 0.599941
vt 0.464941 0.579519
vt 0.383278 0.833096
vt 0.405961 0.692288
vt 0.424299 0.831357
vt 0.465320 0.833096
vt 0.465320 0.850493
vt 0.442957 0.866127
vt 0.424299 0.852233
vt 0.412071 0.851714
vt 0.424299 0.865335
vt 0.383278 0.867075
vt 0.405194 0.885402
vt 0.424299 0.899314
vt 0.383278 0.901054
vt 0.405194 0.919381
vt 0.424299 0.933293
vt 0.383278 0.935033
vt 0.405193 0.953359
vt 0.424299 0.967272
vt 0.383278 0.969011
vt 0.383278 0.986409
vt 0.424299 0.988148
vt 0.625000 0.986643
vt 0.375000 0.271975
vt 0.424299 0.954170
vt 0.442957 0.968063
vt 0.424299 0.886212
vt 0.442957 0.900105
vt 0.424299 0.920191
vt 0.442957 0.934084
vt 0.465320 0.952430
vt 0.465320 0.918451
vt 0.465320 0.884472
vt 0.465320 0.986409
vt 0.146975 0.500000
vt 0.146975 0.750000
vt 0.375000 0.978025
vt 0.425976 1.000000
vt 1.000000 0.000000
vt 0.500000 0.000000
vt 0.000000 0.000000
vt 0.446706 0.987198
vt 0.818856 0.500000
vt 0.818856 0.538841
vt 0.625000 0.610536
vt 0.625000 0.585133
vt 0.625000 0.591698
vt 0.625000 0.618021
vt 0.500000 0.591106
vt 0.500000 0.616509
vt 0.625000 0.341252
vt 0.375000 0.341252
vt 0.625000 0.306144
vt 0.375000 0.306144
vt 0.625000 0.253084
vt 0.622903 0.250000
vt 0.625000 0.534238
vt 0.372429 0.776561
vt 0.372429 0.824479
vt 0.375000 0.776755
vt 0.375000 0.824285
vt 0.372429 0.874753
vt 0.372429 0.726287
vt 0.372429 0.922671
vt 0.375000 0.874947
vt 0.375000 0.922477
vt 0.372429 0.972946
vt 0.375000 0.973139
vt 0.375000 0.678562
vt 0.375000 0.726093
vt 0.372429 0.678369
vt 0.372429 0.628094
vt 0.375000 0.580370
vt 0.375000 0.627900
vt 0.372429 0.580176
vt 0.372429 0.529902
vt 0.375000 0.529708
vt 0.620181 0.592794
vt 0.500000 0.615057
vt 0.500000 0.589945
vt 0.375000 0.612094
vt 0.375000 0.586981
vt 0.125000 0.612094
vt 0.125000 0.586981
vt 0.125000 0.587935
vt 0.125000 0.618475
vt 0.391871 0.621676
vt 0.375000 0.587935
vt 0.424299 0.683396
vt 0.424299 0.721259
vt 0.475575 0.678369
vt 0.475575 0.726287
vt 0.475575 0.628094
vt 0.475575 0.776561
vt 0.475575 0.580176
vt 0.475575 0.529902
vt 0.424299 0.585204
vt 0.424299 0.524874
vt 0.424299 0.623067
vt 0.424299 0.819451
vt 0.424299 0.781588
vt 0.475575 0.824479
vt 0.475575 0.874753
vt 0.475575 0.922671
vt 0.475575 0.972946
vt 0.424299 0.917644
vt 0.424299 0.977973
vt 0.424299 0.879781
vt 0.216252 0.537997
vt 0.216252 0.500000
vt 0.125000 0.537997
vt 0.181144 0.537997
vt 0.181144 0.500000
vt 0.620180 0.157206
vt 0.620182 0.592794
vt 0.537237 0.972946
vt 0.537237 0.922671
vt 0.589106 0.977973
vt 0.625000 0.974494
vt 0.537237 0.874753
vt 0.589106 0.917644
vt 0.589106 0.879781
vt 0.625000 0.876302
vt 0.625000 0.921123
vt 0.537237 0.824479
vt 0.537237 0.776561
vt 0.589106 0.819451
vt 0.537237 0.726287
vt 0.589106 0.781588
vt 0.625000 0.778109
vt 0.625000 0.822930
vt 0.537237 0.678369
vt 0.589106 0.721259
vt 0.589106 0.683396
vt 0.625000 0.679917
vt 0.625000 0.724738
vt 0.537237 0.628094
vt 0.537237 0.580176
vt 0.537237 0.529902
vt 0.589106 0.585204
vt 0.589106 0.524874
vt 0.625000 0.528353
vt 0.589106 0.623067
vt 0.625000 0.626546
vt 0.625000 0.581725
vt 0.644205 0.726286
vt 0.644205 0.628094
vt 0.644205 0.529902
vt 0.644205 0.824479
vt 0.644205 0.922671
vt 0.391872 0.621676
vt 0.783748 0.534238
vt 0.783748 0.500000
vt 0.391871 0.621677
vt 0.431719 0.613438
vt 0.622903 0.208587
vt 0.625000 0.213764
vt 0.375000 0.212003
vt 0.375000 0.208424
s 1
f 1580/333/650 1581/334/650 1582/334/650
f 1583/335/650 1582/334/650 1581/334/650
f 1580/333/650 1582/334/650 1584/333/650
f 1582/334/650 1583/335/650 1585/335/650
f 1586/336/650 1580/333/650 1584/333/650
f 1583/335/650 1587/337/650 1585/335/650
f 1580/333/650 1586/336/650 1588/336/650
f 1583/335/650 1589/337/650 1587/337/650
f 1586/336/650 1590/338/650 1588/336/650
f 1591/339/650 1587/337/650 1589/337/650
f 1590/338/650 1586/336/650 1592/338/650
f 1593/340/650 1590/338/650 1592/338/650
f 1590/338/650 1593/340/650 1594/340/650
f 1587/337/650 1591/339/650 1595/339/650
f 1591/339/650 1596/341/650 1595/339/650
f 1596/341/650 1591/339/650 1597/341/650
f 1598/337/651 1599/339/652 1600/337/653
f 1599/339/654 1601/341/655 1602/339/656
f 1603/335/657 1598/337/658 1604/335/650
f 1605/334/659 1603/335/660 1606/334/650
f 1607/333/661 1605/334/662 1608/333/650
f 1609/336/663 1607/333/664 1610/336/665
f 1611/338/666 1609/336/667 1612/338/668
f 1613/340/669 1611/338/670 1614/340/671
f 1615/342/672 1616/343/672 1617/343/672
f 1618/344/672 1617/343/672 1616/343/672
f 1616/343/672 1615/342/672 1619/342/672
f 1620/345/672 1619/342/672 1615/342/672
f 1619/342/672 1620/345/672 1621/345/672
f 1618/344/672 1616/343/672 1622/344/672
f 1622/344/672 1623/346/672 1618/344/672
f 1623/346/672 1622/344/672 1624/346/672
f 1625/347/672 1623/346/672 1624/346/672
f 1623/346/672 1625/347/672 1626/347/672
f 1627/348/672 1626/347/672 1625/347/672
f 1627/348/672 1625/347/672 1628/348/672
f 1629/349/672 1627/348/672 1628/348/672
f 1627/348/672 1629/349/672 1630/349/672
f 1631/350/672 1630/349/672 1629/349/672
f 1629/349/672 1632/350/673 1631/350/672
f 1633/347/674 1634/351/675 1635/347/675
f 1634/351/675 1633/347/674 1636/351/676
f 1633/347/674 1637/351/677 1636/351/676
f 1638/347/678 1637/351/677 1633/347/674
f 1639/352/679 1640/353/679 1641/354/680
f 1640/353/679 1639/352/679 1642/355/680
f 1643/354/681 1644/353/682 1645/354/681
f 1645/354/681 1644/353/682 1646/353/681
f 1645/354/681 1646/353/681 1647/354/683
f 1647/354/683 1646/353/681 1648/353/681
f 1649/335/650 1650/356/684 1651/337/650
f 1651/337/650 1650/356/684 1652/335/650
f 1653/334/650 1650/356/684 1649/335/650
f 1654/333/650 1650/356/684 1653/334/650
f 1650/356/684 1654/333/650 1655/336/650
f 1650/356/684 1655/336/650 1656/333/650
f 1650/356/684 1656/333/650 1657/334/650
f 1658/355/672 1659/352/672 1660/357/672
f 1660/357/672 1659/352/672 1661/358/672
f 1662/359/685 1663/360/686 1664/342/685
f 1665/344/687 1664/342/685 1663/360/686
f 1666/361/688 1667/362/689 1668/363/690
f 1667/362/689 1669/364/691 1668/363/690
f 1668/363/690 1669/364/691 1670/365/692
f 1671/366/693 1670/365/692 1669/364/691
f 1670/365/692 1671/366/693 1672/367/694
f 1673/364/695 1674/363/696 1675/365/697
f 1674/363/696 1673/364/695 1676/362/698
f 1676/362/698 1677/361/699 1674/363/696
f 1675/365/697 1678/366/700 1673/364/695
f 1678/366/700 1675/365/697 1679/367/701
f 1680/368/702 1681/369/703 1682/370/704
f 1681/369/703 1680/368/702 1683/371/705
f 1684/372/706 1685/368/702 1682/370/704
f 1685/368/702 1684/372/706 1686/373/707
f 1687/368/708 1688/369/709 1689/371/710
f 1688/369/709 1687/368/708 1690/370/711
f 1691/368/708 1692/372/712 1690/370/711
f 1692/372/712 1691/368/708 1693/373/713
f 1694/344/714 1695/374/672 1696/375/715
f 1695/374/672 1694/344/714 1697/376/716
f 1696/375/715 1698/344/717 1694/344/714
f 1699/361/718 1700/362/719 1701/363/720
f 1700/362/719 1702/364/691 1701/363/720
f 1701/363/720 1702/364/691 1703/365/692
f 1704/366/693 1703/365/692 1702/364/691
f 1703/365/692 1704/366/693 1705/367/694
f 1706/368/702 1707/369/703 1708/370/704
f 1707/369/703 1706/368/702 1709/371/705
f 1710/372/721 1711/368/722 1708/370/704
f 1711/368/722 1710/372/721 1712/373/707
f 1713/364/695 1714/363/723 1715/365/697
f 1714/363/723 1713/364/695 1716/362/724
f 1716/362/724 1717/361/725 1714/363/723
f 1715/365/697 1718/366/700 1713/364/695
f 1718/366/700 1715/365/697 1719/367/701
f 1720/368/708 1721/369/709 1722/371/710
f 1721/369/709 1720/368/708 1723/370/711
f 1724/368/708 1725/372/712 1723/370/711
f 1725/372/712 1724/368/708 1726/373/713
f 1727/361/718 1728/362/719 1729/363/726
f 1728/362/719 1730/364/691 1729/363/726
f 1729/363/726 1730/364/691 1731/365/692
f 1732/366/693 1731/365/692 1730/364/691
f 1731/365/692 1732/366/693 1733/367/694
f 1734/364/727 1735/363/723 1736/365/697
f 1735/363/723 1734/364/727 1737/362/724
f 1737/362/724 1738/361/728 1735/363/723
f 1736/365/697 1739/366/700 1734/364/727
f 1739/366/700 1736/365/697 1740/367/701
f 1741/368/702 1742/369/703 1743/370/704
f 1742/369/703 1741/368/702 1744/371/705
f 1745/372/721 1746/368/702 1743/370/704
f 1746/368/702 1745/372/721 1747/373/707
f 1748/368/708 1749/369/709 1750/371/710
f 1749/369/709 1748/368/708 1751/370/711
f 1752/368/708 1753/372/712 1751/370/711
f 1753/372/712 1752/368/708 1754/373/713
f 1755/339/729 1756/339/730 1757/341/731
f 1756/339/730 1758/341/731 1757/341/731
f 1759/337/732 1756/339/730 1755/339/729
f 1760/337/732 1759/337/732 1755/339/729
f 1761/335/733 1759/337/732 1760/337/732
f 1762/335/733 1761/335/733 1760/337/732
f 1763/334/734 1761/335/733 1762/335/733
f 1764/334/734 1763/334/734 1762/335/733
f 1765/333/735 1763/334/734 1764/334/734
f 1766/333/735 1765/333/735 1764/334/734
f 1766/333/735 1767/336/736 1765/333/735
f 1767/336/736 1766/333/735 1768/336/736
f 1768/336/736 1769/338/737 1767/336/736
f 1769/338/737 1768/336/736 1770/338/737
f 1771/340/738 1769/338/737 1770/338/737
f 1772/340/738 1771/340/738 1770/338/737
f 1773/349/730 1774/350/739 1775/349/730
f 1774/350/739 1773/349/730 1776/350/740
f 1775/349/730 1777/348/732 1773/349/730
f 1777/348/732 1775/349/730 1778/348/732
f 1778/348/732 1779/347/733 1777/348/732
f 1779/347/733 1778/348/732 1780/347/733
f 1780/347/733 1781/346/734 1779/347/733
f 1781/346/734 1780/347/733 1782/346/734
f 1782/346/734 1783/344/735 1781/346/734
f 1783/344/735 1782/346/734 1784/344/735
f 1783/344/735 1784/344/735 1785/343/736
f 1784/344/735 1786/343/736 1785/343/736
f 1785/343/736 1786/343/736 1787/342/737
f 1786/343/736 1788/342/737 1787/342/737
f 1788/342/737 1789/345/738 1787/342/737
f 1789/345/738 1788/342/737 1790/345/738
f 1791/339/730 1792/377/741 1793/378/740
f 1791/339/730 1793/378/740 1794/341/740
f 1792/377/741 1795/350/742 1793/378/740
f 1792/377/741 1796/349/743 1795/350/742
f 1797/337/744 1792/377/741 1791/339/730
f 1797/337/744 1798/379/745 1792/377/741
f 1798/379/745 1799/349/746 1792/377/741
f 1798/379/745 1800/348/747 1799/349/746
f 1801/335/733 1798/379/745 1797/337/744
f 1801/335/733 1802/351/748 1798/379/745
f 1802/351/748 1803/348/749 1798/379/745
f 1802/351/748 1804/347/750 1803/348/749
f 1805/334/734 1802/351/748 1801/335/733
f 1805/334/734 1806/380/751 1802/351/748
f 1806/380/751 1807/347/752 1802/351/748
f 1806/380/751 1808/346/753 1807/347/752
f 1809/333/735 1806/380/751 1805/334/734
f 1809/333/735 1810/360/754 1806/380/751
f 1810/360/754 1811/346/753 1806/380/751
f 1810/360/754 1812/344/755 1811/346/753
f 1813/336/756 1810/360/754 1809/333/735
f 1810/360/754 1813/336/756 1814/381/757
f 1815/344/758 1810/360/754 1814/381/757
f 1815/344/758 1814/381/757 1816/343/759
f 1817/338/737 1814/381/757 1813/336/756
f 1814/381/757 1817/338/737 1818/359/760
f 1819/340/738 1818/359/760 1817/338/737
f 1820/343/761 1814/381/757 1818/359/760
f 1820/343/761 1818/359/760 1821/342/762
f 1819/340/738 1822/382/738 1818/359/760
f 1822/382/738 1823/342/763 1818/359/760
f 1822/382/738 1824/345/742 1823/342/763
f 1825/351/732 1826/377/732 1827/347/732
f 1828/349/732 1827/347/732 1826/377/732
f 1829/338/764 1830/340/765 1831/340/766
f 1832/340/738 1830/340/765 1833/338/737
f 1830/340/765 1834/338/767 1833/338/737
f 1830/340/765 1829/338/764 1834/338/767
f 1834/338/767 1835/336/736 1833/338/737
f 1829/338/764 1836/336/768 1834/338/767
f 1835/336/736 1834/338/767 1836/336/768
f 1836/336/768 1829/338/764 1837/336/769
f 1836/336/768 1838/333/735 1835/336/736
f 1839/333/770 1836/336/768 1837/336/769
f 1838/333/735 1836/336/768 1840/333/771
f 1836/336/768 1839/333/770 1840/333/771
f 1838/333/735 1840/333/771 1841/334/734
f 1840/333/771 1839/333/770 1842/334/772
f 1840/333/771 1842/334/772 1841/334/734
f 1843/334/773 1842/334/772 1839/333/770
f 1841/334/734 1842/334/772 1844/335/733
f 1845/335/774 1842/334/772 1843/334/773
f 1842/334/772 1846/335/775 1844/335/733
f 1842/334/772 1845/335/774 1846/335/775
f 1844/335/733 1846/335/775 1847/337/732
f 1846/335/775 1845/335/774 1848/337/776
f 1846/335/775 1848/337/776 1847/337/732
f 1849/337/777 1848/337/776 1845/335/774
f 1847/337/732 1848/337/776 1850/339/730
f 1851/339/778 1848/337/776 1849/337/777
f 1848/337/776 1852/339/779 1850/339/730
f 1848/337/776 1851/339/778 1852/339/779
f 1850/339/730 1852/339/779 1853/341/780
f 1852/339/779 1854/341/781 1853/341/780
f 1852/339/779 1851/339/778 1854/341/781
f 1855/341/766 1854/341/781 1851/339/778
f 1856/335/650 1857/334/650 1858/334/650
f 1859/333/650 1858/334/650 1857/334/650
f 1857/334/650 1856/335/650 1860/335/650
f 1858/334/650 1859/333/650 1861/333/650
f 1862/337/650 1860/335/650 1856/335/650
f 1863/336/650 1861/333/650 1859/333/650
f 1860/335/650 1862/337/650 1864/337/650
f 1861/333/650 1863/336/650 1865/336/650
f 1862/337/650 1866/339/650 1864/337/650
f 1863/336/650 1867/338/650 1865/336/650
f 1862/337/650 1868/339/650 1866/339/650
f 1868/339/650 1869/341/650 1866/339/650
f 1869/341/650 1868/339/650 1870/341/650
f 1867/338/650 1863/336/650 1871/338/650
f 1872/340/650 1867/338/650 1871/338/650
f 1871/338/650 1873/340/650 1872/340/650
f 1874/361/782 1875/362/783 1876/363/690
f 1875/362/783 1877/364/784 1876/363/690
f 1876/363/690 1877/364/784 1878/365/692
f 1879/366/785 1878/365/692 1877/364/784
f 1878/365/692 1879/366/785 1880/367/785
f 1881/368/702 1882/369/703 1883/370/704
f 1882/369/703 1881/368/702 1884/371/705
f 1885/372/721 1886/368/702 1883/370/704
f 1886/368/702 1885/372/721 1887/383/786
f 1888/364/787 1889/363/788 1890/365/697
f 1889/363/788 1888/364/787 1891/362/789
f 1891/362/789 1892/361/790 1889/363/788
f 1890/365/697 1893/366/791 1888/364/787
f 1893/366/791 1890/365/697 1894/367/792
f 1895/368/708 1896/369/709 1897/371/710
f 1896/369/709 1895/368/708 1898/370/711
f 1899/368/708 1900/372/712 1898/370/711
f 1900/372/712 1899/368/708 1901/383/713
f 1902/337/736 1903/337/736 1904/339/735
f 1903/337/736 1905/339/735 1904/339/735
f 1905/339/735 1906/341/793 1904/339/735
f 1906/341/793 1905/339/735 1907/341/734
f 1908/335/737 1903/337/736 1902/337/736
f 1909/335/737 1908/335/737 1902/337/736
f 1909/335/737 1910/334/738 1908/335/737
f 1910/334/738 1909/335/737 1911/334/738
f 1911/334/738 1912/333/730 1910/334/738
f 1912/333/730 1911/334/738 1913/333/730
f 1913/333/730 1914/336/732 1912/333/730
f 1914/336/732 1913/333/730 1915/336/732
f 1915/336/732 1916/338/733 1914/336/732
f 1916/338/733 1915/336/732 1917/338/733
f 1917/338/733 1918/340/794 1916/338/733
f 1918/340/794 1917/338/733 1919/340/795
f 1920/337/744 1921/384/796 1922/385/796
f 1920/337/744 1923/386/796 1921/384/796
f 1924/387/796 1920/337/744 1922/385/796
f 1923/386/796 1920/337/744 1925/388/796
f 1926/389/796 1920/337/744 1924/387/796
f 1927/390/796 1920/337/744 1926/389/796
f 1925/388/796 1920/337/744 1928/391/796
f 1920/337/744 1927/390/796 1929/392/797
f 1920/337/744 1929/392/797 1930/335/798
f 1931/337/799 1932/393/800 1933/348/801
f 1932/393/800 1934/347/802 1933/348/801
f 1931/337/799 1935/391/803 1932/393/800
f 1935/391/803 1931/337/799 1936/388/803
f 1931/337/799 1937/386/803 1936/388/803
f 1937/386/803 1931/337/799 1938/384/803
f 1938/384/803 1931/337/799 1939/385/803
f 1939/385/803 1931/337/799 1940/387/803
f 1940/387/803 1931/337/799 1941/389/803
f 1931/337/799 1942/390/803 1941/389/803
f 1928/391/796 1920/337/744 1943/393/804
f 1943/393/804 1920/337/744 1944/348/805
f 1943/393/804 1944/348/805 1945/347/806
f 1946/334/807 1930/335/798 1947/394/808
f 1946/334/807 1947/394/808 1948/395/809
f 1948/395/809 1949/396/809 1946/334/807
f 1950/397/809 1946/334/807 1949/396/809
f 1951/398/810 1950/397/809 1949/396/809
f 1950/397/809 1951/398/810 1952/399/810
f 1946/334/807 1950/397/809 1953/400/809
f 1954/401/809 1946/334/807 1953/400/809
f 1955/402/810 1954/401/809 1953/400/809
f 1954/401/809 1955/402/810 1956/403/810
f 1957/404/809 1946/334/807 1954/401/809
f 1946/334/807 1957/404/809 1958/405/809
f 1957/404/809 1959/406/810 1958/405/809
f 1958/405/809 1959/406/810 1960/407/810
f 1946/334/807 1958/405/809 1961/408/809
f 1962/409/811 1963/398/810 1964/390/811
f 1963/398/810 1962/409/811 1965/399/810
f 1966/410/811 1967/402/810 1968/387/811
f 1967/402/810 1966/410/811 1969/403/810
f 1970/411/811 1971/406/810 1972/384/811
f 1971/406/810 1970/411/811 1973/407/810
f 1974/388/811 1975/412/810 1976/413/810
f 1975/412/810 1974/388/811 1977/414/812
f 1978/402/813 1979/403/813 1980/410/803
f 1978/402/813 1980/410/803 1981/387/803
f 1982/398/813 1983/399/813 1984/409/803
f 1982/398/813 1984/409/803 1985/390/803
f 1986/406/813 1987/407/813 1988/411/803
f 1986/406/813 1988/411/803 1989/384/803
f 1990/412/813 1991/388/814 1992/413/813
f 1991/388/814 1990/412/813 1993/414/814
f 1961/408/809 1994/413/810 1995/412/810
f 1995/412/810 1996/415/809 1961/408/809
f 1946/334/807 1961/408/809 1996/415/809
f 1946/334/807 1996/415/809 1997/416/809
f 1946/334/807 1997/416/809 1998/346/807
f 1999/417/809 1998/346/807 1997/416/809
f 1998/346/807 1999/417/809 2000/418/809
f 2000/418/809 1999/417/809 2001/347/815
f 2001/347/815 1999/417/809 2002/393/804
f 1942/390/803 1931/337/799 2003/392/816
f 1931/337/799 2004/335/817 2003/392/816
f 2005/356/818 2006/394/819 2004/335/820
f 2006/394/819 2005/356/818 2007/395/818
f 2008/334/821 2007/395/818 2005/356/818
f 2008/334/821 2009/396/818 2007/395/818
f 2009/396/818 2008/334/821 2010/397/818
f 2010/397/818 2011/398/813 2009/396/818
f 2011/398/813 2010/397/818 2012/399/813
f 2010/397/818 2008/334/821 2013/400/818
f 2008/334/821 2014/401/818 2013/400/818
f 2014/401/818 2015/402/813 2013/400/818
f 2015/402/813 2014/401/818 2016/403/813
f 2014/401/818 2008/334/821 2017/404/818
f 2017/404/818 2008/334/821 2018/405/818
f 2018/405/818 2019/406/813 2017/404/818
f 2019/406/813 2018/405/818 2020/407/813
f 2018/405/818 2008/334/821 2021/408/818
f 2021/408/818 2008/334/821 2022/419/821
f 2021/408/818 2023/412/813 2024/413/813
f 2023/412/813 2021/408/818 2025/415/818
f 2022/419/821 2025/415/818 2021/408/818
f 2025/415/818 2022/419/821 2026/416/818
f 2026/416/818 2022/419/821 2027/417/818
f 2028/420/818 2027/417/818 2022/419/821
f 2027/417/818 2028/420/818 2029/393/822
f 2030/421/818 2029/393/822 2028/420/818
f 2030/421/818 2031/347/823 2029/393/822
f 2032/422/818 2031/347/823 2030/421/818
f 2031/347/823 2032/422/818 2033/423/818
f 2033/423/818 2034/346/821 2031/347/823
f 2034/346/821 2033/423/818 2035/424/824
f 2036/425/824 2037/344/754 2034/346/825
f 2037/344/754 2036/425/824 2038/426/826
f 2039/427/826 2037/344/754 2038/426/826
f 2039/427/826 2038/426/826 2040/428/827
f 2039/427/826 2041/429/828 2037/344/754
f 2041/429/828 2039/427/826 2042/430/826
f 2041/429/828 2043/333/754 2037/344/754
f 2041/429/828 2042/430/826 2044/431/826
f 2045/419/825 2044/431/826 2042/430/826
f 2044/431/826 2045/419/825 2046/432/828
f 2045/419/825 2047/433/829 2046/432/828
f 2048/434/830 2049/435/830 2047/433/830
f 2048/434/826 2045/419/821 2050/334/831
f 2051/436/832 2043/333/754 2041/429/828
f 2051/436/833 2052/437/833 2053/438/833
f 2054/439/834 2043/333/835 2053/438/834
f 2055/440/836 2056/441/836 2054/439/836
f 2057/442/826 2043/333/835 2056/441/826
f 2057/442/826 2058/443/826 2059/444/826
f 2060/445/826 2043/333/837 2059/444/826
f 2060/445/836 2061/446/836 2062/447/836
f 2043/333/754 2062/447/826 2063/448/828
f 2043/333/754 2063/448/828 2064/449/826
f 2065/394/808 2066/335/838 2067/450/839
f 2068/352/738 2069/451/738 2070/358/738
f 2069/451/738 2068/352/738 2071/344/738
f 2071/344/738 2068/352/738 2072/347/738
f 2071/344/738 2072/347/738 2073/346/738
f 2074/432/840 1998/346/841 2075/431/842
f 2074/432/840 2076/334/841 1998/346/841
f 2077/344/843 2075/431/842 1998/346/841
f 2075/431/842 2077/344/843 2078/429/844
f 2079/433/845 2076/334/841 2074/432/840
f 2080/435/846 2081/434/840 2079/433/845
f 2081/434/840 2076/334/841 2079/433/845
f 2082/333/843 2078/429/844 2077/344/843
f 2082/333/843 2083/436/842 2078/429/844
f 2084/437/840 2083/436/840 2085/438/840
f 2082/333/847 2086/439/842 2085/438/842
f 2087/440/845 2086/439/845 2088/441/845
f 2082/333/843 2089/442/842 2088/441/842
f 2090/443/840 2089/442/840 2091/444/840
f 2082/333/848 2092/445/840 2091/444/840
f 2093/446/845 2092/445/845 2094/447/845
f 2094/447/846 2082/333/847 2095/448/840
f 2082/333/847 2096/449/840 2095/448/840
f 2097/435/842 2098/437/840 2099/434/842
f 2098/437/840 2097/435/842 2100/436/842
f 2101/445/842 2102/446/845 2103/452/840
f 2104/453/846 2103/452/840 2102/446/845
f 2105/439/842 2106/440/840 2107/454/842
f 2108/455/846 2107/454/842 2106/440/840
f 2109/442/849 2110/443/840 2111/456/840
f 2112/457/845 2111/456/840 2110/443/840
f 2113/334/841 2114/457/842 2115/458/842
f 2116/459/840 2113/334/850 2117/455/840
f 2118/460/842 2113/334/841 2119/434/842
f 2120/452/845 2121/453/845 2122/458/851
f 2076/334/841 2122/458/851 2121/453/845
f 2076/334/841 2121/453/845 2123/461/852
f 2076/334/841 2124/459/842 2125/457/845
f 2126/456/840 2125/457/845 2124/459/842
f 2127/455/842 2076/334/841 2128/460/842
f 2129/454/840 2127/455/842 2128/460/842
f 2130/333/847 2131/438/846 2132/436/846
f 2133/445/840 2130/333/847 2134/447/840
f 2130/333/847 2135/444/851 2136/442/851
f 2130/333/847 2137/441/840 2138/439/840
f 2139/450/853 2140/335/854 2141/394/819
f 2142/380/855 2143/346/855 2144/351/650
f 2144/351/650 2143/346/855 2145/347/650
f 2142/380/855 2146/344/856 2143/346/855
f 2147/360/857 2146/344/856 2142/380/855
f 2147/360/857 2148/462/858 2146/344/856
f 2147/360/857 2149/463/858 2148/462/858
f 2150/359/859 2148/462/858 2149/463/858
f 2148/462/858 2150/359/859 2151/342/859
f 2152/335/734 2153/360/734 2154/351/734
f 2154/351/734 2153/360/734 2155/380/734
f 2153/360/734 2152/335/734 2156/464/734
f 2156/464/734 2152/335/734 2157/465/734
f 2158/435/826 2159/437/826 2160/436/826
f 2159/437/826 2158/435/826 2161/434/826
f 2162/446/828 2163/445/826 2164/452/829
f 2164/452/829 2165/453/836 2162/446/828
f 2166/440/828 2167/439/826 2168/454/829
f 2168/454/829 2169/455/826 2166/440/828
f 2170/443/860 2171/442/828 2172/456/829
f 2172/456/829 2173/457/828 2170/443/860
f 2174/458/826 2050/334/821 2175/453/828
f 2175/453/828 2176/452/826 2174/458/826
f 2050/334/821 2177/461/861 2175/453/828
f 2050/334/831 2178/455/828 2179/460/828
f 2178/455/828 2180/454/826 2179/460/828
f 2181/459/862 2050/334/821 2182/457/836
f 2182/457/836 2183/456/826 2181/459/862
f 2184/457/836 2185/334/821 2186/458/836
f 2185/334/831 2187/459/826 2188/455/826
f 2185/334/831 2189/460/833 2190/434/833
f 2191/433/826 2192/419/821 2190/434/826
f 2193/438/828 2194/333/754 2195/436/828
f 2194/333/863 2196/445/864 2197/447/864
f 2198/444/827 2194/333/837 2199/442/827
f 2200/441/826 2194/333/837 2201/439/826
f 2202/351/738 2203/377/738 2204/377/738
f 2205/351/738 2203/377/738 2202/351/738
f 2206/351/738 2203/377/738 2205/351/738
f 2203/377/738 2206/351/738 2207/377/738
f 2208/340/865 2209/341/738 2210/341/738
f 2209/341/738 2208/340/865 2211/334/866
f 2208/340/865 2212/340/867 2211/334/866
f 2211/334/866 2212/340/867 2213/334/867
f 2214/341/738 2209/341/738 2211/334/866
f 2209/341/738 2214/341/738 2215/341/738
f 2216/341/738 2215/341/738 2214/341/738
f 2215/341/738 2216/341/738 2217/341/738
f 2218/341/868 2217/341/738 2216/341/738
f 2219/341/738 2218/341/868 2216/341/738
f 2218/341/868 2219/341/738 2220/341/738
f 2217/341/738 2218/341/868 2221/341/738
f 2222/341/738 2221/341/738 2218/341/868
f 2221/341/738 2222/341/738 2223/341/738
f 2224/347/734 2225/349/734 2226/347/734
f 2225/349/734 2224/347/734 2227/349/734
f 2226/347/734 2225/349/734 2228/347/734
f 2229/349/734 2228/347/734 2225/349/734
f 2230/333/738 2231/351/738 2232/360/738
f 2231/351/738 2230/333/738 2233/335/738
f 2234/333/738 2235/360/738 2236/333/738
f 2237/360/738 2236/333/738 2235/360/738
f 2238/333/738 2239/360/738 2240/333/738
f 2239/360/738 2238/333/738 2241/360/738
f 2242/466/734 2243/467/869 2244/468/870
f 2242/466/734 2244/468/870 2245/466/871
f 2246/467/872 2244/468/870 2243/467/869
f 2247/468/873 2244/468/870 2246/467/872
f 2243/467/869 2242/466/734 2248/466/734
f 2248/466/734 2242/466/734 2249/466/734
f 2249/466/734 2250/466/734 2248/466/734
f 2249/466/734 2251/466/734 2250/466/734
f 2252/466/874 2250/466/734 2251/466/734
f 2250/466/734 2252/466/874 2253/466/734
f 2252/466/874 2254/466/734 2253/466/734
f 2255/466/734 2252/466/874 2251/466/734
f 2252/466/874 2255/466/734 2256/466/734
f 2256/466/734 2255/466/734 2257/466/734
f 2258/354/734 2259/347/734 2260/352/734
f 2259/347/734 2258/354/734 2261/344/734
f 2262/354/734 2263/344/734 2264/354/734
f 2263/344/734 2262/354/734 2265/344/871
f 2266/354/734 2267/344/734 2268/354/734
f 2269/344/734 2268/354/734 2267/344/734
f 2270/336/875 2077/344/760 2271/343/756
f 2077/344/760 2270/336/875 2272/333/848
f 2273/334/841 2274/449/842 2272/333/843
f 2273/334/841 2275/469/876 2274/449/842
f 2276/333/877 2277/449/828 2278/334/878
f 2277/449/828 2279/469/828 2278/334/878
f 2280/344/754 2276/333/754 2281/336/879
f 2280/344/754 2281/336/879 2282/343/879
f 2283/339/730 2284/349/730 2285/350/780
f 2283/339/730 2285/350/780 2286/341/780
f 2287/337/744 2284/349/730 2283/339/730
f 2287/337/744 2288/348/744 2284/349/730
f 2289/335/733 2288/348/744 2287/337/744
f 2289/335/733 2290/347/733 2288/348/744
f 2291/334/734 2290/347/733 2289/335/733
f 2291/334/734 2292/346/734 2290/347/733
f 2293/333/735 2292/346/734 2291/334/734
f 2293/333/735 2294/344/735 2292/346/734
f 2295/336/756 2294/344/735 2293/333/735
f 2294/344/735 2295/336/756 2296/343/756
f 2297/338/737 2296/343/756 2295/336/756
f 2296/343/756 2297/338/737 2298/342/737
f 2299/340/880 2298/342/737 2297/338/737
f 2299/340/880 2300/345/880 2298/342/737
f 2301/470/881 2302/470/882 2303/471/883
f 2304/471/884 2303/471/883 2302/470/882
f 2305/472/885 2306/473/886 2307/472/887
f 2306/473/886 2305/472/885 2308/473/888
f 2309/472/885 2310/473/886 2311/472/887
f 2310/473/886 2309/472/885 2312/473/888
f 2313/472/885 2314/473/886 2315/472/887
f 2314/473/886 2313/472/885 2316/473/888
f 2317/472/885 2318/473/886 2319/472/887
f 2318/473/886 2317/472/885 2320/473/888
f 2321/472/885 2322/473/886 2323/472/887
f 2322/473/886 2321/472/885 2324/473/888
f 2325/474/725 2326/475/889 2327/474/890
f 2326/475/889 2325/474/725 2328/475/891
f 2329/472/892 2330/476/893 2331/473/894
f 2330/476/893 2329/472/892 2332/477/895
f 2331/473/894 2333/472/896 2329/472/892
f 2333/472/896 2331/473/894 2334/473/897
f 2335/347/734 2336/478/734 2337/479/734
f 2335/347/734 2337/479/734 2338/344/734
f 2339/480/734 2337/479/734 2336/478/734
f 2337/479/734 2339/480/734 2340/481/734
f 2341/482/734 2342/481/734 2339/480/734
f 2341/482/734 2343/354/734 2342/481/734
f 2343/354/734 2341/482/734 2344/483/734
f 2345/474/898 2346/475/899 2347/475/900
f 2346/475/899 2345/474/898 2348/474/901
f 2349/474/898 2350/475/899 2351/475/900
f 2350/475/899 2349/474/898 2352/474/901
f 2353/475/899 2354/475/900 2355/474/898
f 2353/475/899 2355/474/898 2356/474/901
f 2357/474/898 2358/475/902 2359/475/900
f 2358/475/902 2357/474/898 2360/474/903
f 2361/474/898 2362/475/899 2363/475/900
f 2362/475/899 2361/474/898 2364/474/901
f 2365/347/904 2366/347/905 2367/484/906
f 2368/484/907 2367/484/906 2366/347/905
f 2369/472/908 2370/476/909 2371/477/910
f 2370/476/909 2369/472/908 2372/473/886
f 2373/472/892 2374/476/893 2375/473/894
f 2374/476/893 2373/472/892 2376/477/895
f 2375/473/894 2377/472/896 2373/472/892
f 2375/473/894 2378/473/897 2377/472/896
f 2379/485/911 2380/336/912 2381/486/913
f 2381/486/913 2382/487/914 2379/485/911
f 2382/487/914 2381/486/913 2383/488/915
f 2380/336/912 2384/489/911 2381/486/913
f 2385/490/913 2380/336/912 2379/485/911
f 2386/491/916 2384/489/911 2380/336/912
f 2384/489/911 2386/491/916 2387/492/917
f 2387/492/917 2386/491/916 2388/493/918
f 2380/336/912 2389/494/919 2386/491/916
f 2390/333/920 2389/494/919 2380/336/912
f 2389/494/919 2390/333/920 2391/495/921
f 2380/336/912 2385/490/913 2392/343/922
f 2393/496/919 2385/490/913 2394/497/923
f 2385/490/913 2393/496/919 2395/498/924
f 2392/343/922 2385/490/913 2395/498/924
f 2395/498/924 2396/499/925 2392/343/922
f 2397/500/911 2396/499/925 2398/501/919
f 2396/499/925 2397/500/911 2399/502/911
f 2392/343/922 2396/499/925 2399/502/911
f 2399/502/911 2400/503/914 2392/343/922
f 2400/503/914 2401/344/920 2392/343/922
f 2401/344/920 2400/503/914 2402/504/926
f 2403/499/927 2404/343/912 2405/502/928
f 2403/499/927 2405/502/928 2406/500/928
f 2406/500/928 2407/501/929 2403/499/927
f 2404/343/912 2408/503/928 2405/502/928
f 2409/498/928 2404/343/912 2403/499/927
f 2410/344/930 2408/503/928 2404/343/912
f 2408/503/928 2410/344/930 2411/504/931
f 2404/343/912 2409/498/928 2412/490/929
f 2413/496/928 2412/490/929 2409/498/928
f 2412/490/929 2413/496/928 2414/497/932
f 2412/490/929 2415/336/732 2404/343/912
f 2416/485/928 2415/336/732 2412/490/929
f 2415/336/732 2416/485/928 2417/486/927
f 2418/487/928 2417/486/927 2416/485/928
f 2417/486/927 2418/487/928 2419/488/932
f 2415/336/732 2417/486/927 2420/489/928
f 2415/336/732 2420/489/928 2421/491/933
f 2422/492/928 2421/491/933 2420/489/928
f 2421/491/933 2422/492/928 2423/493/929
f 2415/336/732 2421/491/933 2424/494/934
f 2424/494/934 2425/333/935 2415/336/732
f 2425/333/935 2424/494/934 2426/495/931
f 2427/475/936 2428/505/937 2429/506/938
f 2427/475/936 2430/474/939 2428/505/937
f 2428/505/937 2431/507/940 2429/506/938
f 2431/507/940 2432/508/941 2429/506/938
f 2432/508/941 2431/507/940 2433/509/942
f 2434/474/943 2435/475/944 2436/505/945
f 2436/505/945 2435/475/944 2437/506/946
f 2437/506/946 2438/507/947 2436/505/945
f 2439/508/948 2438/507/947 2437/506/946
f 2438/507/947 2439/508/948 2440/509/949
f 2441/510/941 2442/511/950 2443/510/951
f 2442/511/950 2441/510/941 2444/511/952
f 2445/510/941 2446/511/950 2447/510/951
f 2446/511/950 2445/510/941 2448/511/952
f 2449/510/941 2450/511/953 2451/510/954
f 2450/511/953 2449/510/941 2452/511/952
f 2453/510/941 2454/511/950 2455/510/951
f 2454/511/950 2453/510/941 2456/511/952
f 2457/510/953 2458/511/950 2459/510/951
f 2458/511/950 2457/510/953 2460/511/955
f 2461/512/956 2462/512/957 2463/513/958
f 2461/512/956 2463/513/958 2464/513/712
f 2465/512/956 2466/512/957 2467/513/958
f 2465/512/956 2467/513/958 2468/513/712
f 2469/512/957 2470/513/959 2471/512/956
f 2470/513/959 2469/512/957 2472/513/958
f 2473/512/956 2474/512/957 2475/513/958
f 2473/512/956 2475/513/958 2476/513/959
f 2477/512/956 2478/512/957 2479/513/958
f 2477/512/956 2479/513/958 2480/513/712
f 2481/333/672 2482/336/672 2483/336/672
f 2482/336/672 2484/338/672 2483/336/672
f 2482/336/672 2481/333/672 2485/333/672
f 2482/336/672 2486/338/672 2484/338/672
f 2487/340/672 2484/338/672 2486/338/672
f 2484/338/672 2487/340/672 2488/340/672
f 2489/334/672 2485/333/672 2481/333/672
f 2489/334/672 2481/333/672 2490/334/672
f 2491/335/672 2489/334/672 2490/334/672
f 2491/335/672 2490/334/672 2492/335/672
f 2493/337/672 2491/335/672 2492/335/672
f 2492/335/672 2494/337/672 2493/337/672
f 2495/339/672 2493/337/672 2494/337/672
f 2493/337/672 2495/339/672 2496/339/672
f 2497/341/672 2496/339/672 2495/339/672
f 2496/339/672 2497/341/672 2498/341/672
f 2499/513/960 2500/512/961 2501/513/962
f 2500/512/961 2499/513/960 2502/512/963
f 2503/513/960 2504/512/961 2505/513/962
f 2504/512/961 2503/513/960 2506/512/963
f 2507/513/962 2508/512/963 2509/512/961
f 2508/512/963 2507/513/962 2510/513/964
f 2511/513/964 2512/512/961 2513/513/962
f 2512/512/961 2511/513/964 2514/512/963
f 2515/513/960 2516/512/961 2517/513/962
f 2516/512/961 2515/513/960 2518/512/963
f 2519/511/965 2520/511/966 2521/510/967
f 2519/511/965 2521/510/967 2522/510/968
f 2523/511/965 2524/511/966 2525/510/967
f 2523/511/965 2525/510/967 2526/510/968
f 2527/510/967 2528/511/969 2529/511/966
f 2528/511/969 2527/510/967 2530/510/970
f 2531/511/965 2532/511/966 2533/510/967
f 2531/511/965 2533/510/967 2534/510/968
f 2535/511/965 2536/511/971 2537/510/969
f 2535/511/965 2537/510/969 2538/510/968
f 2539/514/972 2540/476/893 2541/477/973
f 2540/476/893 2539/514/972 2542/515/974
f 2543/516/975 2544/517/976 2545/518/976
f 2546/496/975 2544/517/976 2543/516/975
f 2544/517/976 2546/496/975 2547/497/975
f 2545/518/976 2544/517/976 2548/519/976
f 2549/346/977 2545/518/976 2548/519/976
f 2549/346/977 2550/520/975 2545/518/976
f 2548/519/976 2551/334/978 2549/346/977
f 2552/521/979 2551/334/978 2548/519/976
f 2550/520/975 2549/346/977 2553/522/980
f 2553/522/980 2549/346/977 2554/523/976
f 2555/524/975 2550/520/975 2553/522/980
f 2549/346/977 2556/525/980 2554/523/976
f 2557/344/980 2556/525/980 2549/346/977
f 2556/525/980 2557/344/980 2558/504/980
f 2550/520/975 2555/524/975 2559/526/975
f 2560/500/976 2559/526/975 2555/524/975
f 2559/526/975 2560/500/976 2561/501/980
f 2562/527/980 2552/521/979 2563/528/980
f 2564/487/976 2562/527/980 2563/528/980
f 2562/527/980 2564/487/976 2565/488/980
f 2552/521/979 2562/527/980 2566/529/975
f 2566/529/975 2551/334/978 2552/521/979
f 2567/530/980 2551/334/978 2566/529/975
f 2551/334/978 2567/530/980 2568/531/975
f 2551/334/978 2568/531/975 2569/532/980
f 2567/530/980 2570/533/980 2568/531/975
f 2571/534/975 2551/334/978 2569/532/980
f 2551/334/978 2571/534/975 2572/333/976
f 2573/495/976 2572/333/976 2571/534/975
f 2570/533/980 2567/530/980 2574/535/980
f 2574/535/980 2575/492/980 2570/533/980
f 2570/533/980 2575/492/980 2576/493/975
f 2577/514/960 2578/476/909 2579/515/981
f 2578/476/909 2577/514/960 2580/477/982
f 2581/536/736 2582/536/983 2583/537/984
f 2581/536/736 2583/537/984 2584/537/736
f 2585/538/985 2586/538/736 2587/342/736
f 2585/538/985 2587/342/736 2588/342/986
f 2589/539/736 2590/539/736 2591/540/736
f 2589/539/736 2591/540/736 2592/540/736
f 2593/333/987 2594/534/987 2595/334/988
f 2594/534/987 2593/333/987 2596/495/989
f 2594/534/987 2597/532/990 2595/334/988
f 2595/334/988 2597/532/990 2598/531/987
f 2599/530/987 2595/334/988 2598/531/987
f 2600/533/989 2599/530/987 2598/531/987
f 2599/530/987 2600/533/989 2601/535/989
f 2601/535/989 2600/533/989 2602/492/990
f 2602/492/990 2600/533/989 2603/493/987
f 2595/334/988 2599/530/987 2604/529/987
f 2595/334/988 2604/529/987 2605/521/990
f 2606/527/990 2605/521/990 2604/529/987
f 2595/334/988 2605/521/990 2607/519/987
f 2605/521/990 2606/527/990 2608/528/990
f 2608/528/990 2606/527/990 2609/487/990
f 2609/487/990 2606/527/990 2610/488/987
f 2607/519/987 2611/346/991 2595/334/988
f 2612/518/989 2611/346/991 2607/519/987
f 2607/519/987 2613/517/990 2612/518/989
f 2612/518/989 2613/517/990 2614/516/990
f 2613/517/990 2615/496/989 2614/516/990
f 2615/496/989 2613/517/990 2616/497/992
f 2617/520/987 2611/346/991 2612/518/989
f 2611/346/991 2617/520/987 2618/522/987
f 2617/520/987 2619/524/987 2618/522/987
f 2611/346/991 2618/522/987 2620/523/990
f 2619/524/987 2617/520/987 2621/526/987
f 2621/526/987 2622/500/990 2619/524/987
f 2622/500/990 2621/526/987 2623/501/987
f 2624/525/989 2611/346/991 2620/523/990
f 2611/346/991 2624/525/989 2625/344/990
f 2626/504/990 2625/344/990 2624/525/989
f 2627/361/718 2628/362/993 2629/541/994
f 2628/362/993 2630/364/784 2629/541/994
f 2629/541/994 2630/364/784 2631/365/692
f 2631/365/692 2630/364/784 2632/366/995
f 2632/366/995 2633/367/694 2631/365/692
f 2634/364/787 2635/541/996 2636/365/697
f 2635/541/996 2634/364/787 2637/362/997
f 2637/362/997 2638/361/728 2635/541/996
f 2639/366/998 2634/364/787 2636/365/697
f 2640/367/701 2639/366/998 2636/365/697
f 2641/368/702 2642/369/703 2643/370/704
f 2642/369/703 2641/368/702 2644/371/999
f 2645/372/1000 2646/368/722 2643/370/704
f 2646/368/722 2645/372/1000 2647/373/1001
f 2648/368/708 2649/369/709 2650/371/710
f 2649/369/709 2648/368/708 2651/370/711
f 2652/368/708 2653/372/1002 2651/370/711
f 2653/372/1002 2652/368/708 2654/373/713
f 2655/474/1003 2656/475/1004 2657/542/1005
f 2658/474/725 2656/475/1004 2655/474/1003
f 2656/475/1004 2658/474/725 2659/475/1006
f 2657/542/1005 2656/475/1004 2660/506/946
f 2660/506/946 2661/507/1007 2657/542/1005
f 2662/508/948 2661/507/1007 2660/506/946
f 2661/507/1007 2662/508/948 2663/509/949
f 2664/472/892 2665/476/893 2666/473/894
f 2665/476/893 2664/472/892 2667/477/895
f 2666/473/894 2668/472/896 2664/472/892
f 2668/472/896 2666/473/894 2669/473/897
f 2670/543/1008 2671/544/1008 2672/334/1009
f 2673/545/1010 2670/543/1008 2672/334/1009
f 2673/545/1010 2674/335/1011 2675/546/1012
f 2674/335/1011 2673/545/1010 2672/334/1009
f 2676/547/1008 2672/334/1009 2671/544/1008
f 2677/548/1013 2676/547/1008 2671/544/1008
f 2676/547/1008 2677/548/1013 2678/549/1013
f 2678/549/1013 2677/548/1013 2679/550/1014
f 2679/550/1014 2677/548/1013 2680/551/1015
f 2681/552/1008 2672/334/1009 2676/547/1008
f 2672/334/1009 2681/552/1008 2682/553/1008
f 2683/554/1013 2682/553/1008 2681/552/1008
f 2672/334/1009 2682/553/1008 2684/555/1008
f 2682/553/1008 2683/554/1013 2685/556/1013
f 2685/556/1013 2683/554/1013 2686/557/1014
f 2686/557/1014 2683/554/1013 2687/558/1015
f 2684/555/1008 2688/346/1016 2672/334/1009
f 2689/559/1008 2688/346/1016 2684/555/1008
f 2684/555/1008 2690/560/1013 2689/559/1008
f 2689/559/1008 2690/560/1013 2691/561/1013
f 2690/560/1013 2692/562/1014 2691/561/1013
f 2692/562/1014 2690/560/1013 2693/563/1015
f 2694/564/1013 2688/346/1016 2689/559/1008
f 2688/346/1016 2694/564/1013 2695/565/1008
f 2688/346/1016 2695/565/1008 2696/566/1008
f 2694/564/1013 2697/567/1017 2695/565/1008
f 2698/568/1008 2688/346/1016 2696/566/1008
f 2688/346/1016 2698/568/1008 2699/347/1018
f 2700/569/1019 2699/347/1018 2698/568/1008
f 2697/567/1017 2694/564/1013 2701/570/1013
f 2701/570/1013 2702/571/1015 2697/567/1017
f 2697/567/1017 2702/571/1015 2703/572/1015
f 2704/561/1020 2705/560/1020 2706/559/1021
f 2707/562/1022 2705/560/1020 2704/561/1020
f 2705/560/1020 2707/562/1022 2708/563/1022
f 2706/559/1021 2705/560/1020 2709/555/1021
f 2710/346/1023 2706/559/1021 2709/555/1021
f 2710/346/1023 2711/564/1021 2706/559/1021
f 2709/555/1021 2712/334/1024 2710/346/1023
f 2713/553/1021 2712/334/1024 2709/555/1021
f 2711/564/1021 2710/346/1023 2714/565/1021
f 2714/565/1021 2710/346/1023 2715/566/1021
f 2716/567/1020 2711/564/1021 2714/565/1021
f 2717/568/1025 2715/566/1021 2710/346/1023
f 2718/347/1026 2717/568/1025 2710/346/1023
f 2717/568/1025 2718/347/1026 2719/569/1027
f 2711/564/1021 2716/567/1020 2720/570/1020
f 2720/570/1020 2716/567/1020 2721/571/1022
f 2721/571/1022 2716/567/1020 2722/572/1022
f 2723/554/1020 2713/553/1021 2724/556/1020
f 2725/557/1022 2723/554/1020 2724/556/1020
f 2723/554/1020 2725/557/1022 2726/558/1022
f 2713/553/1021 2723/554/1020 2727/552/1021
f 2727/552/1021 2712/334/1024 2713/553/1021
f 2728/547/1021 2712/334/1024 2727/552/1021
f 2712/334/1024 2728/547/1021 2729/544/1021
f 2712/334/1024 2729/544/1021 2730/543/1021
f 2728/547/1021 2731/548/1020 2729/544/1021
f 2732/545/1021 2712/334/1024 2730/543/1021
f 2712/334/1024 2732/545/1021 2733/335/1028
f 2734/546/1029 2733/335/1028 2732/545/1021
f 2731/548/1020 2728/547/1021 2735/549/1020
f 2735/549/1020 2736/550/1022 2731/548/1020
f 2731/548/1020 2736/550/1022 2737/551/1022
f 2738/573/1030 2739/337/756 2740/348/1031
f 2738/573/1030 2740/348/1031 2741/562/1030
f 2741/562/1030 2740/348/1031 2742/574/1030
f 2742/574/1030 2740/348/1031 2743/572/1030
f 2743/572/1030 2740/348/1031 2744/575/1032
f 2740/348/1031 2745/347/1033 2744/575/1032
f 2739/337/756 2738/573/1030 2746/557/1030
f 2739/337/756 2746/557/1030 2747/576/1030
f 2739/337/756 2747/576/1030 2748/550/1030
f 2739/337/756 2748/550/1030 2749/577/1030
f 2739/337/756 2749/577/1030 2750/546/1034
f 2751/335/1035 2739/337/756 2750/546/1034
f 2752/573/1036 2753/348/1037 2754/337/1038
f 2755/562/1036 2753/348/1037 2752/573/1036
f 2753/348/1037 2755/562/1036 2756/574/1036
f 2757/572/1036 2753/348/1037 2756/574/1036
f 2753/348/1037 2757/572/1036 2758/575/1039
f 2753/348/1037 2758/575/1039 2759/347/1040
f 2754/337/1038 2760/557/1036 2752/573/1036
f 2760/557/1036 2754/337/1038 2761/576/1036
f 2761/576/1036 2754/337/1038 2762/550/1036
f 2762/550/1036 2754/337/1038 2763/577/1036
f 2763/577/1036 2754/337/1038 2764/546/1041
f 2764/546/1041 2754/337/1038 2765/335/1028
f 2766/472/1042 2767/476/893 2768/473/1043
f 2767/476/893 2766/472/1042 2769/477/895
f 2768/473/1043 2770/472/896 2766/472/1042
f 2770/472/896 2768/473/1043 2771/473/897
f 2772/474/1044 2773/475/1045 2774/505/1046
f 2775/474/725 2773/475/1045 2772/474/1044
f 2773/475/1045 2775/474/725 2776/475/1006
f 2774/505/1046 2773/475/1045 2777/506/1047
f 2777/506/1047 2778/507/1048 2774/505/1046
f 2779/474/1049 2780/475/1004 2781/505/1005
f 2782/474/725 2780/475/1004 2779/474/1049
f 2780/475/1004 2782/474/725 2783/475/1006
f 2781/505/1005 2780/475/1004 2784/506/946
f 2784/506/946 2785/507/1007 2781/505/1005
f 2786/508/948 2785/507/1007 2784/506/946
f 2785/507/1007 2786/508/948 2787/509/949
f 2788/472/892 2789/476/893 2790/473/894
f 2789/476/893 2788/472/892 2791/477/895
f 2790/473/894 2792/472/896 2788/472/892
f 2790/473/894 2793/473/897 2792/472/896
f 2794/343/650 2795/348/650 2796/346/650
f 2796/346/650 2795/348/650 2797/347/650
f 2794/343/650 2796/346/650 2798/344/650
f 2794/343/650 2799/346/650 2795/348/650
f 2795/348/650 2799/346/650 2800/347/650
f 2799/346/650 2794/343/650 2801/344/650
f 2802/472/908 2803/476/909 2804/477/910
f 2803/476/909 2802/472/908 2805/473/1050
f 2806/474/1051 2807/475/1004 2808/505/1052
f 2809/474/725 2807/475/1004 2806/474/1051
f 2807/475/1004 2809/474/725 2810/475/1006
f 2808/505/1052 2807/475/1004 2811/506/946
f 2811/506/946 2812/507/1007 2808/505/1052
f 2813/508/948 2812/507/1007 2811/506/946
f 2812/507/1007 2813/508/948 2814/509/949
f 2815/578/1053 2816/476/893 2817/477/1054
f 2816/476/893 2815/578/1053 2818/515/974
f 2819/578/964 2820/476/909 2821/515/1055
f 2820/476/909 2819/578/964 2822/477/982
f 2823/475/1056 2824/542/1057 2825/506/938
f 2823/475/1056 2826/474/901 2824/542/1057
f 2824/542/1057 2827/507/1058 2825/506/938
f 2827/507/1058 2828/508/941 2825/506/938
f 2828/508/941 2827/507/1058 2829/509/942
f 2830/348/736 2831/349/735 2832/348/736
f 2831/349/735 2830/348/736 2833/349/735
f 2834/350/793 2831/349/735 2833/349/735
f 2835/350/734 2834/350/793 2833/349/735
f 2832/348/736 2836/347/737 2830/348/736
f 2836/347/737 2832/348/736 2837/347/737
f 2836/347/737 2837/347/737 2838/346/738
f 2837/347/737 2839/346/738 2838/346/738
f 2838/346/738 2839/346/738 2840/344/730
f 2839/346/738 2841/344/730 2840/344/730
f 2840/344/730 2841/344/730 2842/343/732
f 2841/344/730 2843/343/732 2842/343/732
f 2842/343/732 2843/343/732 2844/342/733
f 2843/343/732 2845/342/733 2844/342/733
f 2844/342/733 2845/342/733 2846/345/1059
f 2845/342/733 2847/345/1060 2846/345/1059
f 2848/579/1061 2849/471/1062 2850/470/1063
f 2848/579/1061 2850/470/1063 2851/580/1063
f 2852/466/1064 2853/341/1065 2854/467/1066
f 2854/467/1066 2853/341/1065 2855/334/1067
f 2856/466/1068 2853/341/1065 2852/466/1064
f 2853/341/1065 2856/466/1068 2857/341/1068
f 2858/466/1069 2857/341/1068 2856/466/1068
f 2857/341/1068 2858/466/1069 2859/341/1070
f 2854/467/1071 2860/334/1072 2861/334/650
f 2862/467/650 2854/467/1071 2861/334/650
f 2863/472/908 2864/476/909 2865/477/910
f 2864/476/909 2863/472/908 2866/473/1073
f 2867/581/964 2868/476/909 2869/515/1055
f 2868/476/909 2867/581/964 2870/477/982
f 2871/581/1053 2872/476/893 2873/477/1054
f 2872/476/893 2871/581/1053 2874/515/974
f 2875/475/1074 2876/505/1075 2877/506/938
f 2875/475/1074 2878/474/901 2876/505/1075
f 2876/505/1075 2879/507/1058 2877/506/938
f 2879/507/1058 2880/508/941 2877/506/938
f 2880/508/941 2879/507/1058 2881/509/1076
f 2882/466/1077 2883/341/1078 2884/466/1078
f 2883/341/1078 2882/466/1077 2885/341/1077
f 2886/466/1079 2885/341/1077 2882/466/1077
f 2885/341/1077 2886/466/1079 2887/341/1080
f 2888/466/1081 2887/341/1080 2886/466/1079
f 2887/341/1080 2888/466/1081 2889/341/1082
f 2890/466/1083 2889/341/1082 2888/466/1081
f 2889/341/1082 2890/466/1083 2891/341/1083
f 2892/466/1084 2891/341/1083 2890/466/1083
f 2891/341/1083 2892/466/1084 2893/341/1085
f 2894/466/1086 2893/341/1085 2892/466/1084
f 2893/341/1085 2894/466/1086 2895/341/1087
f 2896/466/1088 2895/341/1087 2894/466/1086
f 2895/341/1087 2896/466/1088 2897/341/1089
f 2898/466/732 2897/341/1089 2896/466/1088
f 2897/341/1089 2898/466/732 2899/341/732
f 2900/472/908 2901/476/909 2902/477/910
f 2901/476/909 2900/472/908 2903/473/1073
f 2904/514/964 2905/476/909 2906/515/1055
f 2905/476/909 2904/514/964 2907/477/982
f 2908/514/1053 2909/476/893 2910/477/1054
f 2909/476/893 2908/514/1053 2911/515/974
f 2912/475/1090 2913/505/1091 2914/506/938
f 2912/475/1090 2915/474/1092 2913/505/1091
f 2913/505/1091 2916/507/1058 2914/506/938
f 2916/507/1058 2917/508/941 2914/506/938
f 2917/508/941 2916/507/1058 2918/509/1076
f 2919/475/1090 2920/505/1093 2921/506/1094
f 2920/505/1093 2922/507/1095 2921/506/1094
f 2919/475/1090 2923/474/1096 2920/505/1093
f 2924/472/908 2925/476/909 2926/477/910
f 2925/476/909 2924/472/908 2927/473/1097
f 2928/507/1098 2929/582/1099 2930/506/1100
f 2929/582/1099 2928/507/1098 2931/509/1099
f 2932/514/964 2933/476/909 2934/515/1101
f 2933/476/909 2932/514/964 2935/477/982
f 2936/507/1102 2937/582/1103 2938/509/1103
f 2937/582/1103 2936/507/1102 2939/506/1104
f 2940/514/1053 2941/476/893 2942/477/895
f 2941/476/893 2940/514/1053 2943/515/1105
f 2944/583/1106 2945/483/1107 2946/584/1108
f 2946/584/1108 2945/483/1107 2947/482/1109
f 2948/344/1110 2949/360/1111 2950/344/1112
f 2950/344/1112 2949/360/1111 2951/360/1113
f 2952/360/1110 2953/351/1112 2954/344/1110
f 2955/347/1111 2954/344/1110 2953/351/1112
f 2956/344/1114 2957/360/1115 2958/344/1116
f 2958/344/1116 2957/360/1115 2959/360/1114
f 2960/346/1117 2961/347/1118 2962/346/753
f 2963/344/1119 2960/346/1117 2962/346/753
f 2961/347/1118 2960/346/1117 2964/347/1120
f 2960/346/1117 2963/344/1119 2965/344/1121
f 2966/348/1122 2961/347/1118 2964/347/1120
f 2965/344/1121 2963/344/1119 2967/343/1123
f 2961/347/1118 2966/348/1122 2968/348/749
f 2969/343/759 2967/343/1123 2963/344/1119
f 2966/348/1122 2970/349/1124 2968/348/749
f 2971/342/1125 2967/343/1123 2969/343/759
f 2970/349/1124 2966/348/1122 2972/349/1126
f 2973/350/1127 2970/349/1124 2972/349/1126
f 2970/349/1124 2973/350/1127 2974/350/1128
f 2967/343/1123 2971/342/1125 2975/342/1129
f 2971/342/1125 2976/345/1130 2975/342/1129
f 2976/345/1130 2971/342/1125 2977/345/1131
f 2978/344/650 2979/343/650 2980/343/650
f 2981/342/650 2980/343/650 2979/343/650
f 2979/343/650 2978/344/650 2982/344/650
f 2981/342/650 2979/343/650 2983/342/650
f 2983/342/650 2984/345/650 2981/342/650
f 2984/345/650 2983/342/650 2985/345/650
f 2986/346/650 2982/344/650 2978/344/650
f 2982/344/650 2986/346/650 2987/346/650
f 2986/346/650 2988/347/650 2987/346/650
f 2986/346/650 2989/347/650 2988/347/650
f 2990/348/650 2988/347/650 2989/347/650
f 2988/347/650 2990/348/650 2991/348/650
f 2990/348/650 2992/349/650 2991/348/650
f 2990/348/650 2993/349/650 2992/349/650
f 2994/350/650 2992/349/650 2993/349/650
f 2992/349/650 2994/350/650 2995/350/650
f 2996/585/1132 2997/354/1133 2998/586/1134
f 2997/354/1133 2996/585/1132 2999/354/1135
