# Blender 5.2.0 LTS
# www.blender.org
mtllib body of light fifty.mtl
o Cube_002_Cube_013_140669730939053
v -1.400482 0.527557 -0.070091
v -1.400482 0.527557 0.070091
v -1.400482 0.457469 -0.000000
v -1.400482 0.477997 0.049560
v -1.400482 0.477997 -0.049562
v -1.400482 0.597649 -0.000000
v -1.400482 0.577118 0.049560
v -1.400482 0.577118 -0.049562
v -2.010288 0.547650 -0.020094
v -2.010288 0.499141 -0.000000
v -2.010288 0.527557 0.028416
v -2.010288 0.507464 0.020094
v -2.010288 0.507464 -0.020094
v -2.010288 0.527557 -0.028418
v -2.010288 0.547650 0.020094
v -2.010288 0.555976 -0.000000
v -1.811990 0.561079 0.033519
v -1.957713 0.556055 0.028498
v -1.811990 0.527557 0.047405
v -1.957713 0.527557 0.040302
v -1.811990 0.574962 -0.000000
v -2.010288 0.547650 0.020094
v -2.010288 0.527557 0.028416
v -1.957713 0.567858 -0.000000
v -2.010288 0.555976 -0.000000
v -2.010288 0.547650 -0.020094
v -1.957713 0.556055 -0.028498
v -1.811990 0.561079 -0.033522
v -1.811990 0.527557 -0.047405
v -1.957713 0.527557 -0.040302
v -2.010288 0.527557 -0.028418
v -2.010288 0.507464 -0.020094
v -1.957713 0.499058 -0.028498
v -1.811990 0.494038 -0.033522
v -1.811990 0.480153 -0.000000
v -1.957713 0.487256 -0.000000
v -2.010288 0.499141 -0.000000
v -2.010288 0.507464 0.020094
v -1.957713 0.499058 0.028498
v -1.811990 0.494038 0.033519
v -1.811990 0.527557 0.047405
v -1.957713 0.527557 0.040302
v -2.010288 0.527557 0.028416
v -1.811990 0.494038 -0.033522
v -1.811990 0.527557 -0.050471
v -1.811990 0.491871 -0.035689
v -1.811990 0.527557 -0.047405
v -1.811990 0.480153 -0.000000
v -1.811990 0.561079 -0.033522
v -1.811990 0.477086 -0.000000
v -1.811990 0.563245 -0.035689
v -1.811990 0.491871 0.035688
v -1.811990 0.578028 -0.000000
v -1.811990 0.494038 0.033519
v -1.811990 0.527557 0.047405
v -1.811990 0.527557 0.050469
v -1.811990 0.574962 -0.000000
v -1.811990 0.561079 0.033519
v -1.811990 0.563245 0.035688
v -1.811990 0.527557 0.050469
v -1.811990 0.527557 0.047405
v -1.777565 0.477997 0.049560
v -1.400482 0.477997 0.049560
v -1.400482 0.527557 0.070091
v -1.777565 0.527557 0.070091
v -1.777565 0.457469 -0.000000
v -1.400482 0.457469 -0.000000
v -1.777565 0.477997 -0.049562
v -1.400482 0.477997 -0.049562
v -1.777565 0.527557 -0.070091
v -1.400482 0.527557 -0.070091
v -1.777565 0.577118 -0.049562
v -1.400482 0.577118 -0.049562
v -1.777565 0.597649 -0.000000
v -1.400482 0.597649 -0.000000
v -1.777565 0.577118 0.049560
v -1.400482 0.577118 0.049560
v -1.777565 0.527557 0.070091
v -1.400482 0.527557 0.070091
v -1.811990 0.491871 0.035688
v -1.777565 0.527557 0.070091
v -1.811990 0.527557 0.050469
v -1.777565 0.477997 0.049560
v -1.777565 0.457469 -0.000000
v -1.811990 0.477086 -0.000000
v -1.811990 0.491871 -0.035689
v -1.777565 0.477997 -0.049562
v -1.777565 0.527557 -0.070091
v -1.811990 0.527557 -0.050471
v -1.811990 0.563245 -0.035689
v -1.777565 0.577118 -0.049562
v -1.777565 0.597649 -0.000000
v -1.811990 0.578028 -0.000000
v -1.811990 0.563245 0.035688
v -1.777565 0.577118 0.049560
v -1.777565 0.527557 0.070091
v -1.811990 0.527557 0.050469
vn 1.0000 0.0005 0.0005
vn -1.0000 -0.0000 -0.0000
vn -1.0000 0.0005 0.0005
vn -0.0483 0.6890 0.7231
vn -0.1323 0.6831 0.7182
vn -0.0484 0.0005 0.9988
vn -0.1314 0.0005 0.9913
vn -0.0484 0.9988 0.0005
vn -0.2204 0.6799 0.6994
vn -0.2203 0.0006 0.9754
vn -0.1324 0.9912 -0.0000
vn -0.2204 0.9754 0.0003
vn -0.2204 0.6799 -0.6994
vn -0.1323 0.6831 -0.7182
vn -0.0483 0.6890 -0.7232
vn -0.0484 0.0005 -0.9988
vn -0.1318 0.0002 -0.9913
vn -0.2205 -0.0000 -0.9754
vn -0.2204 -0.6799 -0.6994
vn -0.1323 -0.6831 -0.7182
vn -0.0483 -0.6890 -0.7232
vn -0.0487 -0.9988 -0.0000
vn -0.1324 -0.9912 -0.0000
vn -0.2204 -0.9754 0.0003
vn -0.2204 -0.6799 0.6994
vn -0.1323 -0.6831 0.7182
vn -0.0483 -0.6890 0.7232
vn -0.1315 0.0004 0.9913
vn -0.2203 0.0004 0.9754
vn 0.0005 -0.6913 0.7226
vn 0.0005 0.0005 1.0000
vn 0.0005 -1.0000 0.0005
vn 0.0005 -0.6913 -0.7226
vn 0.0005 0.0005 -1.0000
vn 0.0005 0.6913 -0.7226
vn 0.0005 1.0000 0.0005
vn 0.0005 0.6913 0.7226
vn 0.0005 0.0006 1.0000
vn -0.4951 -0.6134 0.6153
vn -0.4948 0.0003 0.8690
vn -0.4949 -0.5916 0.6365
vn -0.4951 -0.8688 -0.0000
vn -0.4951 -0.6134 -0.6153
vn -0.4949 -0.5916 -0.6365
vn -0.4947 0.0006 -0.8691
vn -0.4948 0.0006 -0.8690
vn -0.4951 0.6134 -0.6153
vn -0.4949 0.5916 -0.6365
vn -0.4952 0.8688 -0.0000
vn -0.4951 0.6134 0.6153
vn -0.4949 0.5916 0.6365
vn -0.4948 0.0006 0.8690
vn -0.4948 0.0007 0.8690
vt 0.750000 0.010000
vt 0.750000 0.490000
vt 0.990000 0.250000
vt 0.919706 0.419706
vt 0.919706 0.080294
vt 0.510000 0.250000
vt 0.580294 0.419706
vt 0.580294 0.080294
vt 0.375000 1.000000
vt 0.750000 1.000000
vt 0.000000 1.000000
vt 0.875000 1.000000
vt 0.625000 1.000000
vt 0.500000 1.000000
vt 0.125000 1.000000
vt 0.250000 1.000000
vt 1.000000 1.000000
vt 0.875000 0.500000
vt 1.000000 0.500000
vt 0.750000 0.500000
vt 0.625000 0.500000
vt 0.500000 0.500000
vt 0.375000 0.500000
vt 0.250000 0.500000
vt 0.125000 0.500000
vt 0.000000 0.500000
s 1
f 1/1/1 2/2/1 3/3/1
f 3/3/1 2/2/1 4/4/1
f 1/1/1 3/3/1 5/5/1
f 1/1/1 6/6/1 2/2/1
f 2/2/1 6/6/1 7/7/1
f 6/6/1 1/1/1 8/8/1
f 9/9/2 10/10/3 11/11/3
f 11/11/3 10/10/3 12/12/3
f 10/10/3 9/9/2 13/13/3
f 13/13/3 9/9/2 14/14/3
f 9/9/2 11/11/3 15/15/3
f 9/9/2 15/15/3 16/16/3
f 17/15/4 18/15/5 19/11/6
f 20/11/7 19/11/6 18/15/5
f 21/16/8 18/15/5 17/15/4
f 18/15/5 22/15/9 20/11/7
f 23/11/10 20/11/7 22/15/9
f 24/16/11 22/15/9 18/15/5
f 18/15/5 21/16/8 24/16/11
f 22/15/9 24/16/11 25/16/12
f 24/16/11 26/9/13 25/16/12
f 21/16/8 27/9/14 24/16/11
f 26/9/13 24/16/11 27/9/14
f 27/9/14 21/16/8 28/9/15
f 29/14/16 27/9/14 28/9/15
f 30/14/17 26/9/13 27/9/14
f 27/9/14 29/14/16 30/14/17
f 26/9/13 30/14/17 31/14/18
f 31/14/18 30/14/17 32/13/19
f 30/14/17 29/14/16 33/13/20
f 33/13/20 32/13/19 30/14/17
f 34/13/21 33/13/20 29/14/16
f 35/10/22 33/13/20 34/13/21
f 36/10/23 32/13/19 33/13/20
f 33/13/20 35/10/22 36/10/23
f 32/13/19 36/10/23 37/10/24
f 37/10/24 36/10/23 38/12/25
f 36/10/23 35/10/22 39/12/26
f 39/12/26 38/12/25 36/10/23
f 40/12/27 39/12/26 35/10/22
f 41/17/6 39/12/26 40/12/27
f 39/12/26 41/17/6 42/17/28
f 42/17/28 38/12/25 39/12/26
f 38/12/25 42/17/28 43/17/29
f 44/13/3 45/14/3 46/13/3
f 45/14/3 44/13/3 47/14/3
f 46/13/3 48/10/3 44/13/3
f 49/9/3 45/14/3 47/14/3
f 46/13/3 50/10/3 48/10/3
f 45/14/3 49/9/3 51/9/3
f 52/12/3 48/10/3 50/10/3
f 53/16/3 51/9/3 49/9/3
f 48/10/3 52/12/3 54/12/3
f 52/12/3 55/17/3 54/12/3
f 55/17/3 52/12/3 56/17/3
f 53/16/3 49/9/3 57/16/3
f 58/15/3 53/16/3 57/16/3
f 53/16/3 58/15/3 59/15/3
f 60/11/3 59/15/3 58/15/3
f 58/15/3 61/11/3 60/11/3
f 62/12/30 63/18/30 64/19/31
f 62/12/30 64/19/31 65/17/31
f 66/10/32 63/18/30 62/12/30
f 66/10/32 67/20/32 63/18/30
f 68/13/33 67/20/32 66/10/32
f 68/13/33 69/21/33 67/20/32
f 70/14/34 69/21/33 68/13/33
f 70/14/34 71/22/34 69/21/33
f 72/9/35 71/22/34 70/14/34
f 72/9/35 73/23/35 71/22/34
f 74/16/36 73/23/35 72/9/35
f 73/23/35 74/16/36 75/24/36
f 75/24/36 74/16/36 76/15/37
f 75/24/36 76/15/37 77/25/37
f 78/11/38 77/25/37 76/15/37
f 78/11/38 79/26/38 77/25/37
f 80/12/39 81/17/40 82/17/40
f 81/17/40 80/12/39 83/12/41
f 84/10/42 83/12/41 80/12/39
f 85/10/42 84/10/42 80/12/39
f 86/13/43 84/10/42 85/10/42
f 84/10/42 86/13/43 87/13/44
f 88/14/45 87/13/44 86/13/43
f 89/14/46 88/14/45 86/13/43
f 90/9/47 88/14/45 89/14/46
f 88/14/45 90/9/47 91/9/48
f 90/9/47 92/16/49 91/9/48
f 92/16/49 90/9/47 93/16/49
f 94/15/50 92/16/49 93/16/49
f 92/16/49 94/15/50 95/15/51
f 96/11/52 95/15/51 94/15/50
f 97/11/53 96/11/52 94/15/50
o Cube_005_Cube_069_121294691542287
v -2.758567 0.280141 -0.025102
v -2.758567 0.239146 0.033445
v -2.743766 0.259644 0.004172
v -2.794303 0.288632 -0.037227
v -2.794303 0.230656 0.045572
v -2.830042 0.239146 0.033445
v -2.830042 0.280141 -0.025102
v -2.844843 0.259644 0.004172
v -2.886763 0.224476 -0.046501
v -2.701452 0.199997 -0.011543
v -2.701452 0.224476 -0.046501
v -2.886763 0.199997 -0.011543
v -2.629389 -0.977430 -0.855201
v -2.958828 -0.977430 -0.592789
v -2.958828 -0.977430 -0.855201
v -2.629389 -0.977430 -0.592789
v -2.958828 -0.912309 -0.855201
v -2.629389 -0.912309 -0.855201
v -2.607913 -0.944870 -0.876678
v -2.980305 -0.944870 -0.876678
v -2.629389 -0.977430 -0.855201
v -2.958828 -0.977430 -0.855201
v -2.701452 -0.766306 -0.646137
v -2.886763 -0.790783 -0.611177
v -2.886763 -0.766306 -0.646137
v -2.701452 -0.790783 -0.611177
v -2.629389 -0.977430 -0.855201
v -2.607913 -0.944866 -0.571312
v -2.629389 -0.977430 -0.592789
v -2.607913 -0.944870 -0.876678
v -2.629389 -0.912306 -0.592789
v -2.629389 -0.912309 -0.855201
v -2.980305 -0.944870 -0.876678
v -2.958828 -0.912306 -0.592789
v -2.958828 -0.912309 -0.855201
v -2.980305 -0.944866 -0.571312
v -2.958828 -0.977430 -0.855201
v -2.958828 -0.977430 -0.592789
v -2.701452 0.199997 -0.011543
v -2.701452 -0.766306 -0.646137
v -2.701452 0.224476 -0.046501
v -2.701452 -0.790783 -0.611177
v -2.886763 0.224476 -0.046501
v -2.886763 -0.766306 -0.646137
v -2.886763 0.199997 -0.011543
v -2.886763 -0.790783 -0.611177
v -2.830042 -0.808821 -0.606229
v -2.794303 0.230656 0.045572
v -2.830042 0.239146 0.033445
v -2.794303 -0.817310 -0.594103
v -2.830042 0.280141 -0.025102
v -2.794303 -0.759335 -0.676902
v -2.830042 -0.767826 -0.664777
v -2.794303 0.288632 -0.037227
v -2.794303 -0.759335 -0.676902
v -2.794303 0.288632 -0.037227
v -2.758567 0.280141 -0.025102
v -2.758567 -0.767821 -0.664777
v -2.758567 -0.808821 -0.606229
v -2.794303 0.230656 0.045572
v -2.794303 -0.817310 -0.594103
v -2.758567 0.239146 0.033445
v -2.758567 -0.767821 -0.664777
v -2.758567 0.280141 -0.025102
v -2.743766 0.259644 0.004172
v -2.743766 -0.788324 -0.635502
v -2.758567 0.239146 0.033445
v -2.758567 -0.808821 -0.606229
v -2.830042 0.239146 0.033445
v -2.844843 -0.788324 -0.635502
v -2.830042 -0.808821 -0.606229
v -2.844843 0.259644 0.004172
v -2.830042 -0.767826 -0.664777
v -2.830042 0.280141 -0.025102
v -2.701452 -0.790783 -0.611177
v -2.701452 0.199997 -0.011543
v -2.886763 -0.790783 -0.611177
v -2.886763 0.199997 -0.011543
v -2.701452 0.224476 -0.046501
v -2.701452 -0.766306 -0.646137
v -2.886763 0.224476 -0.046501
v -2.886763 -0.766306 -0.646137
v -2.980305 -0.944866 -0.571312
v -2.607913 -0.944866 -0.571312
v -2.629389 -0.912306 -0.592789
v -2.958828 -0.912306 -0.592789
v -2.629389 -0.977430 -0.592789
v -2.958828 -0.977430 -0.592789
v -2.840946 -0.775351 -0.683358
v -2.880054 -0.927303 -0.732817
v -2.860265 -0.802104 -0.645152
v -2.854939 -0.927303 -0.793451
v -2.854939 -0.927299 -0.672183
v -2.794303 -0.927303 -0.818569
v -2.840946 -0.828854 -0.606945
v -2.794303 -0.839936 -0.591120
v -2.794303 -0.927303 -0.647066
v -2.794303 -0.764268 -0.699185
v -2.747662 -0.775351 -0.683360
v -2.733670 -0.927303 -0.793451
v -2.708553 -0.927303 -0.732817
v -2.728343 -0.802104 -0.645152
v -2.733670 -0.927299 -0.672183
v -2.747662 -0.828854 -0.606945
v -2.794303 -0.839936 -0.591120
v -2.794303 -0.927303 -0.647066
v -2.794303 -0.839936 -0.591120
v -2.830042 -0.808821 -0.606229
v -2.840946 -0.828854 -0.606945
v -2.794303 -0.817310 -0.594103
v -2.860265 -0.802104 -0.645152
v -2.844843 -0.788324 -0.635502
v -2.830042 -0.767826 -0.664777
v -2.840946 -0.775351 -0.683358
v -2.794303 -0.759335 -0.676902
v -2.794303 -0.764268 -0.699185
v -2.747662 -0.775351 -0.683360
v -2.758567 -0.767821 -0.664777
v -2.728343 -0.802104 -0.645152
v -2.743766 -0.788324 -0.635502
v -2.758567 -0.808821 -0.606229
v -2.747662 -0.828854 -0.606945
v -2.794303 -0.839936 -0.591120
v -2.794303 -0.817310 -0.594103
v -2.958828 -0.912309 -0.855201
v -2.629389 -0.912306 -0.592789
v -2.629389 -0.912309 -0.855201
v -2.958828 -0.912306 -0.592789
vn -0.0000 0.8191 0.5736
vn -0.0000 0.8192 0.5736
vn 0.0005 0.8190 0.5738
vn 0.0004 0.8190 0.5738
vn 0.0007 0.8189 0.5740
vn 0.0005 -1.0000 0.0005
vn 0.0007 0.5505 -0.8348
vn -0.0000 0.5506 -0.8348
vn 0.0005 0.0005 -1.0000
vn 0.0003 -0.5505 -0.8348
vn 0.0007 -0.5505 -0.8348
vn 0.0004 -0.8190 -0.5738
vn -0.0000 -0.8192 -0.5736
vn 0.0005 -0.8190 -0.5738
vn 0.8348 -0.5505 0.0005
vn 1.0000 0.0005 0.0005
vn 0.8348 -0.5506 -0.0000
vn 0.8348 0.5506 -0.0000
vn 0.8348 0.5505 0.0008
vn -1.0000 0.0005 0.0005
vn -0.8347 0.5506 -0.0000
vn -0.8348 0.5505 0.0005
vn -0.8348 -0.5505 0.0009
vn -0.8348 -0.5505 0.0003
vn -0.8038 -0.3103 0.5076
vn 0.0005 -0.5213 0.8534
vn -0.8078 -0.3074 0.5029
vn 0.0004 -0.5212 0.8534
vn -0.8038 0.3103 -0.5076
vn 0.0004 0.5212 -0.8534
vn -0.8078 0.3074 -0.5029
vn 0.0003 0.5212 -0.8534
vn 0.0005 0.5212 -0.8534
vn 0.0006 0.5213 -0.8534
vn 0.8037 0.3103 -0.5077
vn 0.8078 0.3074 -0.5029
vn 0.8038 -0.3103 0.5076
vn 0.0005 -0.5212 0.8534
vn 0.0007 -0.5213 0.8534
vn 0.8079 -0.3074 0.5029
vn 0.8079 0.3074 -0.5028
vn 0.8038 0.3103 -0.5076
vn 1.0000 0.0034 -0.0063
vn 1.0000 -0.0034 0.0063
vn 0.8079 -0.3074 0.5028
vn 0.8038 -0.3103 0.5075
vn -0.8079 -0.3074 0.5028
vn -1.0000 -0.0034 0.0063
vn -0.8038 -0.3102 0.5076
vn -1.0000 0.0034 -0.0063
vn -0.8079 0.3074 -0.5028
vn -0.8038 0.3102 -0.5076
vn -0.0000 -0.5178 0.8555
vn 0.0004 0.5175 -0.8557
vn -0.0000 0.5178 -0.8555
vn 0.0006 0.5175 -0.8557
vn 0.0005 0.0005 1.0000
vn 0.0005 0.5505 0.8348
vn 0.0007 0.5505 0.8348
vn 0.0007 -0.5505 0.8348
vn 0.0005 -0.5505 0.8348
vn -0.6982 0.4656 -0.5438
vn -0.9866 0.1598 -0.0318
vn -0.9931 0.1021 0.0582
vn -0.7803 0.4207 -0.4628
vn -0.8612 -0.1920 0.4706
vn 0.0005 0.5993 -0.8005
vn -0.7097 -0.3219 0.6267
vn 0.0005 -0.5261 0.8504
vn 0.0004 -0.5261 0.8504
vn 0.6982 0.4656 -0.5438
vn 0.7803 0.4207 -0.4627
vn 0.9866 0.1598 -0.0318
vn 0.9931 0.1021 0.0581
vn 0.8612 -0.1920 0.4706
vn 0.7097 -0.3219 0.6267
vn 0.0006 -0.5261 0.8504
vn 0.0005 0.1305 0.9914
vn -0.4101 0.1911 0.8918
vn -0.6704 0.3413 0.6589
vn -0.7371 0.5536 0.3876
vn -0.7371 0.5535 0.3876
vn -0.4100 0.9034 -0.1256
vn -0.6709 0.7354 0.0953
vn 0.0003 0.9763 -0.2163
vn 0.0007 0.9763 -0.2164
vn 0.6709 0.7354 0.0952
vn 0.4101 0.9034 -0.1255
vn 0.7373 0.5535 0.3873
vn 0.7371 0.5536 0.3877
vn 0.4100 0.1911 0.8918
vn 0.6704 0.3413 0.6589
vn 0.0008 0.1304 0.9915
vn 0.0006 0.1305 0.9914
vn 0.0005 1.0000 0.0005
vt 0.625000 0.500000
vt 0.875000 0.500000
vt 0.750000 0.500000
vt 0.500000 0.500000
vt 0.000000 0.500000
vt 0.125000 0.500000
vt 0.375000 0.500000
vt 0.250000 0.500000
vt 0.375000 0.250000
vt 0.625000 0.250000
vt 0.625000 1.000000
vt 0.375000 0.750000
vt 0.625000 0.750000
vt 0.375000 1.000000
vt 0.875000 0.625000
vt 0.625000 0.625000
vt 0.875000 0.750000
vt 0.625000 0.000000
vt 0.375000 0.125000
vt 0.375000 0.000000
vt 0.625000 0.125000
vt 0.375000 0.625000
vt 0.125000 0.950000
vt 0.000000 0.950000
vt 0.500000 0.950000
vt 0.375000 0.950000
vt 0.625000 0.950000
vt 0.875000 0.950000
vt 1.000000 0.500000
vt 1.000000 0.950000
vt 0.750000 0.950000
vt 0.250000 0.950000
vt 0.125000 0.750000
vt 0.125000 0.625000
s 1
f 98/27/54 99/28/55 100/29/54
f 101/30/56 99/28/55 98/27/54
f 99/28/55 101/30/56 102/31/57
f 101/30/56 103/32/57 102/31/57
f 103/32/57 101/30/56 104/33/58
f 103/32/57 104/33/58 105/34/54
f 106/27/54 107/35/57 108/36/54
f 107/35/57 106/27/54 109/33/54
f 110/37/59 111/38/59 112/39/59
f 111/38/59 110/37/59 113/40/59
f 114/27/60 115/28/61 116/41/62
f 114/27/60 116/41/62 117/42/62
f 118/43/63 117/42/62 116/41/62
f 117/42/62 118/43/63 119/39/64
f 120/37/65 121/38/65 122/39/66
f 121/38/65 120/37/65 123/40/67
f 124/44/68 125/45/69 126/46/70
f 125/45/69 124/44/68 127/47/69
f 127/47/69 128/35/71 125/45/69
f 128/35/71 127/47/69 129/36/72
f 130/42/73 131/33/74 132/27/75
f 130/42/73 133/48/73 131/33/74
f 134/39/76 133/48/73 130/42/73
f 133/48/73 134/39/76 135/38/77
f 136/35/69 137/44/69 138/36/69
f 137/44/69 136/35/69 139/46/69
f 140/27/73 141/39/73 142/33/73
f 142/33/73 141/39/73 143/38/73
f 144/49/78 145/31/79 146/32/80
f 145/31/79 144/49/78 147/50/81
f 148/33/82 149/51/83 150/52/84
f 149/51/83 148/33/82 151/30/85
f 152/51/86 153/30/87 154/27/88
f 154/27/88 155/53/89 152/51/86
f 156/54/90 157/55/91 158/56/92
f 157/55/91 156/54/90 159/28/93
f 160/53/94 161/27/95 162/29/96
f 162/29/96 163/57/97 160/53/94
f 163/57/97 162/29/96 164/28/98
f 164/28/98 165/54/99 163/57/97
f 166/32/100 167/58/101 168/49/102
f 167/58/101 166/32/100 169/34/103
f 169/34/103 170/52/104 167/58/101
f 170/52/104 169/34/103 171/33/105
f 172/59/106 173/32/106 174/38/106
f 174/38/106 173/32/106 175/33/106
f 176/28/107 177/43/108 178/27/108
f 178/27/108 177/43/108 179/39/109
f 180/48/110 181/60/110 182/32/111
f 180/48/110 182/32/111 183/33/112
f 180/48/110 184/59/113 181/60/110
f 184/59/113 180/48/110 185/38/114
f 186/52/115 187/58/116 188/58/117
f 187/58/116 186/52/115 189/52/118
f 190/49/119 188/58/117 187/58/116
f 186/52/115 191/51/120 189/52/118
f 188/58/117 190/49/119 192/49/121
f 190/49/119 193/50/122 192/49/121
f 190/49/119 194/50/123 193/50/122
f 195/51/120 191/51/120 186/52/115
f 196/53/124 191/51/120 195/51/120
f 191/51/120 196/53/124 197/53/125
f 197/53/125 196/53/124 198/57/126
f 198/57/126 196/53/124 199/57/127
f 198/57/126 199/57/127 200/54/128
f 200/54/128 199/57/127 201/54/129
f 202/56/122 200/54/128 201/54/129
f 200/54/128 202/56/122 203/56/130
f 204/50/131 205/49/132 206/49/133
f 205/49/132 204/50/131 207/50/131
f 205/49/132 208/58/134 206/49/133
f 205/49/132 209/58/135 208/58/134
f 210/52/136 208/58/134 209/58/135
f 208/58/134 210/52/136 211/52/137
f 212/51/138 211/52/137 210/52/136
f 211/52/137 212/51/138 213/51/139
f 214/53/140 213/51/139 212/51/138
f 214/53/140 212/51/138 215/53/141
f 215/53/141 216/57/142 214/53/140
f 216/57/142 215/53/141 217/57/143
f 218/54/144 216/57/142 217/57/143
f 216/57/142 218/54/144 219/54/145
f 220/56/146 219/54/145 218/54/144
f 220/56/146 218/54/144 221/56/147
f 222/27/148 223/35/148 224/36/148
f 223/35/148 222/27/148 225/33/148
o Cube_005_Cube_069_121294691542287.001
v -2.831552 0.275053 -0.002048
v -2.831552 0.234057 -0.060595
v -2.846353 0.254556 -0.031322
v -2.795817 0.283544 0.010077
v -2.795817 0.225568 -0.072722
v -2.760077 0.234057 -0.060595
v -2.760077 0.275053 -0.002048
v -2.745276 0.254556 -0.031322
v -2.703357 0.219388 0.019352
v -2.888668 0.194910 -0.015607
v -2.888668 0.219388 0.019352
v -2.703357 0.194910 -0.015607
v -2.960730 -0.982516 0.828051
v -2.631292 -0.982516 0.565640
v -2.631292 -0.982516 0.828051
v -2.960730 -0.982516 0.565640
v -2.631292 -0.917394 0.828051
v -2.960730 -0.917394 0.828051
v -2.982208 -0.949955 0.849528
v -2.609815 -0.949955 0.849528
v -2.960730 -0.982516 0.828051
v -2.631292 -0.982516 0.828051
v -2.888668 -0.771392 0.618986
v -2.703357 -0.795870 0.584027
v -2.703357 -0.771392 0.618986
v -2.888668 -0.795870 0.584027
v -2.960730 -0.982516 0.828051
v -2.982208 -0.949953 0.544164
v -2.960730 -0.982516 0.565640
v -2.982208 -0.949955 0.849528
v -2.960730 -0.917394 0.565640
v -2.960730 -0.917394 0.828051
v -2.609815 -0.949955 0.849528
v -2.631292 -0.917394 0.565640
v -2.631292 -0.917394 0.828051
v -2.609815 -0.949953 0.544164
v -2.631292 -0.982516 0.828051
v -2.631292 -0.982516 0.565640
v -2.888668 0.194910 -0.015607
v -2.888668 -0.771392 0.618986
v -2.888668 0.219388 0.019352
v -2.888668 -0.795870 0.584027
v -2.703357 0.219388 0.019352
v -2.703357 -0.771392 0.618986
v -2.703357 0.194910 -0.015607
v -2.703357 -0.795870 0.584027
v -2.760077 -0.813906 0.579080
v -2.795817 0.225568 -0.072722
v -2.760077 0.234057 -0.060595
v -2.795817 -0.822397 0.566953
v -2.760077 0.275053 -0.002048
v -2.795817 -0.764421 0.649752
v -2.760077 -0.772912 0.637627
v -2.795817 0.283544 0.010077
v -2.795817 -0.764421 0.649752
v -2.795817 0.283544 0.010077
v -2.831552 0.275053 -0.002048
v -2.831552 -0.772908 0.637627
v -2.831552 -0.813906 0.579080
v -2.795817 0.225568 -0.072722
v -2.795817 -0.822397 0.566953
v -2.831552 0.234057 -0.060595
v -2.831552 -0.772908 0.637627
v -2.831552 0.275053 -0.002048
v -2.846353 0.254556 -0.031322
v -2.846353 -0.793409 0.608353
v -2.831552 0.234057 -0.060595
v -2.831552 -0.813906 0.579080
v -2.760077 0.234057 -0.060595
v -2.745276 -0.793409 0.608353
v -2.760077 -0.813906 0.579080
v -2.745276 0.254556 -0.031322
v -2.760077 -0.772912 0.637627
v -2.760077 0.275053 -0.002048
v -2.888668 -0.795870 0.584027
v -2.888668 0.194910 -0.015607
v -2.703357 -0.795870 0.584027
v -2.703357 0.194910 -0.015607
v -2.888668 0.219388 0.019352
v -2.888668 -0.771392 0.618986
v -2.703357 0.219388 0.019352
v -2.703357 -0.771392 0.618986
v -2.609815 -0.949953 0.544164
v -2.982208 -0.949953 0.544164
v -2.960730 -0.917394 0.565640
v -2.631292 -0.917394 0.565640
v -2.960730 -0.982516 0.565640
v -2.631292 -0.982516 0.565640
v -2.749175 -0.780437 0.656210
v -2.710066 -0.932387 0.705667
v -2.729854 -0.807189 0.618002
v -2.735182 -0.932387 0.766302
v -2.735182 -0.932387 0.645033
v -2.795817 -0.932387 0.791419
v -2.749175 -0.833941 0.579795
v -2.795817 -0.845024 0.563970
v -2.795817 -0.932388 0.619918
v -2.795817 -0.769355 0.672037
v -2.842457 -0.780437 0.656211
v -2.856450 -0.932387 0.766302
v -2.881567 -0.932387 0.705667
v -2.861778 -0.807189 0.618002
v -2.856450 -0.932387 0.645033
v -2.842457 -0.833941 0.579795
v -2.795817 -0.845024 0.563970
v -2.795817 -0.932388 0.619918
v -2.795817 -0.845024 0.563970
v -2.760077 -0.813906 0.579080
v -2.749175 -0.833941 0.579795
v -2.795817 -0.822397 0.566953
v -2.729854 -0.807189 0.618002
v -2.745276 -0.793409 0.608353
v -2.760077 -0.772912 0.637627
v -2.749175 -0.780437 0.656210
v -2.795817 -0.764421 0.649752
v -2.795817 -0.769355 0.672037
v -2.842457 -0.780437 0.656211
v -2.831552 -0.772908 0.637627
v -2.861778 -0.807189 0.618002
v -2.846353 -0.793409 0.608353
v -2.831552 -0.813906 0.579080
v -2.842457 -0.833941 0.579795
v -2.795817 -0.845024 0.563970
v -2.795817 -0.822397 0.566953
v -2.631292 -0.917394 0.828051
v -2.960730 -0.917394 0.565640
v -2.960730 -0.917394 0.828051
v -2.631292 -0.917394 0.565640
vn -0.0006 0.8190 -0.5739
vn -0.0000 0.8192 -0.5736
vn -0.0004 0.8190 -0.5738
vn -0.0007 0.8189 -0.5739
vn -0.0007 0.8189 -0.5740
vn -0.0000 0.8191 -0.5736
vn -0.0005 0.8189 -0.5739
vn -0.0006 0.8190 -0.5738
vn -0.0005 -1.0000 -0.0005
vn -0.0006 0.5505 0.8348
vn -0.0000 0.5506 0.8348
vn -0.0005 0.0005 1.0000
vn -0.0009 -0.5505 0.8348
vn -0.0003 -0.5506 0.8348
vn -0.0003 -0.8191 0.5737
vn -0.0004 -0.8190 0.5738
vn -0.0005 -0.8190 0.5738
vn -0.8348 -0.5505 -0.0005
vn -1.0000 0.0005 -0.0005
vn -0.8348 -0.5506 -0.0000
vn -0.8347 0.5506 -0.0000
vn -0.8349 0.5505 -0.0004
vn 1.0000 0.0005 -0.0005
vn 0.8348 0.5506 -0.0000
vn 0.8348 0.5505 -0.0005
vn 0.8348 -0.5505 -0.0007
vn 0.8038 -0.3103 -0.5076
vn -0.0005 -0.5213 -0.8534
vn 0.8078 -0.3074 -0.5029
vn -0.0004 -0.5212 -0.8534
vn 0.8038 0.3103 0.5076
vn -0.0004 0.5212 0.8534
vn 0.8078 0.3074 0.5029
vn -0.0005 0.5212 0.8534
vn -0.0006 0.5213 0.8534
vn -0.8038 0.3103 0.5076
vn -0.8078 0.3074 0.5029
vn -0.8038 -0.3103 -0.5076
vn -0.0005 -0.5212 -0.8534
vn -0.0006 -0.5213 -0.8534
vn -0.8079 -0.3074 -0.5029
vn -0.8079 0.3074 0.5028
vn -1.0000 0.0034 0.0063
vn -1.0000 -0.0034 -0.0063
vn -0.8079 -0.3074 -0.5028
vn 0.8079 -0.3074 -0.5028
vn 1.0000 -0.0034 -0.0063
vn 0.8038 -0.3102 -0.5076
vn 1.0000 0.0034 0.0063
vn 0.8079 0.3074 0.5028
vn 0.8038 0.3102 0.5076
vn -0.0000 -0.5178 -0.8555
vn -0.0000 0.5178 0.8555
vn -0.0004 0.5175 0.8557
vn -0.0005 0.0005 -1.0000
vn -0.0007 0.5505 -0.8348
vn -0.0005 0.5505 -0.8348
vn -0.0007 -0.5505 -0.8348
vn -0.0005 -0.5505 -0.8348
vn 0.6982 0.4656 0.5438
vn 0.9866 0.1598 0.0318
vn 0.9931 0.1021 -0.0582
vn 0.7803 0.4207 0.4627
vn 0.8612 -0.1920 -0.4706
vn -0.0005 0.5993 0.8005
vn 0.7097 -0.3219 -0.6267
vn -0.0005 -0.5261 -0.8504
vn -0.6982 0.4656 0.5438
vn -0.7803 0.4207 0.4627
vn -0.9866 0.1598 0.0318
vn -0.9931 0.1021 -0.0581
vn -0.8612 -0.1920 -0.4706
vn -0.7097 -0.3219 -0.6267
vn -0.0007 -0.5261 -0.8504
vn -0.0004 0.1305 -0.9914
vn 0.4100 0.1911 -0.8918
vn 0.6704 0.3412 -0.6589
vn -0.0004 0.1305 -0.9915
vn 0.7371 0.5536 -0.3876
vn 0.7373 0.5535 -0.3873
vn 0.4100 0.9034 0.1256
vn 0.6708 0.7355 -0.0953
vn -0.0003 0.9763 0.2163
vn -0.0005 0.9763 0.2163
vn -0.6709 0.7354 -0.0952
vn -0.4100 0.9034 0.1255
vn -0.7374 0.5535 -0.3872
vn -0.7370 0.5536 -0.3877
vn -0.4100 0.1911 -0.8918
vn -0.6703 0.3413 -0.6589
vn -0.0005 0.1304 -0.9915
vn -0.0006 0.1305 -0.9914
vn -0.0005 1.0000 -0.0005
vt 0.625000 0.500000
vt 0.875000 0.500000
vt 0.750000 0.500000
vt 0.500000 0.500000
vt 0.000000 0.500000
vt 0.125000 0.500000
vt 0.375000 0.500000
vt 0.250000 0.500000
vt 0.375000 0.250000
vt 0.625000 0.250000
vt 0.625000 1.000000
vt 0.375000 0.750000
vt 0.625000 0.750000
vt 0.375000 1.000000
vt 0.875000 0.625000
vt 0.625000 0.625000
vt 0.875000 0.750000
vt 0.625000 0.000000
vt 0.375000 0.125000
vt 0.375000 0.000000
vt 0.625000 0.125000
vt 0.375000 0.625000
vt 0.125000 0.950000
vt 0.000000 0.950000
vt 0.500000 0.950000
vt 0.375000 0.950000
vt 0.625000 0.950000
vt 0.875000 0.950000
vt 1.000000 0.500000
vt 1.000000 0.950000
vt 0.750000 0.950000
vt 0.250000 0.950000
vt 0.125000 0.750000
vt 0.125000 0.625000
s 1
f 226/61/149 227/62/150 228/63/151
f 229/64/151 227/62/150 226/61/149
f 227/62/150 229/64/151 230/65/152
f 229/64/151 231/66/150 230/65/152
f 231/66/150 229/64/151 232/67/153
f 231/66/150 232/67/153 233/68/154
f 234/61/155 235/69/151 236/70/156
f 235/69/151 234/61/155 237/67/150
f 238/71/157 239/72/157 240/73/157
f 239/72/157 238/71/157 241/74/157
f 242/61/158 243/62/159 244/75/160
f 242/61/158 244/75/160 245/76/160
f 246/77/161 245/76/160 244/75/160
f 245/76/160 246/77/161 247/73/162
f 248/71/163 249/72/164 250/73/164
f 249/72/164 248/71/163 251/74/165
f 252/78/166 253/79/167 254/80/168
f 253/79/167 252/78/166 255/81/167
f 255/81/167 256/69/169 253/79/167
f 256/69/169 255/81/167 257/70/170
f 258/76/171 259/67/172 260/61/173
f 258/76/171 261/82/171 259/67/172
f 262/73/174 261/82/171 258/76/171
f 261/82/171 262/73/174 263/72/174
f 264/69/167 265/78/167 266/70/167
f 265/78/167 264/69/167 267/80/167
f 268/61/171 269/73/171 270/67/171
f 270/67/171 269/73/171 271/72/171
f 272/83/175 273/65/176 274/66/177
f 273/65/176 272/83/175 275/84/178
f 276/67/179 277/85/180 278/86/181
f 277/85/180 276/67/179 279/64/180
f 280/85/182 281/64/183 282/61/184
f 282/61/184 283/87/185 280/85/182
f 284/88/186 285/89/187 286/90/188
f 285/89/187 284/88/186 287/62/189
f 288/87/190 289/61/184 290/63/191
f 290/63/191 291/91/192 288/87/190
f 291/91/192 290/63/191 292/62/193
f 292/62/193 293/88/186 291/91/192
f 294/66/194 295/92/195 296/83/196
f 295/92/195 294/66/194 297/68/197
f 297/68/197 298/86/198 295/92/195
f 298/86/198 297/68/197 299/67/199
f 300/93/200 301/66/200 302/72/200
f 302/72/200 301/66/200 303/67/200
f 304/62/201 305/77/202 306/61/202
f 306/61/202 305/77/202 307/73/201
f 308/82/203 309/94/203 310/66/204
f 308/82/203 310/66/204 311/67/205
f 308/82/203 312/93/206 309/94/203
f 312/93/206 308/82/203 313/72/207
f 314/86/208 315/92/209 316/92/210
f 315/92/209 314/86/208 317/86/211
f 318/83/212 316/92/210 315/92/209
f 314/86/208 319/85/213 317/86/211
f 316/92/210 318/83/212 320/83/214
f 318/83/212 321/84/215 320/83/214
f 318/83/212 322/84/215 321/84/215
f 323/85/213 319/85/213 314/86/208
f 324/87/216 319/85/213 323/85/213
f 319/85/213 324/87/216 325/87/217
f 325/87/217 324/87/216 326/91/218
f 326/91/218 324/87/216 327/91/219
f 326/91/218 327/91/219 328/88/220
f 328/88/220 327/91/219 329/88/221
f 330/90/222 328/88/220 329/88/221
f 328/88/220 330/90/222 331/90/222
f 332/84/223 333/83/224 334/83/225
f 333/83/224 332/84/223 335/84/226
f 333/83/224 336/92/227 334/83/225
f 333/83/224 337/92/228 336/92/227
f 338/86/229 336/92/227 337/92/228
f 336/92/227 338/86/229 339/86/230
f 340/85/231 339/86/230 338/86/229
f 339/86/230 340/85/231 341/85/232
f 342/87/233 341/85/232 340/85/231
f 342/87/233 340/85/231 343/87/234
f 343/87/234 344/91/235 342/87/233
f 344/91/235 343/87/234 345/91/236
f 346/88/237 344/91/235 345/91/236
f 344/91/235 346/88/237 347/88/238
f 348/90/239 347/88/238 346/88/237
f 348/90/239 346/88/237 349/90/240
f 350/61/241 351/69/241 352/70/241
f 351/69/241 350/61/241 353/67/241
o Cube_006_Cube_070_85918211090205
v -5.314128 0.444548 -0.000000
v -5.129188 0.620356 0.226039
v -5.314128 0.620356 -0.000000
v -5.129188 0.444548 0.226039
v -5.129188 0.620356 -0.226039
v -5.129188 0.444548 -0.226039
v -5.412876 0.656773 -0.226039
v -5.412876 0.408131 -0.226039
v -5.602298 0.408131 -0.000000
v -5.602298 0.656773 -0.000000
v -5.602298 0.656773 -0.000000
v -5.602298 0.408131 -0.000000
v -5.412876 0.408131 0.226039
v -5.412876 0.656773 0.226039
v 2.577910 0.308253 -0.000000
v 2.538236 0.151728 0.157632
v 2.538236 0.151728 -0.000000
v 2.577910 0.308253 0.199375
v 2.538236 0.151728 -0.157632
v 2.577910 0.308253 -0.000000
v 2.577910 0.308253 -0.199375
v 2.577910 0.308253 -0.199375
v 2.660011 0.536970 -0.000000
v 2.577910 0.308253 -0.000000
v 2.660011 0.536970 -0.204044
v 2.660011 0.536970 -0.000000
v 2.577910 0.308253 0.199375
v 2.660011 0.536970 0.204044
v 2.634754 0.678339 -0.148074
v 2.660011 0.536970 -0.000000
v 2.660011 0.536970 -0.204044
v 2.634754 0.678339 -0.000000
v 2.634754 0.678339 0.148074
v 2.660011 0.536970 -0.000000
v 2.660011 0.536970 0.204044
v 2.538236 0.151728 -0.000000
v 2.543700 -0.004798 0.136294
v 2.543700 -0.004798 -0.000000
v 2.538236 0.151728 0.157632
v 2.543700 -0.004798 -0.136294
v 2.538236 0.151728 -0.000000
v 2.538236 0.151728 -0.157632
v 2.543700 -0.004798 -0.000000
v 2.579240 -0.113544 0.133027
v 2.579240 -0.113544 -0.000000
v 2.543700 -0.004798 0.136294
v 2.579240 -0.113544 -0.133027
v 2.543700 -0.004798 -0.000000
v 2.543700 -0.004798 -0.136294
v -3.314181 0.676910 -0.098866
v -3.314181 0.676910 0.097648
v -3.314181 0.751112 0.045946
v -3.314181 0.726571 0.106230
v -3.314181 0.751112 -0.047164
v -3.314181 0.726571 -0.107450
v 2.542037 -0.244339 -0.132266
v 2.579240 -0.113544 -0.000000
v 2.542037 -0.244339 -0.000000
v 2.579240 -0.113544 -0.133027
v 2.542037 -0.244339 0.132266
v 2.579240 -0.113544 0.133027
v 2.421687 -0.276196 -0.131506
v 2.542037 -0.244339 -0.132266
v 2.421687 -0.276196 -0.000000
v 2.314674 -0.283324 -0.131506
v 2.314674 -0.283324 -0.000000
v 2.421687 -0.276196 0.131506
v 2.542037 -0.244339 0.132266
v 2.314674 -0.283324 0.131506
v -3.108985 0.328081 -0.084384
v -3.108985 0.199894 -0.000000
v -3.108985 0.358209 -0.000000
v -3.108985 0.243847 -0.131856
v -3.108985 0.395058 -0.084517
v -3.108985 0.328081 0.084384
v -3.108985 0.395058 0.084517
v -3.108985 0.243847 0.131856
v -2.559586 0.328081 -0.084384
v -2.559586 0.199894 -0.000000
v -2.559586 0.358209 -0.000000
v -2.559586 0.243847 -0.131856
v -2.559586 0.395058 -0.084517
v -2.559586 0.328081 0.084384
v -2.559586 0.395058 0.084517
v -2.559586 0.243847 0.131856
v 1.124575 1.304153 0.070036
v 1.124575 1.396301 0.070036
v 1.124575 1.396301 0.094899
v 1.124575 1.304153 0.094899
v 1.124575 1.304153 -0.094902
v 1.124575 1.396301 -0.094902
v 1.124575 1.396301 -0.070036
v 1.124575 1.304153 -0.070036
v 2.538570 0.737006 -0.000000
v 2.634754 0.678339 0.148074
v 2.634754 0.678339 -0.000000
v 2.634754 0.678339 -0.148074
v -1.868140 1.396301 -0.094901
v -1.868140 1.304153 -0.094901
v -1.868140 1.304153 -0.070036
v -1.868140 1.396301 -0.070036
v -1.868140 1.396301 0.070036
v -1.868140 1.304153 0.070036
v -1.868140 1.304153 0.094902
v -1.868140 1.396301 0.094902
v 0.530941 0.676910 0.097648
v 0.530941 0.751112 0.045946
v 0.530941 0.726571 0.106230
v 0.530941 0.676910 -0.098866
v 0.530941 0.751112 -0.047164
v 0.530941 0.726571 -0.107450
v 0.259365 1.198706 -0.157128
v 0.259365 1.037087 0.157128
v 0.259365 1.037087 -0.157128
v 0.259365 1.198706 0.157128
v 0.259365 1.288493 0.047138
v 0.259365 1.198706 -0.157128
v 0.259365 1.288493 -0.047138
v 0.259365 1.198706 0.157128
v 0.259365 1.019130 -0.157128
v 0.259365 1.019130 0.157128
v 0.259365 0.951790 -0.157128
v 0.259365 0.951790 0.157128
v 0.259365 0.899413 -0.104752
v 0.259365 0.899413 0.104751
v 0.259365 0.951790 -0.157128
v 0.259365 0.899413 0.104751
v 0.259365 0.847038 -0.104752
v 0.259365 0.847038 0.104751
v 0.259365 0.794662 -0.157128
v 0.259365 0.794662 0.157128
v 0.259365 0.847038 -0.104752
v 0.259365 0.794662 -0.157128
v 0.259365 0.794662 0.157128
v 0.259365 0.664361 -0.130740
v 0.259365 0.664361 0.130740
v -2.559586 0.243847 -0.131856
v -2.427730 0.243847 -0.131856
v -2.427730 0.199894 -0.000000
v -2.559586 0.199894 -0.000000
v -2.427730 0.243847 0.131856
v -2.559586 0.243847 0.131856
v -3.108985 0.243847 -0.131856
v -2.977129 0.243847 -0.131856
v -2.977129 0.199894 -0.000000
v -3.108985 0.199894 -0.000000
v -2.977129 0.243847 0.131856
v -3.108985 0.243847 0.131856
v 0.067041 1.202622 0.152330
v 0.067041 1.202622 -0.152332
v 0.067041 1.260984 -0.080924
v 0.067041 1.260984 0.080924
v 0.259365 1.019130 0.157128
v 0.259365 1.019130 -0.157128
v 0.246544 1.028109 -0.141416
v 0.246544 1.028109 0.141415
v -0.144829 1.281878 0.150514
v -0.077489 1.131365 -0.150514
v -0.144829 1.281878 -0.150514
v -0.077489 1.131365 0.150514
v -0.077489 1.031517 -0.150514
v -0.077489 1.031517 0.150514
v -5.140322 0.408131 -0.000000
v -5.077997 0.408131 -0.226039
v -5.021674 0.408131 -0.141582
v -5.412876 0.408131 -0.226039
v -5.602298 0.408131 -0.000000
v -5.412876 0.408131 0.226039
v -5.077997 0.408131 0.226039
v -5.021674 0.408131 0.141582
v -0.357163 1.446468 -0.084266
v -0.188628 1.446468 -0.084266
v -0.272897 1.446468 -0.119173
v -0.153724 1.446468 -0.000000
v -0.392067 1.446468 -0.000000
v -0.357163 1.446468 0.084266
v -0.188628 1.446468 0.084266
v -0.272897 1.446468 0.119172
v 0.259365 1.037087 -0.157128
v 0.246544 1.028109 0.141415
v 0.246544 1.028109 -0.141416
v 0.259365 1.037087 0.157128
v -0.208075 1.347701 0.064821
v -0.272897 1.347701 0.091671
v -0.272897 1.335665 0.112041
v -0.193669 1.335665 0.079225
v -0.181225 1.347701 -0.000000
v -0.160853 1.335665 -0.000000
v -0.208075 1.347701 -0.064821
v -0.193669 1.335664 -0.079227
v -0.272897 1.335664 -0.112044
v -0.272897 1.347701 -0.091671
v -0.352121 1.335665 -0.079227
v -0.337718 1.347701 -0.064821
v -0.384938 1.335665 -0.000000
v -0.364566 1.347701 -0.000000
v -0.337718 1.347701 0.064821
v -0.352121 1.335665 0.079225
v -0.272897 1.347701 0.091671
v -0.272897 1.335665 0.112041
v -0.352121 1.210592 -0.204298
v -0.272897 1.243406 -0.092000
v -0.272897 1.243406 -0.204298
v -0.352121 1.210592 -0.092000
v -0.384938 1.131365 -0.204298
v -0.384938 1.131365 -0.092000
v -0.352121 1.052140 -0.204298
v -0.352121 1.052140 -0.092000
v -0.272897 1.019323 -0.204298
v -0.272897 1.019323 -0.092000
v -0.193669 1.052140 -0.204298
v -0.193669 1.052140 -0.092000
v -0.160853 1.131365 -0.204298
v -0.160853 1.131365 -0.092000
v -0.193669 1.210592 -0.204298
v -0.193669 1.210592 -0.092000
v -0.272897 1.243406 -0.204298
v -0.272897 1.243406 -0.092000
v -0.181225 1.385860 -0.000000
v -0.208075 1.347701 0.064821
v -0.181225 1.347701 -0.000000
v -0.208075 1.385860 0.064821
v -0.272897 1.347701 0.091671
v -0.272897 1.385860 0.091671
v -0.208075 1.385860 -0.064821
v -0.208075 1.347701 -0.064821
v -0.272897 1.385860 -0.091671
v -0.272897 1.347701 -0.091671
v -0.337718 1.385860 -0.064821
v -0.337718 1.347701 -0.064821
v -0.364566 1.385860 -0.000000
v -0.364566 1.347701 -0.000000
v -0.337718 1.385860 0.064821
v -0.337718 1.347701 0.064821
v -0.272897 1.385860 0.091671
v -0.272897 1.347701 0.091671
v -0.805156 1.288493 -0.047138
v -0.548722 1.288493 0.047138
v -0.548722 1.288493 -0.047138
v -0.805157 1.288493 0.047138
v 0.002933 1.288493 -0.047138
v 0.259365 1.288493 0.047138
v 0.259365 1.288493 -0.047138
v 0.002933 1.288493 0.047138
v -0.144829 1.281878 -0.150514
v -0.395191 1.281878 -0.150514
v -0.395191 1.281878 0.150514
v -0.144829 1.281878 0.150514
v -0.188628 1.047098 0.315102
v -0.392067 1.131365 0.315102
v -0.357163 1.047098 0.315102
v -0.272897 1.012192 0.315102
v -0.153724 1.131365 0.315102
v -0.188628 1.215631 0.315102
v -0.357163 1.215631 0.315102
v -0.272897 1.250537 0.315102
v -0.188628 1.215631 -0.315103
v -0.392067 1.131365 -0.315103
v -0.357163 1.215631 -0.315103
v -0.272897 1.250537 -0.315103
v -0.153724 1.131365 -0.315103
v -0.188628 1.047098 -0.315103
v -0.357163 1.047098 -0.315103
v -0.272897 1.012192 -0.315103
v -0.805156 0.664361 -0.130740
v -0.548722 0.664361 -0.130740
v -0.548722 0.664361 0.130740
v -0.805156 0.664361 0.130740
v 0.259365 0.664361 -0.130740
v 0.002933 0.664361 0.130740
v 0.002933 0.664361 -0.130740
v 0.259365 0.664361 0.130740
v 2.314674 -0.283324 -0.131506
v 2.538236 0.151728 -0.157632
v 2.543700 -0.004798 -0.136294
v 2.421687 -0.276196 -0.131506
v 2.579240 -0.113544 -0.133027
v 2.314674 0.536970 -0.204044
v 2.577910 0.308253 -0.199375
v 2.660011 0.536970 -0.204044
v 2.314674 -0.283324 0.131506
v 2.543700 -0.004798 0.136294
v 2.538236 0.151728 0.157632
v 2.421687 -0.276196 0.131506
v 2.579240 -0.113544 0.133027
v 2.314674 0.536970 0.204044
v 2.577910 0.308253 0.199375
v 2.660011 0.536970 0.204044
v -0.612832 1.260984 -0.080924
v -0.805156 1.288493 -0.047138
v -0.548722 1.288493 -0.047138
v -0.741049 1.260984 -0.080924
v -0.612832 1.260984 0.080924
v -0.805157 1.288493 0.047138
v -0.741049 1.260984 0.080924
v -0.548722 1.288493 0.047138
v -0.805156 1.198706 -0.157128
v -0.612832 1.202622 -0.152332
v -0.548722 1.198706 -0.157128
v -0.741049 1.202622 -0.152332
v -0.612832 1.202622 0.152330
v -0.805156 1.198706 0.157128
v -0.548722 1.198706 0.157128
v -0.741049 1.202622 0.152330
v 0.002933 1.288493 -0.047138
v 0.259365 1.288493 -0.047138
v 0.195257 1.260984 -0.080924
v 0.067041 1.260984 -0.080924
v 0.002933 1.198706 -0.157128
v 0.067041 1.260984 -0.080924
v 0.067041 1.202622 -0.152332
v 0.259365 1.198706 -0.157128
v 0.195257 1.202622 -0.152332
v 0.259365 1.288493 -0.047138
v 0.002933 1.198706 -0.157128
v 0.195257 1.202622 -0.152332
v 0.067041 1.260984 0.080924
v 0.259365 1.288493 0.047138
v 0.002933 1.288493 0.047138
v 0.195257 1.260984 0.080924
v 0.195257 1.260984 0.080924
v 0.259365 1.198706 0.157128
v 0.195257 1.202622 0.152330
v 0.002933 1.198706 0.157128
v 0.002933 1.288493 0.047138
v 0.067041 1.202622 0.152330
v 0.259365 1.198706 0.157128
v 0.067041 1.202622 0.152330
v -0.741049 1.260984 0.080924
v -0.805157 1.288493 0.047138
v -0.805156 1.198706 0.157128
v -0.741049 1.202622 0.152330
v -0.741049 1.202622 -0.152332
v -0.741049 1.202622 0.152330
v -0.612832 1.202622 -0.152332
v -0.612832 1.202622 0.152330
v 0.067041 1.202622 -0.152332
v 0.195257 1.202622 0.152330
v 0.195257 1.202622 -0.152332
v 0.067041 1.202622 0.152330
v -5.129188 0.444548 -0.226039
v -5.129188 0.620356 -0.226039
v -5.077997 0.656773 -0.226039
v -5.348947 0.620356 -0.226039
v -5.077997 0.408131 -0.226039
v -5.412876 0.656773 -0.226039
v -5.348947 0.444548 -0.226039
v -5.412876 0.408131 -0.226039
v -5.077997 0.408131 0.226039
v -5.348947 0.444548 0.226039
v -5.412876 0.408131 0.226039
v -5.412876 0.656773 0.226039
v -5.129188 0.444548 0.226039
v -5.348947 0.620356 0.226039
v -5.077997 0.656773 0.226039
v -5.129188 0.620356 0.226039
v -0.208075 1.066543 0.216337
v -0.272897 1.019323 0.204300
v -0.193669 1.052139 0.204300
v -0.272897 1.039693 0.216337
v -0.160853 1.131365 0.204298
v -0.181225 1.131365 0.216337
v -0.193669 1.210590 0.204298
v -0.208075 1.196186 0.216337
v -0.272897 1.243406 0.204298
v -0.272897 1.223036 0.216337
v -0.352121 1.210592 0.204298
v -0.337718 1.196186 0.216337
v -0.384938 1.131365 0.204298
v -0.364566 1.131365 0.216337
v -0.337718 1.066543 0.216337
v -0.352121 1.052139 0.204300
v -0.272897 1.039693 0.216337
v -0.272897 1.019323 0.204300
v -0.208075 1.196186 -0.216337
v -0.272897 1.243406 -0.204298
v -0.193669 1.210592 -0.204298
v -0.272897 1.223036 -0.216337
v -0.160853 1.131365 -0.204298
v -0.181225 1.131365 -0.216337
v -0.193669 1.052140 -0.204298
v -0.208075 1.066543 -0.216337
v -0.272897 1.019323 -0.204298
v -0.272897 1.039693 -0.216337
v -0.352121 1.052140 -0.204298
v -0.337718 1.066543 -0.216337
v -0.384938 1.131365 -0.204298
v -0.364566 1.131365 -0.216337
v -0.337718 1.196186 -0.216337
v -0.352121 1.210592 -0.204298
v -0.272897 1.223036 -0.216337
v -0.272897 1.243406 -0.204298
v -0.548722 0.664361 -0.130740
v -0.805156 0.794662 -0.157128
v -0.548722 0.794662 -0.157128
v -0.805156 0.664361 -0.130740
v -0.805156 0.664361 0.130740
v -0.548722 0.664361 0.130740
v -0.548722 0.794662 0.157128
v -0.805156 0.794662 0.157128
v 0.259365 0.664361 -0.130740
v 0.002933 0.664361 -0.130740
v 0.259365 0.794662 -0.157128
v 0.002933 0.794662 -0.157128
v 0.259365 0.664361 0.130740
v 0.002933 0.794662 0.157128
v 0.002933 0.664361 0.130740
v 0.259365 0.794662 0.157128
v -0.805156 1.037087 -0.157128
v -0.805156 1.037087 0.157128
v -0.805156 1.198706 -0.157128
v -0.805156 1.198706 0.157128
v -0.805157 1.288493 0.047138
v -0.805156 1.288493 -0.047138
v -0.805156 1.198706 0.157128
v -0.548722 1.198706 -0.157128
v -0.805156 1.037087 -0.157128
v -0.805156 1.198706 -0.157128
v -0.548722 1.037087 -0.157128
v -0.741049 1.260984 -0.080924
v -0.805156 1.288493 -0.047138
v -0.741049 1.202622 -0.152332
v -0.548722 1.288493 -0.047138
v -0.612832 1.260984 -0.080924
v -0.612832 1.202622 -0.152332
v -0.805156 0.951790 -0.157128
v -0.805156 1.019130 0.157128
v -0.805156 1.019130 -0.157128
v -0.805156 0.951790 0.157128
v -0.805156 0.899413 -0.104752
v -0.805156 0.899413 0.104751
v -0.805156 0.951790 -0.157128
v -0.805156 0.847038 -0.104752
v -0.805156 0.899413 0.104751
v -0.805156 0.847038 0.104751
v -0.805156 0.794662 -0.157128
v -0.805156 0.847038 -0.104752
v -0.805156 0.794662 0.157128
v -0.805156 0.664361 -0.130740
v -0.805156 0.794662 0.157128
v -0.805156 0.794662 -0.157128
v -0.805156 0.664361 0.130740
v -0.805156 1.037087 0.157128
v -0.548722 1.037087 0.157128
v -0.805156 1.198706 0.157128
v -0.548722 1.198706 0.157128
v -0.612832 1.260984 0.080924
v -0.612832 1.202622 0.152330
v -0.548722 1.288493 0.047138
v -0.548722 0.951790 -0.157128
v -0.805156 1.019130 -0.157128
v -0.548722 1.019130 -0.157128
v -0.805156 0.951790 -0.157128
v -0.805156 0.951790 0.157128
v -0.548722 0.951790 0.157128
v -0.548722 1.019130 0.157128
v -0.805156 1.019130 0.157128
v -0.805156 1.019130 -0.157128
v -0.805156 1.019130 0.157128
v -0.792335 1.028109 -0.141416
v -0.792335 1.028109 0.141415
v 0.259365 1.037087 0.157128
v 0.259365 1.198706 0.157128
v 0.002933 1.037087 0.157128
v 0.002933 1.198706 0.157128
v 0.002933 1.198706 -0.157128
v 0.259365 1.198706 -0.157128
v 0.259365 1.037087 -0.157128
v 0.002933 1.037087 -0.157128
v 0.259365 0.951790 -0.157128
v 0.002933 0.951790 -0.157128
v 0.259365 1.019130 -0.157128
v 0.002933 1.019130 -0.157128
v 0.259365 0.951790 0.157128
v 0.002933 1.019130 0.157128
v 0.002933 0.951790 0.157128
v 0.259365 1.019130 0.157128
v -0.077489 1.131365 -0.150514
v -0.395191 0.980851 -0.150514
v -0.445854 1.131365 -0.150514
v -0.445854 1.031517 -0.150514
v -0.128153 0.980851 -0.150514
v -0.077489 1.031517 -0.150514
v -0.395191 0.980851 0.150514
v -0.077489 1.131365 0.150514
v -0.445854 1.131365 0.150514
v -0.445854 1.031517 0.150514
v -0.128153 0.980851 0.150514
v -0.077489 1.031517 0.150514
v -0.395191 1.281878 -0.150514
v -0.445854 1.131365 -0.150514
v -0.445854 1.231212 -0.150514
v -0.144829 1.281878 -0.150514
v -0.077489 1.131365 -0.150514
v -0.144829 1.281878 0.150514
v -0.445854 1.131365 0.150514
v -0.077489 1.131365 0.150514
v -0.395191 1.281878 0.150514
v -0.445854 1.231212 0.150514
v 0.530941 0.676910 0.097648
v -3.314181 0.726571 0.106230
v -3.314181 0.676910 0.097648
v 0.530941 0.726571 0.106230
v 0.530941 0.676910 -0.098866
v -3.314181 0.676910 -0.098866
v 0.530941 0.726571 -0.107450
v -3.314181 0.726571 -0.107450
v -0.548722 1.019130 0.157128
v -0.792335 1.028109 0.141415
v -0.805156 1.019130 0.157128
v -0.561544 1.028109 0.141415
v -0.792335 1.028109 -0.141416
v -0.548722 1.019130 -0.157128
v -0.805156 1.019130 -0.157128
v -0.561544 1.028109 -0.141416
v 0.002933 1.019130 0.157128
v 0.259365 1.019130 0.157128
v 0.246544 1.028109 0.141415
v 0.015754 1.028109 0.141415
v 0.259365 1.019130 -0.157128
v 0.002933 1.019130 -0.157128
v 0.015754 1.028109 -0.141416
v 0.246544 1.028109 -0.141416
v -0.548722 0.794662 -0.157128
v -0.805156 0.794662 -0.157128
v -0.805156 0.847038 -0.104752
v -0.548722 0.847038 -0.104752
v -0.805156 0.899413 -0.104752
v -0.548722 0.899413 -0.104752
v -0.805156 0.951790 -0.157128
v -0.548722 0.951790 -0.157128
v -0.548722 0.847038 0.104751
v -0.805156 0.847038 0.104751
v -0.805156 0.794662 0.157128
v -0.548722 0.794662 0.157128
v -0.548722 0.899413 0.104751
v -0.805156 0.899413 0.104751
v -0.548722 0.951790 0.157128
v -0.805156 0.951790 0.157128
v 0.002933 0.794662 -0.157128
v 0.259365 0.847038 -0.104752
v 0.259365 0.794662 -0.157128
v 0.002933 0.847038 -0.104752
v 0.259365 0.899413 -0.104752
v 0.002933 0.899413 -0.104752
v 0.259365 0.951790 -0.157128
v 0.002933 0.951790 -0.157128
v 0.002933 0.794662 0.157128
v 0.259365 0.794662 0.157128
v 0.002933 0.847038 0.104751
v 0.259365 0.847038 0.104751
v 0.002933 0.899413 0.104751
v 0.259365 0.899413 0.104751
v 0.002933 0.951790 0.157128
v 0.259365 0.951790 0.157128
v 2.421687 -0.276196 -0.131506
v 2.579240 -0.113544 -0.133027
v 2.542037 -0.244339 -0.132266
v 2.579240 -0.113544 0.133027
v 2.421687 -0.276196 0.131506
v 2.542037 -0.244339 0.132266
v 1.041693 1.389567 -0.094902
v 1.124575 1.304153 -0.094902
v 1.041693 1.304153 -0.094902
v 1.124575 1.396301 -0.094902
v 1.107232 1.406896 -0.094902
v 1.041693 1.304153 0.094899
v 1.124575 1.304153 0.094899
v 1.041693 1.389567 0.094899
v 1.124575 1.396301 0.094899
v 1.107232 1.406896 0.094899
v -0.561544 1.028109 0.141415
v -0.548722 1.019130 -0.157128
v -0.561544 1.028109 -0.141416
v -0.548722 1.019130 0.157128
v -1.868140 1.396301 0.094902
v -1.785258 1.389567 0.094902
v -1.850798 1.406896 0.094902
v -1.868140 1.304153 0.094902
v -1.785258 1.304153 0.094902
v -1.868140 1.396301 -0.094901
v -1.785258 1.389567 -0.094901
v -1.868140 1.304153 -0.094901
v -1.785258 1.304153 -0.094901
v -1.850798 1.406896 -0.094901
v -0.548722 1.198706 0.157128
v -0.548722 1.037087 -0.157128
v -0.548722 1.198706 -0.157128
v -0.548722 1.037087 0.157128
v -0.548722 1.288493 -0.047138
v -0.548722 1.288493 0.047138
v -0.548722 1.198706 -0.157128
v -0.548722 0.951790 0.157128
v -0.548722 0.951790 -0.157128
v -0.548722 1.019130 -0.157128
v -0.548722 1.019130 0.157128
v -0.548722 0.899413 0.104751
v -0.548722 0.899413 -0.104752
v -0.548722 0.951790 0.157128
v -0.548722 0.899413 -0.104752
v -0.548722 0.847038 0.104751
v -0.548722 0.847038 -0.104752
v -0.548722 0.794662 0.157128
v -0.548722 0.794662 -0.157128
v -0.548722 0.847038 0.104751
v -0.548722 0.664361 0.130740
v -0.548722 0.664361 -0.130740
v -0.548722 0.794662 -0.157128
v -0.548722 0.794662 0.157128
v -0.445854 1.231212 -0.150514
v -0.395191 1.281878 0.150514
v -0.395191 1.281878 -0.150514
v -0.445854 1.231212 0.150514
v -0.805156 1.037087 0.157128
v -0.805156 1.037087 -0.157128
v -0.792335 1.028109 0.141415
v -0.792335 1.028109 -0.141416
v -0.077489 1.031517 -0.150514
v -0.128153 0.980851 0.150514
v -0.128153 0.980851 -0.150514
v -0.077489 1.031517 0.150514
v -0.395191 0.980851 -0.150514
v -0.395191 0.980851 0.150514
v -0.128153 0.980851 -0.150514
v 2.314674 0.536970 0.204044
v 2.660011 0.536970 0.204044
v 2.634754 0.678339 0.148074
v 2.314674 0.678339 0.148074
v 2.634754 0.678339 -0.148074
v 2.314674 0.536970 -0.204044
v 2.314674 0.678339 -0.148074
v 2.660011 0.536970 -0.204044
v -0.805156 1.037087 -0.157128
v -0.548722 1.037087 -0.157128
v -0.792335 1.028109 -0.141416
v -0.561544 1.028109 -0.141416
v -0.548722 1.037087 0.157128
v -0.792335 1.028109 0.141415
v -0.561544 1.028109 0.141415
v -0.805156 1.037087 0.157128
v 0.002933 1.037087 -0.157128
v 0.259365 1.037087 -0.157128
v 0.246544 1.028109 -0.141416
v 0.015754 1.028109 -0.141416
v 0.259365 1.037087 0.157128
v 0.015754 1.028109 0.141415
v 0.246544 1.028109 0.141415
v 0.002933 1.037087 0.157128
v -0.181225 1.131365 -0.254496
v -0.208075 1.196186 -0.254496
v -0.208075 1.196186 -0.216337
v -0.272897 1.223036 -0.216337
v -0.272897 1.223036 -0.254496
v -0.181225 1.131365 -0.216337
v -0.208075 1.066543 -0.254496
v -0.208075 1.066543 -0.216337
v -0.272897 1.039693 -0.254496
v -0.272897 1.039693 -0.216337
v -0.337718 1.066543 -0.254496
v -0.337718 1.066543 -0.216337
v -0.364566 1.131365 -0.254496
v -0.364566 1.131365 -0.216337
v -0.337718 1.196186 -0.254496
v -0.337718 1.196186 -0.216337
v -0.272897 1.223036 -0.254496
v -0.272897 1.223036 -0.216337
v -0.612832 1.202622 -0.152332
v -0.612832 1.202622 0.152330
v -0.612832 1.260984 -0.080924
v -0.612832 1.260984 0.080924
v -0.548722 1.037087 -0.157128
v -0.548722 1.037087 0.157128
v -0.561544 1.028109 -0.141416
v -0.561544 1.028109 0.141415
v 1.041693 1.304153 -0.070036
v 1.124575 1.304153 -0.070036
v 1.041693 1.389567 -0.070036
v 1.124575 1.396301 -0.070036
v 1.107232 1.406896 -0.070036
v 1.124575 1.396301 0.070036
v 1.041693 1.389567 0.070036
v 1.107232 1.406896 0.070036
v 1.041693 1.389567 0.070036
v 1.124575 1.396301 0.070036
v 1.124575 1.304153 0.070036
v 1.041693 1.304153 0.070036
v -1.868140 1.396301 0.070036
v -1.785258 1.389567 0.070036
v -1.868140 1.304153 0.070036
v -1.785258 1.304153 0.070036
v -1.850798 1.406896 0.070036
v -1.785258 1.389567 -0.070036
v -1.868140 1.304153 -0.070036
v -1.785258 1.304153 -0.070036
v -1.868140 1.396301 -0.070036
v -1.868140 1.396301 -0.070036
v -1.785258 1.389567 -0.070036
v -1.850798 1.406896 -0.070036
v -2.427730 0.395058 0.084517
v -2.559586 0.395058 0.084517
v -2.427730 0.328081 0.084384
v -2.559586 0.328081 0.084384
v -2.427730 0.243847 0.131856
v -2.559586 0.243847 0.131856
v -2.427730 0.395058 -0.084517
v -2.559586 0.328081 -0.084384
v -2.559586 0.395058 -0.084517
v -2.427730 0.328081 -0.084384
v -2.559586 0.243847 -0.131856
v -2.427730 0.243847 -0.131856
v -2.977129 0.395058 0.084517
v -3.108985 0.395058 0.084517
v -2.977129 0.328081 0.084384
v -3.108985 0.328081 0.084384
v -2.977129 0.243847 0.131856
v -3.108985 0.243847 0.131856
v -2.977129 0.395058 -0.084517
v -3.108985 0.328081 -0.084384
v -3.108985 0.395058 -0.084517
v -2.977129 0.328081 -0.084384
v -3.108985 0.243847 -0.131856
v -2.977129 0.243847 -0.131856
v -0.741049 1.202622 0.152330
v -0.741049 1.202622 -0.152332
v -0.741049 1.260984 0.080924
v -0.741049 1.260984 -0.080924
v -0.352121 1.223366 0.079226
v -0.272897 1.223366 0.112043
v -0.352121 1.335665 0.079225
v -0.272897 1.335665 0.112041
v -0.384938 1.223366 -0.000000
v -0.384938 1.335665 -0.000000
v -0.352121 1.223366 -0.079225
v -0.352121 1.335665 -0.079227
v -0.272897 1.335664 -0.112044
v -0.272897 1.223366 -0.112042
v -0.193669 1.335664 -0.079227
v -0.193669 1.223366 -0.079225
v -0.160853 1.223366 -0.000000
v -0.160853 1.335665 -0.000000
v -0.193669 1.335665 0.079225
v -0.193669 1.223366 0.079226
v -0.272897 1.335665 0.112041
v -0.272897 1.223366 0.112043
v -0.352121 1.052139 0.092000
v -0.272897 1.019322 0.092000
v -0.352121 1.052139 0.204300
v -0.272897 1.019323 0.204300
v -0.384938 1.131365 0.204298
v -0.384938 1.131365 0.092000
v -0.352121 1.210590 0.092000
v -0.352121 1.210592 0.204298
v -0.272897 1.243406 0.204298
v -0.272897 1.243406 0.092000
v -0.193669 1.210590 0.204298
v -0.193669 1.210590 0.092000
v -0.160853 1.131365 0.204298
v -0.160853 1.131365 0.092000
v -0.193669 1.052139 0.092000
v -0.193669 1.052139 0.204300
v -0.272897 1.019323 0.204300
v -0.272897 1.019322 0.092000
v -0.445854 1.031517 0.150514
v -0.445854 1.031517 -0.150514
v -0.395191 0.980851 -0.150514
v -0.395191 0.980851 0.150514
v -0.445854 1.031517 -0.150514
v -0.445854 1.031517 0.150514
v -0.445854 1.131365 -0.150514
v -0.445854 1.131365 0.150514
v -0.445854 1.231212 -0.150514
v -0.445854 1.231212 0.150514
v 0.530941 0.726571 -0.107450
v -3.314181 0.726571 -0.107450
v -3.314181 0.751112 -0.047164
v 0.530941 0.751112 -0.047164
v -3.314181 0.751112 0.045946
v 0.530941 0.751112 0.045946
v -3.314181 0.726571 0.106230
v 0.530941 0.726571 0.106230
v -0.188628 1.215631 0.254496
v -0.181225 1.131365 0.254496
v -0.208075 1.196186 0.254496
v -0.153724 1.131365 0.254496
v -0.272897 1.250537 0.254496
v -0.188628 1.047098 0.254496
v -0.272897 1.223036 0.254496
v -0.208075 1.066543 0.254496
v -0.272897 1.012192 0.254496
v -0.272897 1.039693 0.254496
v -0.357163 1.215631 0.254496
v -0.337718 1.196186 0.254496
v -0.392067 1.131365 0.254496
v -0.364566 1.131365 0.254496
v -0.337718 1.066543 0.254496
v -0.357163 1.047098 0.254496
v -0.272897 1.039693 0.254496
v -0.272897 1.012192 0.254496
v -0.188628 1.047098 -0.254496
v -0.181225 1.131365 -0.254496
v -0.208075 1.066543 -0.254496
v -0.153724 1.131365 -0.254496
v -0.272897 1.012192 -0.254496
v -0.188628 1.215631 -0.254496
v -0.272897 1.039693 -0.254496
v -0.208075 1.196186 -0.254496
v -0.272897 1.250537 -0.254496
v -0.272897 1.223036 -0.254496
v -0.357163 1.047098 -0.254496
v -0.337718 1.066543 -0.254496
v -0.392067 1.131365 -0.254496
v -0.364566 1.131365 -0.254496
v -0.337718 1.196186 -0.254496
v -0.357163 1.215631 -0.254496
v -0.272897 1.223036 -0.254496
v -0.272897 1.250537 -0.254496
v 2.538570 0.737006 -0.000000
v 2.314674 0.737006 -0.000000
v 2.314674 0.678339 0.148074
v 2.634754 0.678339 0.148074
v 2.538570 0.737006 -0.000000
v 2.314674 0.678339 -0.148074
v 2.634754 0.678339 -0.148074
v -5.412876 0.656773 -0.226039
v -5.140322 0.656773 -0.000000
v -5.077997 0.656773 -0.226039
v -5.021674 0.656773 -0.141582
v -5.602298 0.656773 -0.000000
v -5.412876 0.656773 0.226039
v -5.077997 0.656773 0.226039
v -5.021674 0.656773 0.141582
v -0.741049 1.260984 -0.080924
v -0.612832 1.260984 -0.080924
v -0.612832 1.260984 0.080924
v -0.741049 1.260984 0.080924
v 0.195257 1.260984 -0.080924
v 0.067041 1.260984 0.080924
v 0.067041 1.260984 -0.080924
v 0.195257 1.260984 0.080924
v 0.002933 1.019130 -0.157128
v 0.002933 1.019130 0.157128
v 0.015754 1.028109 0.141415
v 0.015754 1.028109 -0.141416
v -0.181225 1.131365 0.254496
v -0.208075 1.066543 0.216337
v -0.181225 1.131365 0.216337
v -0.208075 1.066543 0.254496
v -0.272897 1.039693 0.216337
v -0.272897 1.039693 0.254496
v -0.208075 1.196186 0.254496
v -0.208075 1.196186 0.216337
v -0.272897 1.223036 0.254496
v -0.272897 1.223036 0.216337
v -0.337718 1.196186 0.254496
v -0.337718 1.196186 0.216337
v -0.364566 1.131365 0.254496
v -0.364566 1.131365 0.216337
v -0.337718 1.066543 0.254496
v -0.337718 1.066543 0.216337
v -0.272897 1.039693 0.254496
v -0.272897 1.039693 0.216337
v -0.272897 1.012192 0.315102
v -0.357163 1.047098 0.254496
v -0.272897 1.012192 0.254496
v -0.357163 1.047098 0.315102
v -0.392067 1.131365 0.254496
v -0.392067 1.131365 0.315102
v -0.357163 1.215631 0.254496
v -0.357163 1.215631 0.315102
v -0.272897 1.250537 0.254496
v -0.272897 1.250537 0.315102
v -0.188628 1.215631 0.254496
v -0.188628 1.215631 0.315102
v -0.153724 1.131365 0.254496
v -0.153724 1.131365 0.315102
v -0.188628 1.047098 0.254496
v -0.188628 1.047098 0.315102
v -0.272897 1.012192 0.254496
v -0.272897 1.012192 0.315102
v -0.272897 1.250537 -0.315103
v -0.357163 1.215631 -0.315103
v -0.357163 1.215631 -0.254496
v -0.272897 1.250537 -0.254496
v -0.392067 1.131365 -0.254496
v -0.392067 1.131365 -0.315103
v -0.357163 1.047098 -0.254496
v -0.357163 1.047098 -0.315103
v -0.272897 1.012192 -0.254496
v -0.272897 1.012192 -0.315103
v -0.188628 1.047098 -0.254496
v -0.188628 1.047098 -0.315103
v -0.153724 1.131365 -0.254496
v -0.153724 1.131365 -0.315103
v -0.188628 1.215631 -0.254496
v -0.188628 1.215631 -0.315103
v -0.272897 1.250537 -0.254496
v -0.272897 1.250537 -0.315103
v -0.272897 1.385860 0.119172
v -0.272897 1.446468 0.119172
v -0.357163 1.385860 0.084266
v -0.357163 1.446468 0.084266
v -0.392067 1.385860 -0.000000
v -0.392067 1.446468 -0.000000
v -0.357163 1.385860 -0.084266
v -0.357163 1.446468 -0.084266
v -0.272897 1.385860 -0.119173
v -0.272897 1.446468 -0.119173
v -0.188628 1.385860 -0.084266
v -0.188628 1.446468 -0.084266
v -0.153724 1.385860 -0.000000
v -0.153724 1.446468 -0.000000
v -0.188628 1.385860 0.084266
v -0.188628 1.446468 0.084266
v -0.272897 1.385860 0.119172
v -0.272897 1.446468 0.119172
v 0.002933 1.037087 0.157128
v 0.002933 1.037087 -0.157128
v 0.015754 1.028109 -0.141416
v 0.015754 1.028109 0.141415
v -0.188628 1.385860 -0.084266
v -0.181225 1.385860 -0.000000
v -0.208075 1.385860 -0.064821
v -0.153724 1.385860 -0.000000
v -0.272897 1.385860 -0.119173
v -0.188628 1.385860 0.084266
v -0.272897 1.385860 -0.091671
v -0.208075 1.385860 0.064821
v -0.272897 1.385860 0.119172
v -0.272897 1.385860 0.091671
v -0.357163 1.385860 -0.084266
v -0.337718 1.385860 -0.064821
v -0.392067 1.385860 -0.000000
v -0.364566 1.385860 -0.000000
v -0.337718 1.385860 0.064821
v -0.357163 1.385860 0.084266
v -0.272897 1.385860 0.091671
v -0.272897 1.385860 0.119172
v -1.785258 1.304153 0.070036
v -1.785258 1.389567 0.070036
v -1.785258 1.389567 0.094902
v -1.785258 1.304153 0.094902
v -1.850798 1.406896 0.094902
v -1.850798 1.406896 0.070036
v -1.868140 1.396301 0.094902
v -1.868140 1.396301 0.070036
v -1.850798 1.406896 -0.070036
v -1.785258 1.389567 -0.094901
v -1.850798 1.406896 -0.094901
v -1.868140 1.396301 -0.070036
v -1.868140 1.396301 -0.094901
v -1.785258 1.389567 -0.070036
v -1.785258 1.304153 -0.094901
v -1.785258 1.304153 -0.070036
v 0.002933 1.198706 0.157128
v 0.002933 1.198706 -0.157128
v 0.002933 1.037087 -0.157128
v 0.002933 1.037087 0.157128
v 0.002933 1.198706 -0.157128
v 0.002933 1.198706 0.157128
v 0.002933 1.288493 -0.047138
v 0.002933 1.288493 0.047138
v 0.002933 0.951790 0.157128
v 0.002933 1.019130 -0.157128
v 0.002933 0.951790 -0.157128
v 0.002933 1.019130 0.157128
v 0.002933 0.951790 0.157128
v 0.002933 0.899413 0.104751
v 0.002933 0.899413 -0.104752
v 0.002933 0.899413 -0.104752
v 0.002933 0.847038 0.104751
v 0.002933 0.847038 -0.104752
v 0.002933 0.794662 -0.157128
v 0.002933 0.794662 0.157128
v 0.002933 0.847038 0.104751
v 0.002933 0.664361 0.130740
v 0.002933 0.794662 -0.157128
v 0.002933 0.664361 -0.130740
v 0.002933 0.794662 0.157128
v 0.195257 1.202622 -0.152332
v 0.195257 1.260984 0.080924
v 0.195257 1.260984 -0.080924
v 0.195257 1.202622 0.152330
v 1.041693 1.389567 -0.094902
v 1.041693 1.304153 -0.094902
v 1.041693 1.304153 -0.070036
v 1.041693 1.389567 -0.070036
v 1.107232 1.406896 -0.094902
v 1.107232 1.406896 -0.070036
v 1.124575 1.396301 -0.094902
v 1.124575 1.396301 -0.070036
v 1.107232 1.406896 0.070036
v 1.041693 1.389567 0.070036
v 1.041693 1.389567 0.094899
v 1.041693 1.304153 0.094899
v 1.041693 1.304153 0.070036
v 1.107232 1.406896 0.094899
v 1.124575 1.396301 0.070036
v 1.124575 1.396301 0.094899
v -2.427730 0.199894 -0.000000
v -2.427730 0.328081 0.084384
v -2.427730 0.243847 0.131856
v -2.427730 0.358209 -0.000000
v -2.427730 0.395058 0.084517
v -2.427730 0.328081 -0.084384
v -2.427730 0.395058 -0.084517
v -2.427730 0.243847 -0.131856
v -2.977129 0.199894 -0.000000
v -2.977129 0.328081 0.084384
v -2.977129 0.243847 0.131856
v -2.977129 0.358209 -0.000000
v -2.977129 0.395058 0.084517
v -2.977129 0.328081 -0.084384
v -2.977129 0.395058 -0.084517
v -2.977129 0.243847 -0.131856
v 2.314674 -0.283324 -0.000000
v 2.314674 0.536970 0.204044
v 2.314674 0.536970 -0.204044
v 2.314674 -0.283324 0.131506
v 2.314674 -0.283324 -0.131506
v 2.314674 0.737006 -0.000000
v 2.314674 0.678339 -0.148074
v 2.314674 0.678339 0.148074
v -5.021674 0.408131 -0.141582
v -5.021674 0.656773 -0.141582
v -5.140322 0.656773 -0.000000
v -5.140322 0.408131 -0.000000
v -5.140322 0.408131 -0.000000
v -5.140322 0.656773 -0.000000
v -5.021674 0.656773 0.141582
v -5.021674 0.408131 0.141582
v -5.021674 0.656773 -0.141582
v -5.077997 0.408131 -0.226039
v -5.077997 0.656773 -0.226039
v -5.021674 0.408131 -0.141582
v -5.021674 0.408131 0.141582
v -5.021674 0.656773 0.141582
v -5.077997 0.656773 0.226039
v -5.077997 0.408131 0.226039
v -5.348947 0.444548 -0.226039
v -5.348947 0.620356 -0.226039
v -5.533889 0.620356 -0.000000
v -5.533889 0.444548 -0.000000
v -5.348947 0.444548 0.226039
v -5.348947 0.620356 0.226039
v -5.348947 0.444548 0.226039
v -5.314128 0.444548 -0.000000
v -5.129188 0.444548 0.226039
v -5.348947 0.444548 -0.226039
v -5.129188 0.444548 -0.226039
v -5.348947 0.620356 -0.226039
v -5.314128 0.620356 -0.000000
v -5.129188 0.620356 -0.226039
v -5.348947 0.620356 0.226039
v -5.129188 0.620356 0.226039
vn -0.4742 0.8804 0.0005
vn -0.6745 -0.4909 0.5514
vn -0.4742 -0.8804 0.0005
vn -0.6743 0.4909 0.5517
vn -0.6743 -0.4909 -0.5517
vn -0.6745 0.4909 -0.5514
vn -0.7664 0.0005 -0.6423
vn -0.7665 -0.0000 -0.6423
vn -0.7664 0.0005 0.6423
vn -0.7665 -0.0000 0.6423
vn 0.9565 -0.2918 0.0005
vn 0.9923 -0.1240 0.0005
vn 0.9943 -0.1070 -0.0000
vn 0.9550 -0.2965 0.0005
vn 0.9565 -0.2918 -0.0000
vn 0.9943 -0.1070 0.0005
vn 0.9965 -0.0839 0.0005
vn 0.9930 -0.1180 0.0005
vn 0.9291 0.3699 0.0005
vn 0.9965 -0.0835 0.0005
vn 0.9931 -0.1177 0.0005
vn 0.8255 0.5644 0.0005
vn 0.9943 -0.1067 0.0005
vn 0.9859 0.1675 0.0005
vn 0.9847 0.1744 -0.0000
vn 0.9923 -0.1236 0.0005
vn 0.9943 -0.1067 -0.0000
vn 0.9847 0.1744 0.0005
vn 0.9847 0.1745 0.0005
vn 0.9997 0.0233 0.0005
vn 0.9998 0.0191 0.0005
vn 0.9847 0.1745 -0.0000
vn -1.0000 0.0005 0.0005
vn 0.7022 -0.7120 0.0005
vn 0.9998 0.0188 0.0005
vn 0.7007 -0.7134 0.0005
vn 0.9997 0.0229 0.0005
vn 0.1621 -0.9868 -0.0000
vn 0.1619 -0.9868 -0.0000
vn 0.0665 -0.9978 -0.0000
vn 0.1619 -0.9868 0.0003
vn 0.0660 -0.9978 0.0004
vn 1.0000 0.0005 0.0005
vn 0.8722 0.4891 0.0005
vn 0.5207 0.8537 -0.0000
vn 0.9291 0.3699 0.0004
vn 0.8254 0.5645 0.0005
vn -0.8722 0.4891 0.0004
vn -0.8722 0.4891 0.0005
vn 0.0005 -0.3601 -0.9329
vn 0.0004 -0.3601 -0.9329
vn 0.0005 -1.0000 0.0005
vn 0.0005 -0.3601 0.9329
vn 0.5736 0.8191 -0.0000
vn 0.5739 0.8189 0.0006
vn 0.5439 0.8391 0.0003
vn 0.9780 0.2088 -0.0000
vn 0.5439 0.8391 0.0005
vn 0.9780 0.2087 0.0004
vn 0.9240 -0.3825 0.0005
vn -0.0000 -1.0000 -0.0000
vn 0.0005 1.0000 0.0005
vn 0.5736 -0.8191 -0.0000
vn 0.3597 0.8610 0.3597
vn 0.0005 0.8611 0.5084
vn 0.0005 0.8611 0.5085
vn 0.5087 0.8610 -0.0000
vn 0.3601 0.8606 -0.3601
vn 0.3597 0.8610 -0.3597
vn 0.0004 0.8611 -0.5085
vn -0.3597 0.8610 -0.3597
vn -0.5087 0.8610 -0.0000
vn -0.5085 0.8611 0.0004
vn -0.3597 0.8609 0.3597
vn -0.7071 0.7071 -0.0000
vn -0.7071 -0.7071 -0.0000
vn 0.7071 -0.7071 -0.0000
vn 0.7071 0.7071 -0.0000
vn 0.7071 -0.0000 0.7071
vn 0.0005 0.0005 1.0000
vn 0.7071 -0.0000 -0.7071
vn 0.0005 0.0005 -1.0000
vn -0.7071 -0.0000 -0.7071
vn -0.7071 -0.0000 0.7071
vn 0.0002 0.0005 1.0000
vn -0.0005 0.9421 -0.3355
vn 0.0005 0.9421 0.3355
vn 0.0005 0.9421 -0.3355
vn -0.0005 0.9421 0.3355
vn 0.5440 0.8391 0.0005
vn -0.3825 0.9240 0.0005
vn 0.0161 -0.0836 -0.9964
vn 0.0161 -0.0835 -0.9964
vn 0.0083 0.1460 -0.9893
vn 0.0073 0.1618 -0.9868
vn 0.0161 -0.0836 0.9964
vn 0.0161 -0.0835 0.9964
vn 0.0083 0.1460 0.9893
vn 0.0073 0.1618 0.9868
vn -0.0000 0.7755 -0.6314
vn -0.0005 0.9420 -0.3356
vn 0.0005 0.9420 -0.3355
vn -0.0004 0.7753 -0.6315
vn 0.0004 0.7753 0.6316
vn -0.0005 0.9420 0.3356
vn -0.0000 0.7755 0.6314
vn 0.0005 0.9420 0.3356
vn -0.0005 0.4286 -0.9035
vn -0.0000 0.7746 -0.6324
vn 0.0005 0.4286 -0.9035
vn -0.0000 0.7746 -0.6325
vn 0.0003 0.7745 0.6326
vn -0.0005 0.4286 0.9035
vn 0.0005 0.4286 0.9035
vn -0.0000 0.7747 0.6323
vn 0.0005 0.9420 -0.3356
vn -0.0005 0.7753 -0.6316
vn -0.0000 0.7743 -0.6328
vn 0.0005 0.7754 -0.6315
vn -0.0004 0.7744 -0.6327
vn -0.0005 0.9420 0.3355
vn 0.0005 0.7753 0.6315
vn -0.0001 0.7743 0.6328
vn -0.0005 0.7753 0.6316
vn 0.0001 0.7743 0.6328
vn -0.0005 0.4285 0.9035
vn 0.3597 -0.3597 0.8609
vn 0.0005 -0.5085 0.8611
vn 0.0005 -0.5084 0.8611
vn 0.5088 -0.0000 0.8609
vn 0.5085 0.0004 0.8611
vn 0.3597 0.3597 0.8609
vn -0.0000 0.5088 0.8609
vn -0.3598 0.3598 0.8609
vn -0.3598 0.3597 0.8609
vn -0.5088 -0.0000 0.8609
vn -0.5085 0.0004 0.8611
vn -0.3597 -0.3597 0.8609
vn 0.0004 -0.5085 0.8611
vn 0.0004 -0.5084 0.8611
vn 0.3597 0.3597 -0.8609
vn 0.0006 0.5085 -0.8611
vn 0.0007 0.5084 -0.8611
vn 0.5088 -0.0000 -0.8609
vn 0.3598 -0.3597 -0.8609
vn 0.3597 -0.3598 -0.8609
vn -0.0000 -0.5088 -0.8609
vn -0.3598 -0.3598 -0.8609
vn -0.5085 0.0004 -0.8611
vn -0.3598 0.3597 -0.8609
vn -0.3598 0.3598 -0.8609
vn 0.0004 0.5085 -0.8611
vn 0.0004 0.5084 -0.8611
vn -0.0000 -0.1985 -0.9801
vn 0.0004 -0.1988 -0.9800
vn -0.0000 -0.1985 0.9801
vn 0.0004 -0.1988 0.9800
vn 0.0003 -0.1986 -0.9801
vn 0.0005 0.4285 -0.9036
vn -0.0005 0.4285 -0.9036
vn -0.0003 0.4286 -0.9035
vn 0.0005 0.7753 -0.6316
vn -0.0005 0.4285 0.9036
vn 0.0005 0.4285 0.9036
vn 0.0005 0.7754 0.6315
vn -0.5736 0.8191 -0.0000
vn -0.0000 -0.1703 0.9854
vn 0.0003 -0.1704 0.9854
vn -0.0000 -0.1703 -0.9854
vn -0.0000 0.8683 0.4961
vn -0.0000 0.8682 -0.4962
vn -0.0000 0.8682 -0.4961
vn 0.0005 0.8683 0.4960
vn 0.0005 0.7071 -0.7071
vn -0.0000 0.3827 -0.9239
vn -0.0000 -0.3827 -0.9239
vn -0.0000 -0.7071 -0.7071
vn 0.0005 -0.7071 -0.7071
vn 0.0005 0.3826 0.9239
vn -0.0000 0.3827 0.9239
vn 0.0005 0.7071 0.7071
vn -0.0000 -0.3827 0.9239
vn 0.0005 -0.7071 0.7071
vn 0.0003 0.3826 -0.9239
vn 0.0003 0.7071 0.7071
vn 0.0003 0.3826 0.9239
vn 0.0003 -0.7071 0.7071
vn -0.9239 0.3826 0.0005
vn -0.3827 0.9239 0.0005
vn -0.5736 -0.8191 -0.0000
vn -0.5739 -0.8189 0.0006
vn 0.9239 -0.3826 0.0005
vn 0.3826 -0.9239 0.0005
vn -0.3825 -0.9240 0.0005
vn 0.3825 -0.9240 0.0005
vn 0.0083 0.1462 0.9892
vn 0.0073 0.1619 0.9868
vn 0.0005 0.6246 0.7809
vn 0.0005 0.6246 -0.7809
vn 0.0083 0.1462 -0.9892
vn 0.0073 0.1619 -0.9868
vn -0.0000 -0.8682 -0.4962
vn 0.0003 -0.8683 -0.4960
vn 0.0005 -0.8683 0.4960
vn -0.0000 -0.8683 0.4961
vn 0.0006 -0.8683 0.4960
vn 0.0002 1.0000 0.0005
vn 0.0005 -0.0024 1.0000
vn 0.0004 -0.0024 1.0000
vn -0.0000 0.2528 0.9675
vn 0.0003 -0.3602 0.9329
vn 0.0005 -0.3602 0.9329
vn 0.0004 -0.0024 -1.0000
vn -0.0000 0.2528 -0.9675
vn 0.0005 -0.0024 -1.0000
vn 0.0004 -0.3602 -0.9329
vn 0.0005 -0.3602 -0.9329
vn 0.0003 -0.0023 1.0000
vn 0.0003 -0.0023 -1.0000
vn 0.0006 0.2524 -0.9676
vn 0.0003 -0.3602 -0.9329
vn -0.7071 0.0005 0.7071
vn 0.0004 0.0005 1.0000
vn 0.0003 0.0005 1.0000
vn -0.7071 0.0005 -0.7071
vn 0.7071 0.0005 -0.7071
vn 0.0006 0.0005 1.0000
vn 0.0004 -1.0000 0.0005
vn -0.7071 0.7071 0.0005
vn 0.7071 -0.7071 0.0005
vn 0.0006 -1.0000 0.0005
vn -0.9239 -0.3826 0.0005
vn -0.3827 -0.9239 0.0005
vn -0.9240 -0.3825 0.0005
vn -0.9240 0.3825 0.0005
vn -0.0000 0.9262 -0.3770
vn 0.0005 0.9263 -0.3768
vn -0.0000 0.9814 -0.1921
vn -0.0000 0.9814 0.1921
vn -0.0000 0.9262 0.3771
vn 0.0004 0.9263 0.3769
vn 0.0005 0.6247 0.7809
vn 0.0005 1.0000 0.0004
vn 0.0005 0.6247 -0.7809
vn -0.0000 1.0000 -0.0000
vn -0.5739 0.8189 0.0006
vn 0.0002 -1.0000 0.0005
vn 0.7924 0.6101 -0.0000
vn 0.7923 0.6101 -0.0000
vn -0.1445 0.9895 -0.0000
vn -0.7923 0.6101 -0.0000
vn -0.7924 0.6101 -0.0000
vn 0.1442 0.9895 0.0005
vn 0.1445 0.9895 -0.0000
vn 0.8722 0.4891 0.0004
vn 0.8722 0.4891 0.0003
vn 0.7664 0.0005 0.6423
vn 0.7664 0.0003 0.6423
vn 0.7664 0.0005 -0.6423
vn 0.7664 0.0003 -0.6423
vn 0.8320 -0.0000 -0.5548
vn 0.8321 0.0004 -0.5546
vn 0.8320 -0.0000 0.5548
vn 0.4424 0.8205 0.3620
vn 0.4423 -0.8205 0.3621
vn 0.8084 -0.5886 0.0005
vn 0.8084 0.5886 0.0005
vn 0.4423 0.8205 -0.3621
vn 0.4424 -0.8205 -0.3620
vn -0.6745 0.4909 0.5514
vn 0.4423 0.8205 0.3621
vn -0.6745 -0.4909 -0.5514
vn 0.4423 -0.8205 -0.3621
vt 0.375000 0.125000
vt 0.625000 0.206818
vt 0.625000 0.125000
vt 0.375000 0.206818
vt 0.625000 0.043182
vt 0.375000 0.043182
vt 0.625000 0.750000
vt 0.375000 0.750000
vt 0.375000 0.625000
vt 0.625000 0.625000
vt 0.375000 0.500000
vt 0.625000 0.500000
vt 0.539573 0.125000
vt 0.506194 0.250000
vt 0.506194 0.125000
vt 0.539573 0.250000
vt 0.506194 0.000000
vt 0.539573 0.000000
vt 0.606330 0.125000
vt 0.606330 0.000000
vt 0.606330 0.250000
vt 0.625000 0.060677
vt 0.625000 0.140169
vt 0.625000 0.219662
vt 0.472815 0.250000
vt 0.472815 0.125000
vt 0.472815 0.000000
vt 0.406058 0.250000
vt 0.406058 0.125000
vt 0.406058 0.000000
vt 0.375000 0.679468
vt 0.445532 0.750000
vt 0.375000 0.570532
vt 0.445532 0.500000
vt 0.168701 0.750000
vt 0.125000 0.625000
vt 0.168701 0.625000
vt 0.125000 0.750000
vt 0.168701 0.500000
vt 0.125000 0.500000
vt 0.212401 0.750000
vt 0.212401 0.625000
vt 0.212401 0.500000
vt 0.500000 0.750000
vt 0.500000 0.500000
vt 0.375000 0.187500
vt 0.625000 0.187500
vt 0.625000 0.250000
vt 0.375000 0.250000
vt 0.375000 0.000000
vt 0.625000 0.000000
vt 0.625000 0.062500
vt 0.375000 0.062500
vt 0.625000 1.000000
vt 0.125000 0.679468
vt 0.445532 1.000000
vt 0.125000 0.570532
vt 0.445532 0.250000
vt 0.400000 0.500000
vt 0.400000 0.750000
vt 0.125000 0.569916
vt 0.125000 0.680084
vt 0.125000 0.648265
vt 0.125000 0.601735
vt 0.387500 0.750000
vt 0.387500 0.500000
vt 0.500000 0.000000
vt 0.500000 0.250000
vt 0.417077 0.000000
vt 0.417077 0.250000
vt 0.181229 0.750000
vt 0.125000 0.703295
vt 0.181229 0.500000
vt 0.125000 0.546705
vt 0.375000 1.000000
vt 0.500000 1.000000
vt 0.250000 1.000000
vt 0.750000 1.000000
vt 0.875000 1.000000
vt 0.125000 1.000000
vt 0.000000 1.000000
vt 1.000000 1.000000
vt 1.000000 0.500000
vt 0.875000 0.500000
vt 0.750000 0.500000
vt 0.250000 0.500000
vt 0.000000 0.500000
vt 0.875000 0.750000
vt 0.653051 0.764026
vt 0.653051 0.485974
vt 0.506194 1.000000
vt 0.472815 1.000000
vt 0.375000 0.912599
vt 0.406058 1.000000
vt 0.606330 0.750000
vt 0.539573 1.000000
vt 0.606330 1.000000
vt 0.375000 0.337401
vt 0.606330 0.500000
vt 0.625000 0.937500
vt 0.625000 0.812500
vt 0.625000 0.312500
vt 0.625000 0.437500
vt 0.375000 0.680084
vt 0.375000 0.569916
vt 0.402778 0.914151
vt 0.597222 0.914151
vt 0.625000 0.943771
vt 0.597222 0.786991
vt 0.375000 0.943771
vt 0.402778 0.786991
vt 0.375000 0.306229
vt 0.402778 0.463009
vt 0.402778 0.335849
vt 0.597222 0.463009
vt 0.625000 0.306229
vt 0.597222 0.335849
vt 0.400000 1.000000
vt 0.400000 0.250000
vt 0.352077 0.761462
vt 0.417077 0.750000
vt 0.375000 0.965615
vt 0.417077 1.000000
vt 0.352077 0.488538
vt 0.417077 0.500000
vt 0.375000 0.284385
vt 0.582923 0.750000
vt 0.582923 0.500000
vt 0.387500 0.250000
vt 0.387500 1.000000
vt 0.390529 0.956299
vt 0.390529 0.293701
vt 0.625000 0.875000
vt 0.625000 0.375000
vt 0.387500 0.000000
vt 0.400000 0.000000
vt 0.159385 0.500000
vt 0.159385 0.750000
vt 0.625000 0.540451
vt 0.625000 0.709549
vt 0.375000 0.687500
vt 0.625000 0.687500
vt 0.875000 0.687500
vt 0.750000 0.687500
vt 0.875000 0.562500
vt 0.625000 0.562500
vt 0.750000 0.562500
vt 0.375000 0.562500
vt 0.375000 0.601735
vt 0.375000 0.648265
vt 0.875000 0.625000
vt 0.875000 0.560677
vt 0.875000 0.689323
vt 0.818771 0.750000
vt 0.875000 0.703295
vt 0.818771 0.500000
vt 0.875000 0.546705
vt 0.750000 0.750000
vt 0.375000 0.046705
vt 0.625000 0.046705
vt 0.625000 0.203295
vt 0.375000 0.203295
vt 0.375000 0.706818
vt 0.625000 0.706818
vt 0.375000 0.543182
vt 0.625000 0.543182
vt 0.125000 0.543182
vt 0.125000 0.706818
vt 0.875000 0.706818
vt 0.875000 0.543182
s 1
f 354/95/242 355/96/243 356/97/244
f 355/96/243 354/95/242 357/98/245
f 358/99/246 354/95/242 356/97/244
f 358/99/246 359/100/247 354/95/242
f 360/101/248 361/102/249 362/103/248
f 360/101/248 362/103/248 363/104/249
f 364/104/250 365/103/251 366/105/250
f 364/104/250 366/105/250 367/106/251
f 368/107/252 369/108/253 370/109/254
f 369/108/253 368/107/252 371/110/255
f 372/111/253 373/107/256 370/109/257
f 374/112/255 373/107/256 372/111/253
f 375/112/255 376/113/258 377/107/252
f 376/113/258 375/112/255 378/114/259
f 379/113/258 380/110/255 377/107/256
f 380/110/255 379/113/258 381/115/259
f 382/116/260 383/113/261 384/114/262
f 383/113/261 382/116/260 385/117/263
f 386/118/260 387/113/261 385/117/263
f 387/113/261 386/118/260 388/115/262
f 389/109/264 390/119/265 391/120/266
f 390/119/265 389/109/264 392/108/267
f 393/121/265 394/109/268 391/120/269
f 395/111/267 394/109/268 393/121/265
f 396/120/270 397/122/271 398/123/272
f 397/122/271 396/120/270 399/119/265
f 400/124/271 401/120/273 398/123/272
f 402/121/265 401/120/273 400/124/271
f 403/106/274 404/101/274 405/125/274
f 405/125/274 404/101/274 406/126/274
f 407/127/274 403/106/274 405/125/274
f 403/106/274 407/127/274 408/128/274
f 409/129/275 410/130/276 411/131/277
f 410/130/276 409/129/275 412/132/278
f 410/130/276 413/133/275 411/131/277
f 413/133/275 410/130/276 414/134/278
f 411/131/277 415/135/279 416/129/275
f 415/135/279 411/131/277 417/136/280
f 418/102/281 415/135/279 417/136/280
f 418/102/281 417/136/280 419/103/281
f 411/131/277 420/137/282 417/136/280
f 419/103/281 417/136/280 420/137/282
f 420/137/282 411/131/277 421/133/275
f 419/103/281 420/137/282 422/105/283
f 423/138/274 424/103/274 425/104/274
f 424/103/274 423/138/274 426/102/274
f 425/104/274 427/101/274 423/138/274
f 424/103/274 428/139/274 425/104/274
f 428/139/274 429/106/274 425/104/274
f 428/139/274 424/103/274 430/105/274
f 431/138/274 432/103/274 433/104/274
f 432/103/274 431/138/274 434/102/274
f 433/104/274 435/101/274 431/138/274
f 432/103/274 436/139/274 433/104/274
f 436/139/274 437/106/274 433/104/274
f 436/139/274 432/103/274 438/105/274
f 439/140/284 440/141/285 441/142/285
f 439/140/284 441/142/285 442/143/284
f 443/144/284 444/145/285 445/146/285
f 443/144/284 445/146/285 446/147/284
f 447/117/286 448/118/287 449/117/288
f 449/117/288 450/116/260 447/117/286
f 451/142/289 452/143/274 453/140/274
f 451/142/289 453/140/274 454/141/290
f 455/146/289 456/147/274 457/144/274
f 455/146/289 457/144/274 458/145/290
f 459/148/284 460/149/284 461/150/284
f 460/149/284 459/148/284 462/142/284
f 460/149/284 462/142/284 463/151/284
f 462/142/284 464/152/284 463/151/284
f 465/101/284 466/153/284 467/154/284
f 466/153/284 465/101/284 468/106/284
f 469/106/284 470/101/284 471/101/284
f 472/106/284 470/101/284 469/106/284
f 473/102/284 474/105/284 475/102/284
f 475/102/284 474/105/284 476/105/284
f 477/102/284 476/105/284 478/105/284
f 479/102/284 476/105/284 477/102/284
f 477/102/284 480/105/284 481/102/284
f 481/102/284 480/105/284 482/105/284
f 483/102/284 482/105/284 484/105/284
f 482/105/284 483/102/284 485/102/284
f 486/102/284 487/105/284 488/102/284
f 488/102/284 487/105/284 489/105/284
f 490/102/291 491/132/292 492/130/293
f 490/102/291 492/130/293 493/103/293
f 493/103/293 492/130/293 494/134/294
f 493/103/293 494/134/294 495/105/294
f 496/102/291 497/132/291 498/130/293
f 496/102/291 498/130/293 499/103/293
f 499/103/293 498/130/293 500/134/294
f 499/103/293 500/134/294 501/105/294
f 502/155/284 503/156/284 504/157/284
f 502/155/284 504/157/284 505/158/284
f 506/105/295 507/102/295 508/159/296
f 506/105/295 508/159/296 509/160/295
f 510/142/297 511/161/298 512/145/299
f 511/161/298 510/142/297 513/162/300
f 511/161/298 513/162/300 514/163/301
f 514/163/301 513/162/300 515/164/301
f 516/130/302 517/165/293 518/166/293
f 517/165/293 516/130/302 519/102/293
f 519/102/293 516/130/302 520/103/293
f 516/130/302 521/105/293 520/103/293
f 521/105/293 516/130/302 522/167/293
f 522/167/293 516/130/302 523/168/293
f 524/148/303 525/169/303 526/170/303
f 524/148/303 527/171/303 525/169/303
f 528/172/303 527/171/303 524/148/303
f 527/171/303 528/172/303 529/173/303
f 527/171/303 529/173/303 530/174/303
f 530/174/303 529/173/303 531/175/303
f 532/154/304 533/160/304 534/159/304
f 532/154/304 535/153/304 533/160/304
f 536/174/305 537/175/306 538/175/307
f 538/175/307 539/174/305 536/174/305
f 539/174/305 540/171/308 536/174/305
f 540/171/308 539/174/305 541/171/308
f 541/171/308 542/169/309 540/171/308
f 541/171/308 543/169/310 542/169/309
f 544/170/311 542/169/309 543/169/310
f 542/169/309 544/170/311 545/170/311
f 546/148/312 545/170/311 544/170/311
f 545/170/311 546/148/312 547/148/312
f 548/172/313 547/148/312 546/148/312
f 547/148/312 548/172/313 549/172/314
f 548/172/313 550/173/315 549/172/314
f 548/172/313 551/173/315 550/173/315
f 551/173/315 552/176/307 550/173/315
f 552/176/307 551/173/315 553/176/306
f 554/173/316 555/177/303 556/176/303
f 555/177/303 554/173/316 557/178/316
f 558/172/274 557/178/316 554/173/316
f 557/178/316 558/172/274 559/179/274
f 560/148/317 559/179/274 558/172/274
f 559/179/274 560/148/317 561/106/317
f 562/170/293 561/106/317 560/148/317
f 561/106/317 562/170/293 563/139/293
f 564/169/318 563/139/293 562/170/293
f 563/139/293 564/169/318 565/105/318
f 566/171/284 565/105/318 564/169/318
f 565/105/318 566/171/284 567/180/284
f 568/174/319 567/180/284 566/171/284
f 567/180/284 568/174/319 569/134/319
f 570/175/303 569/134/319 568/174/319
f 569/134/319 570/175/303 571/181/303
f 572/171/284 573/174/320 574/171/284
f 573/174/320 572/171/284 575/174/320
f 575/174/320 576/175/321 573/174/320
f 576/175/321 575/174/320 577/175/321
f 574/171/284 578/169/322 572/171/284
f 578/169/322 574/171/284 579/169/322
f 580/170/323 578/169/322 579/169/322
f 580/170/323 579/169/322 581/170/323
f 582/148/324 580/170/323 581/170/323
f 582/148/324 581/170/323 583/148/324
f 582/148/324 583/148/324 584/172/274
f 583/148/324 585/172/274 584/172/274
f 584/172/274 585/172/274 586/173/325
f 585/172/274 587/173/325 586/173/325
f 587/173/325 588/176/326 586/173/325
f 589/176/326 588/176/326 587/173/325
f 590/101/327 591/178/328 592/182/329
f 591/178/328 590/101/327 593/106/330
f 594/182/327 595/106/328 596/101/329
f 595/106/328 594/182/327 597/178/330
f 598/182/331 599/183/332 600/184/332
f 598/182/331 600/184/332 601/178/331
f 602/174/321 603/172/321 604/173/321
f 602/174/321 604/173/321 605/175/321
f 603/172/321 602/174/321 606/171/321
f 607/169/321 603/172/321 606/171/321
f 603/172/321 607/169/321 608/148/321
f 608/148/321 607/169/321 609/170/321
f 610/174/323 611/172/323 612/173/323
f 610/174/323 612/173/323 613/175/323
f 611/172/323 610/174/323 614/171/323
f 615/169/323 611/172/323 614/171/323
f 611/172/323 615/169/323 616/148/323
f 616/148/323 615/169/323 617/170/323
f 618/102/293 619/132/293 620/134/293
f 618/102/293 620/134/293 621/105/293
f 622/102/293 623/134/293 624/132/293
f 623/134/293 622/102/293 625/105/293
f 626/102/333 627/185/333 628/186/333
f 628/186/333 629/187/333 626/102/333
f 629/187/333 628/186/333 630/188/334
f 627/185/333 626/102/333 631/189/335
f 631/189/335 632/190/333 627/185/333
f 631/189/335 633/191/336 632/190/333
f 634/105/337 635/119/337 636/108/337
f 635/119/337 634/105/337 637/192/337
f 637/192/337 638/122/338 635/119/337
f 634/105/337 636/108/337 639/193/339
f 639/193/339 636/108/337 640/110/337
f 640/110/337 641/115/340 639/193/339
f 642/194/341 643/101/342 644/148/343
f 643/101/342 642/194/341 645/195/344
f 646/196/345 647/106/346 648/197/347
f 649/142/348 647/106/346 646/196/345
f 650/101/349 651/194/350 652/148/351
f 651/194/350 650/101/349 653/195/352
f 654/196/353 655/106/354 656/142/355
f 655/106/354 654/196/353 657/197/356
f 658/148/342 659/101/357 660/195/341
f 658/148/342 660/195/341 661/194/341
f 662/148/349 658/148/342 663/194/358
f 664/194/359 662/148/349 663/194/358
f 660/195/360 665/101/351 666/195/359
f 665/101/351 660/195/360 667/101/357
f 664/194/361 665/101/351 668/148/349
f 665/101/351 664/194/361 669/195/352
f 670/196/347 671/106/348 672/142/362
f 671/106/348 670/196/347 673/197/347
f 674/197/363 675/106/355 671/106/348
f 675/106/355 674/197/363 676/197/364
f 677/142/354 670/196/365 678/142/346
f 670/196/365 677/142/354 679/196/366
f 676/197/356 677/142/367 680/106/355
f 677/142/367 676/197/356 681/196/356
f 682/197/365 683/106/346 684/106/354
f 682/197/365 684/106/354 685/197/366
f 686/198/303 687/199/303 688/156/303
f 688/156/303 687/199/303 689/155/303
f 690/156/303 691/199/303 692/198/303
f 691/199/303 690/156/303 693/155/303
f 694/200/323 695/201/323 696/202/323
f 697/203/323 696/202/323 695/201/323
f 696/202/323 698/204/323 694/200/323
f 696/202/323 697/203/323 699/101/323
f 698/204/323 700/205/323 694/200/323
f 700/205/323 699/101/323 697/203/323
f 700/205/323 698/204/323 701/102/323
f 699/101/323 700/205/323 701/102/323
f 702/206/321 703/207/321 704/105/321
f 705/106/321 704/105/321 703/207/321
f 703/207/321 702/206/321 706/208/321
f 705/106/321 703/207/321 707/209/321
f 708/210/321 706/208/321 702/206/321
f 707/209/321 708/210/321 705/106/321
f 706/208/321 708/210/321 709/211/321
f 708/210/321 707/209/321 709/211/321
f 710/174/368 711/175/369 712/174/368
f 711/175/369 710/174/368 713/175/370
f 714/171/371 710/174/368 712/174/368
f 710/174/368 714/171/371 715/171/372
f 716/169/373 715/171/372 714/171/371
f 715/171/372 716/169/373 717/169/373
f 718/170/374 717/169/373 716/169/373
f 717/169/373 718/170/374 719/170/374
f 720/148/375 719/170/374 718/170/374
f 719/170/374 720/148/375 721/148/376
f 722/172/377 721/148/376 720/148/375
f 721/148/376 722/172/377 723/172/378
f 722/172/377 724/173/379 723/172/378
f 722/172/377 725/173/379 724/173/379
f 726/176/380 724/173/379 725/173/379
f 725/173/379 727/176/381 726/176/380
f 728/174/382 729/175/383 730/174/382
f 729/175/383 728/174/382 731/175/384
f 732/171/385 728/174/382 730/174/382
f 728/174/382 732/171/385 733/171/385
f 734/169/386 733/171/385 732/171/385
f 733/171/385 734/169/386 735/169/387
f 736/170/388 735/169/387 734/169/386
f 735/169/387 736/170/388 737/170/388
f 738/148/389 737/170/388 736/170/388
f 737/170/388 738/148/389 739/148/389
f 740/172/390 739/148/389 738/148/389
f 739/148/389 740/172/390 741/172/390
f 740/172/390 742/173/391 741/172/390
f 740/172/390 743/173/392 742/173/391
f 744/176/393 742/173/391 743/173/392
f 743/173/392 745/176/394 744/176/393
f 746/169/395 747/102/395 748/169/396
f 747/102/395 746/169/395 749/102/395
f 750/105/397 751/143/397 752/143/397
f 750/105/397 752/143/397 753/105/398
f 754/102/395 755/169/395 756/102/395
f 757/169/399 756/102/395 755/169/395
f 758/105/397 759/143/397 760/143/397
f 759/143/397 758/105/397 761/105/397
f 762/154/274 763/153/274 764/101/274
f 764/101/274 763/153/274 765/106/274
f 764/101/274 766/106/274 767/101/274
f 764/101/274 768/106/274 766/106/274
f 769/148/400 770/154/323 771/101/401
f 770/154/323 769/148/400 772/212/323
f 773/195/358 771/101/402 774/101/342
f 771/101/402 773/195/358 775/195/359
f 776/148/357 769/148/351 777/194/403
f 777/194/403 769/148/351 778/194/359
f 779/102/274 780/105/274 781/102/274
f 780/105/274 779/102/274 782/105/274
f 782/105/274 783/102/274 784/105/274
f 782/105/274 785/102/274 783/102/274
f 786/102/274 787/105/274 783/102/274
f 787/105/274 786/102/274 788/105/274
f 789/102/274 788/105/274 790/102/274
f 789/102/274 791/105/274 788/105/274
f 792/102/274 793/105/274 794/102/274
f 793/105/274 792/102/274 795/105/274
f 796/153/321 797/213/321 798/106/404
f 797/213/321 799/142/405 798/106/404
f 799/142/355 800/196/406 801/196/364
f 800/196/406 799/142/355 802/142/348
f 803/169/323 804/102/323 805/169/323
f 804/102/323 803/169/323 806/102/323
f 807/105/321 808/143/321 809/143/321
f 807/105/321 809/143/321 810/105/321
f 811/102/407 812/105/407 813/159/407
f 813/159/407 812/105/407 814/160/407
f 815/153/321 816/106/405 817/213/321
f 817/213/321 816/106/405 818/142/404
f 819/148/401 820/101/400 821/154/323
f 819/148/401 821/154/323 822/212/323
f 823/102/323 824/169/323 825/102/323
f 826/169/323 825/102/323 824/169/323
f 827/105/321 828/143/321 829/143/321
f 828/143/321 827/105/321 830/105/321
f 831/170/323 832/214/323 833/138/323
f 833/138/323 832/214/323 834/215/323
f 832/214/323 831/170/323 835/216/323
f 835/216/323 831/170/323 836/217/323
f 837/218/321 838/162/321 839/139/321
f 837/218/321 839/139/321 840/219/321
f 841/220/321 838/162/321 837/218/321
f 838/162/321 841/220/321 842/164/321
f 843/183/323 844/138/323 845/221/323
f 846/148/323 844/138/323 843/183/323
f 844/138/323 846/148/323 847/170/323
f 848/142/321 849/139/321 850/162/321
f 849/139/321 848/142/321 851/184/321
f 849/139/321 851/184/321 852/222/321
f 853/148/408 854/126/408 855/101/408
f 854/126/408 853/148/408 856/150/409
f 857/142/410 858/106/410 859/152/410
f 860/128/410 859/152/410 858/106/410
f 861/143/411 862/160/411 863/105/411
f 862/160/411 861/143/411 864/223/411
f 865/159/412 866/169/413 867/102/412
f 866/169/413 865/159/412 868/224/413
f 869/143/411 870/105/411 871/160/411
f 869/143/411 871/160/411 872/223/414
f 873/102/413 874/169/412 875/224/412
f 873/102/413 875/224/412 876/159/413
f 877/169/415 878/102/415 879/102/416
f 877/169/415 879/102/416 880/169/416
f 881/102/417 880/169/416 879/102/416
f 880/169/416 881/102/417 882/169/417
f 883/102/418 882/169/417 881/102/417
f 882/169/417 883/102/418 884/169/419
f 885/143/420 886/105/421 887/105/422
f 885/143/420 887/105/422 888/143/422
f 886/105/421 885/143/420 889/143/423
f 886/105/421 889/143/423 890/105/423
f 890/105/423 889/143/423 891/143/424
f 890/105/423 891/143/424 892/105/424
f 893/169/415 894/102/425 895/102/415
f 894/102/425 893/169/415 896/169/416
f 894/102/425 896/169/416 897/102/417
f 898/169/417 897/102/417 896/169/416
f 897/102/417 898/169/417 899/102/418
f 900/169/419 899/102/418 898/169/417
f 901/143/426 902/105/422 903/143/427
f 904/105/421 903/143/427 902/105/422
f 904/105/421 905/143/423 903/143/427
f 905/143/423 904/105/421 906/105/423
f 906/105/423 907/143/428 905/143/423
f 907/143/428 906/105/423 908/105/424
f 909/187/333 910/188/333 911/225/333
f 912/122/337 913/192/337 914/226/337
f 915/101/323 916/169/323 917/102/323
f 916/169/323 915/101/323 918/148/323
f 918/148/323 915/101/323 919/227/323
f 920/105/321 921/143/321 922/106/321
f 923/142/321 922/106/321 921/143/321
f 922/106/321 923/142/321 924/228/321
f 925/223/295 926/144/295 927/229/295
f 928/143/295 926/144/295 925/223/295
f 929/148/321 930/101/321 931/227/321
f 932/169/321 930/101/321 929/148/321
f 930/101/321 932/169/321 933/102/321
f 934/142/323 935/106/323 936/143/323
f 936/143/323 935/106/323 937/105/323
f 935/106/323 934/142/323 938/228/323
f 939/142/284 940/230/284 941/145/284
f 940/230/284 939/142/284 942/213/284
f 939/142/284 943/145/284 944/142/284
f 939/142/284 945/145/284 943/145/284
f 946/143/284 947/144/284 948/144/284
f 948/144/284 949/143/284 946/143/284
f 947/144/284 950/143/284 951/144/284
f 947/144/284 952/143/284 950/143/284
f 953/144/284 950/143/284 954/143/284
f 954/143/284 955/144/284 953/144/284
f 956/143/284 957/144/284 955/144/284
f 956/143/284 955/144/284 958/143/284
f 959/143/284 960/144/284 961/144/284
f 961/144/284 962/143/284 959/143/284
f 963/221/429 964/184/430 965/183/430
f 964/184/430 963/221/429 966/222/429
f 967/153/431 968/154/431 969/160/432
f 969/160/432 968/154/431 970/159/431
f 971/132/433 972/231/434 973/232/434
f 972/231/434 971/132/433 974/134/433
f 975/214/435 972/231/436 976/218/435
f 975/214/435 977/232/436 972/231/436
f 978/193/437 979/115/438 980/118/439
f 978/193/437 980/118/439 981/233/422
f 982/148/440 983/189/441 984/234/415
f 983/189/441 982/148/440 985/191/442
f 986/154/443 987/212/444 988/159/443
f 988/159/443 987/212/444 989/224/443
f 990/213/445 991/160/446 992/223/447
f 991/160/446 990/213/445 993/153/446
f 994/212/443 995/154/443 996/159/443
f 994/212/443 996/159/443 997/224/443
f 998/153/446 999/223/446 1000/160/447
f 999/223/446 998/153/446 1001/213/446
f 1002/171/284 1003/174/319 1004/174/319
f 1003/174/319 1005/175/303 1004/174/319
f 1003/174/319 1006/175/303 1005/175/303
f 1002/171/284 1004/174/319 1007/171/284
f 1008/169/318 1002/171/284 1007/171/284
f 1008/169/318 1007/171/284 1009/169/318
f 1010/170/293 1008/169/318 1009/169/318
f 1010/170/293 1009/169/318 1011/170/293
f 1012/148/317 1010/170/293 1011/170/293
f 1012/148/317 1011/170/293 1013/148/317
f 1014/172/274 1012/148/317 1013/148/317
f 1014/172/274 1013/148/317 1015/172/274
f 1016/173/316 1014/172/274 1015/172/274
f 1016/173/316 1015/172/274 1017/173/316
f 1018/176/448 1016/173/316 1017/173/316
f 1018/176/448 1017/173/316 1019/176/448
f 1020/156/274 1021/155/274 1022/157/274
f 1022/157/274 1021/155/274 1023/158/274
f 1024/230/304 1025/213/304 1026/229/304
f 1026/229/304 1025/213/304 1027/223/304
f 1028/235/321 1029/147/321 1030/236/321
f 1031/237/321 1030/236/321 1029/147/321
f 1030/236/321 1031/237/321 1032/238/321
f 1033/239/323 1034/240/323 1035/241/323
f 1036/240/323 1037/239/323 1038/140/323
f 1036/240/323 1038/140/323 1039/242/323
f 1040/237/323 1041/236/323 1042/147/323
f 1042/147/323 1041/236/323 1043/235/323
f 1041/236/323 1040/237/323 1044/238/323
f 1045/240/321 1046/140/321 1047/242/321
f 1045/240/321 1048/239/321 1046/140/321
f 1049/239/321 1050/240/321 1051/241/321
f 1052/142/449 1053/106/450 1054/162/451
f 1055/139/451 1054/162/451 1053/106/450
f 1056/143/452 1054/162/451 1055/139/451
f 1057/105/453 1056/143/452 1055/139/451
f 1058/148/454 1059/138/455 1060/101/456
f 1059/138/455 1058/148/454 1061/170/455
f 1061/170/455 1062/102/457 1059/138/455
f 1062/102/457 1061/170/455 1063/169/458
f 1064/142/450 1065/106/459 1066/162/451
f 1067/139/451 1066/162/451 1065/106/459
f 1068/143/452 1066/162/451 1067/139/451
f 1069/105/453 1068/143/452 1067/139/451
f 1070/148/460 1071/138/461 1072/101/454
f 1071/138/461 1070/148/460 1073/170/455
f 1073/170/455 1074/102/462 1071/138/461
f 1074/102/462 1073/170/455 1075/169/458
f 1076/199/284 1077/198/284 1078/243/284
f 1078/243/284 1077/198/284 1079/244/284
f 1080/178/463 1081/177/464 1082/173/325
f 1081/177/464 1083/176/465 1082/173/325
f 1082/173/325 1084/179/274 1080/178/463
f 1084/179/274 1082/173/325 1085/172/274
f 1085/172/274 1086/106/466 1084/179/274
f 1086/106/466 1085/172/274 1087/148/324
f 1088/170/323 1086/106/466 1087/148/324
f 1086/106/466 1088/170/323 1089/139/323
f 1090/169/322 1089/139/323 1088/170/323
f 1089/139/323 1090/169/322 1091/105/467
f 1090/169/322 1092/180/284 1091/105/467
f 1092/180/284 1090/169/322 1093/171/284
f 1093/171/284 1094/174/320 1092/180/284
f 1092/180/284 1094/174/320 1095/134/320
f 1095/134/320 1094/174/320 1096/175/468
f 1097/181/321 1095/134/320 1096/175/468
f 1098/178/317 1099/177/469 1100/173/317
f 1099/177/469 1101/176/293 1100/173/317
f 1098/178/317 1100/173/317 1102/172/274
f 1103/179/274 1098/178/317 1102/172/274
f 1102/172/274 1104/106/470 1103/179/274
f 1104/106/470 1102/172/274 1105/148/470
f 1104/106/470 1105/148/470 1106/170/303
f 1107/139/303 1104/106/470 1106/170/303
f 1107/139/303 1106/170/303 1108/169/319
f 1109/105/319 1107/139/303 1108/169/319
f 1109/105/319 1108/169/319 1110/171/284
f 1111/180/284 1109/105/319 1110/171/284
f 1110/171/284 1112/134/471 1111/180/284
f 1112/134/471 1110/171/284 1113/174/318
f 1112/134/471 1113/174/318 1114/175/472
f 1115/181/293 1112/134/471 1114/175/472
f 1116/219/473 1117/215/473 1118/214/474
f 1118/214/474 1119/218/474 1116/219/473
f 1120/215/475 1121/219/475 1122/138/274
f 1122/138/274 1121/219/475 1123/139/274
f 1122/138/274 1123/139/274 1124/221/476
f 1124/221/476 1123/139/274 1125/222/476
f 1126/134/477 1127/105/478 1128/127/479
f 1126/134/477 1128/127/479 1129/151/479
f 1129/151/479 1128/127/479 1130/125/480
f 1129/151/479 1130/125/480 1131/149/480
f 1131/149/480 1130/125/480 1132/102/481
f 1131/149/480 1132/102/481 1133/132/482
f 1134/169/323 1135/171/323 1136/169/323
f 1135/171/323 1134/169/323 1137/171/323
f 1138/170/323 1134/169/323 1136/169/323
f 1139/174/323 1135/171/323 1137/171/323
f 1138/170/323 1136/169/323 1140/170/323
f 1135/171/323 1139/174/323 1141/174/323
f 1142/175/323 1141/174/323 1139/174/323
f 1141/174/323 1142/175/323 1143/175/323
f 1144/148/323 1138/170/323 1140/170/323
f 1144/148/323 1140/170/323 1145/148/323
f 1145/148/323 1146/172/323 1144/148/323
f 1145/148/323 1147/172/323 1146/172/323
f 1148/173/323 1146/172/323 1147/172/323
f 1146/172/323 1148/173/323 1149/173/323
f 1150/176/323 1149/173/323 1148/173/323
f 1149/173/323 1150/176/323 1151/176/323
f 1152/169/321 1153/171/321 1154/169/321
f 1153/171/321 1152/169/321 1155/171/321
f 1156/170/321 1152/169/321 1154/169/321
f 1157/174/321 1153/171/321 1155/171/321
f 1156/170/321 1154/169/321 1158/170/321
f 1153/171/321 1157/174/321 1159/174/321
f 1160/175/321 1159/174/321 1157/174/321
f 1159/174/321 1160/175/321 1161/175/321
f 1162/148/321 1156/170/321 1158/170/321
f 1162/148/321 1158/170/321 1163/148/321
f 1163/148/321 1164/172/321 1162/148/321
f 1163/148/321 1165/172/321 1164/172/321
f 1166/173/321 1164/172/321 1165/172/321
f 1164/172/321 1166/173/321 1167/173/321
f 1168/176/321 1167/173/321 1166/173/321
f 1167/173/321 1168/176/321 1169/176/321
f 1170/245/303 1171/104/303 1172/233/422
f 1172/233/422 1173/246/483 1170/245/303
f 1174/245/484 1175/234/415 1171/104/484
f 1175/234/415 1174/245/484 1176/247/485
f 1177/101/303 1178/245/486 1179/248/303
f 1178/245/486 1180/249/303 1179/248/303
f 1178/245/486 1177/101/303 1181/104/303
f 1182/106/303 1178/245/486 1181/104/303
f 1178/245/486 1182/106/303 1183/250/303
f 1184/251/303 1178/245/486 1183/250/303
f 1185/244/293 1186/157/293 1187/158/293
f 1185/244/293 1187/158/293 1188/243/293
f 1189/244/293 1190/158/293 1191/157/293
f 1190/158/293 1189/244/293 1192/243/293
f 1193/144/407 1194/143/487 1195/223/407
f 1193/144/407 1195/223/407 1196/229/487
f 1197/171/284 1198/174/318 1199/171/284
f 1198/174/318 1197/171/284 1200/174/318
f 1200/174/318 1201/175/293 1198/174/318
f 1201/175/293 1200/174/318 1202/175/293
f 1199/171/284 1203/169/319 1197/171/284
f 1203/169/319 1199/171/284 1204/169/319
f 1204/169/319 1205/170/303 1203/169/319
f 1206/170/303 1205/170/303 1204/169/319
f 1206/170/303 1207/148/316 1205/170/303
f 1208/148/316 1207/148/316 1206/170/303
f 1208/148/316 1209/172/274 1207/148/316
f 1209/172/274 1208/148/316 1210/172/274
f 1210/172/274 1211/173/317 1209/172/274
f 1212/173/317 1211/173/317 1210/172/274
f 1212/173/317 1213/176/488 1211/173/317
f 1214/176/488 1213/176/488 1212/173/317
f 1215/176/293 1216/173/317 1217/176/293
f 1216/173/317 1215/176/293 1218/173/317
f 1218/173/317 1219/172/274 1216/173/317
f 1219/172/274 1218/173/317 1220/172/274
f 1219/172/274 1220/172/274 1221/148/316
f 1221/148/316 1220/172/274 1222/148/316
f 1221/148/316 1222/148/316 1223/170/303
f 1223/170/303 1222/148/316 1224/170/303
f 1223/170/303 1224/170/303 1225/169/319
f 1225/169/319 1224/170/303 1226/169/319
f 1226/169/319 1227/171/284 1225/169/319
f 1227/171/284 1226/169/319 1228/171/284
f 1227/171/284 1228/171/284 1229/174/318
f 1229/174/318 1228/171/284 1230/174/318
f 1229/174/318 1230/174/318 1231/175/293
f 1231/175/293 1230/174/318 1232/175/293
f 1233/176/303 1234/173/316 1235/173/316
f 1233/176/303 1235/173/316 1236/176/303
f 1234/173/316 1237/172/274 1235/173/316
f 1234/173/316 1238/172/274 1237/172/274
f 1238/172/274 1239/148/317 1237/172/274
f 1238/172/274 1240/148/317 1239/148/317
f 1240/148/317 1241/170/293 1239/148/317
f 1240/148/317 1242/170/293 1241/170/293
f 1242/170/293 1243/169/318 1241/170/293
f 1242/170/293 1244/169/318 1243/169/318
f 1244/169/318 1245/171/284 1243/169/318
f 1244/169/318 1246/171/284 1245/171/284
f 1246/171/284 1247/174/319 1245/171/284
f 1246/171/284 1248/174/319 1247/174/319
f 1248/174/319 1249/175/303 1247/174/319
f 1248/174/319 1250/175/303 1249/175/303
f 1251/176/321 1252/176/321 1253/173/325
f 1253/173/325 1252/176/321 1254/173/325
f 1255/172/274 1253/173/325 1254/173/325
f 1256/172/274 1255/172/274 1254/173/325
f 1257/148/324 1255/172/274 1256/172/274
f 1258/148/324 1257/148/324 1256/172/274
f 1258/148/324 1259/170/323 1257/148/324
f 1258/148/324 1260/170/323 1259/170/323
f 1260/170/323 1261/169/322 1259/170/323
f 1260/170/323 1262/169/322 1261/169/322
f 1262/169/322 1263/171/284 1261/169/322
f 1263/171/284 1262/169/322 1264/171/284
f 1264/171/284 1265/174/320 1263/171/284
f 1265/174/320 1264/171/284 1266/174/320
f 1266/174/320 1267/175/321 1265/174/320
f 1267/175/321 1266/174/320 1268/175/321
f 1269/213/431 1270/230/431 1271/229/431
f 1269/213/431 1271/229/431 1272/223/431
f 1273/169/293 1274/171/293 1275/169/293
f 1274/171/293 1273/169/293 1276/171/293
f 1277/170/293 1273/169/293 1275/169/293
f 1278/174/293 1274/171/293 1276/171/293
f 1277/170/293 1275/169/293 1279/170/293
f 1274/171/293 1278/174/293 1280/174/293
f 1281/175/293 1280/174/293 1278/174/293
f 1280/174/293 1281/175/293 1282/175/293
f 1283/148/293 1277/170/293 1279/170/293
f 1283/148/293 1279/170/293 1284/148/293
f 1284/148/293 1285/172/293 1283/148/293
f 1284/148/293 1286/172/293 1285/172/293
f 1287/173/293 1285/172/293 1286/172/293
f 1285/172/293 1287/173/293 1288/173/293
f 1289/176/293 1288/173/293 1287/173/293
f 1288/173/293 1289/176/293 1290/176/293
f 1291/235/284 1292/236/489 1293/101/490
f 1291/235/284 1293/101/490 1294/102/284
f 1292/236/489 1295/252/491 1293/101/490
f 1295/252/491 1292/236/489 1296/238/491
f 1296/238/491 1297/182/290 1295/252/491
f 1297/182/290 1296/238/491 1298/237/290
f 1299/241/491 1300/106/489 1301/179/491
f 1301/179/491 1302/239/290 1299/241/491
f 1303/178/290 1302/239/290 1301/179/491
f 1300/106/489 1299/241/491 1304/240/490
f 1304/240/490 1305/105/284 1300/106/489
f 1305/105/284 1304/240/490 1306/242/284
f 1307/142/274 1308/145/274 1309/230/274
f 1309/230/274 1310/213/274 1307/142/274
f 1311/145/274 1312/142/274 1313/145/274
f 1313/145/274 1312/142/274 1314/142/274
f 1315/143/274 1316/144/274 1317/144/274
f 1316/144/274 1315/143/274 1318/143/274
f 1319/143/274 1317/144/274 1320/143/274
f 1320/143/274 1317/144/274 1321/144/274
f 1322/144/274 1323/143/274 1320/143/274
f 1323/143/274 1322/144/274 1324/144/274
f 1325/144/274 1326/143/274 1324/144/274
f 1324/144/274 1326/143/274 1327/143/274
f 1328/143/274 1329/144/274 1330/144/274
f 1329/144/274 1328/143/274 1331/143/274
f 1332/198/274 1333/243/274 1334/244/274
f 1332/198/274 1335/199/274 1333/243/274
f 1336/101/492 1337/102/274 1338/235/274
f 1336/101/492 1338/235/274 1339/236/493
f 1340/252/494 1336/101/492 1339/236/493
f 1340/252/494 1339/236/493 1341/238/495
f 1342/182/496 1340/252/494 1341/238/495
f 1342/182/496 1341/238/495 1343/237/285
f 1344/241/494 1345/240/492 1346/106/493
f 1345/240/492 1347/105/274 1346/106/493
f 1345/240/492 1348/242/274 1347/105/274
f 1344/241/494 1346/106/493 1349/179/495
f 1350/239/497 1344/241/494 1349/179/495
f 1350/239/497 1349/179/495 1351/178/285
f 1352/95/284 1353/162/284 1354/143/284
f 1353/162/284 1352/95/284 1355/97/284
f 1353/162/284 1355/97/284 1356/142/284
f 1352/95/284 1357/161/284 1355/97/284
f 1357/161/284 1358/145/284 1355/97/284
f 1357/161/284 1352/95/284 1359/144/284
f 1360/95/284 1361/162/284 1362/143/284
f 1361/162/284 1360/95/284 1363/97/284
f 1361/162/284 1363/97/284 1364/142/284
f 1360/95/284 1365/161/284 1363/97/284
f 1365/161/284 1366/145/284 1363/97/284
f 1365/161/284 1360/95/284 1367/144/284
f 1368/103/274 1369/193/274 1370/189/274
f 1369/193/274 1368/103/274 1371/105/274
f 1368/103/274 1370/189/274 1372/102/274
f 1369/193/274 1373/104/274 1370/189/274
f 1370/189/274 1373/104/274 1374/234/274
f 1373/104/274 1369/193/274 1375/233/274
f 1376/253/498 1377/254/499 1378/97/498
f 1376/253/498 1378/97/498 1379/95/499
f 1380/95/500 1381/97/501 1382/255/500
f 1380/95/500 1382/255/500 1383/256/501
f 1384/254/502 1385/144/502 1386/145/503
f 1385/144/502 1384/254/502 1387/253/502
f 1388/256/504 1389/255/504 1390/210/504
f 1388/256/504 1390/210/504 1391/206/504
f 1392/257/505 1393/258/506 1394/104/507
f 1392/257/505 1394/104/507 1395/103/508
f 1394/104/507 1396/259/509 1395/103/508
f 1396/259/509 1394/104/507 1397/260/510
f 1395/103/508 1398/259/509 1399/130/242
f 1399/130/242 1398/259/509 1400/261/511
f 1399/130/242 1401/257/512 1395/103/508
f 1402/262/247 1401/257/512 1399/130/242
f 1403/258/506 1404/245/244 1394/104/507
f 1404/245/244 1403/258/506 1405/263/513
f 1394/104/507 1404/245/244 1406/260/514
f 1406/260/514 1404/245/244 1407/264/243
o Cylinder_006_Cylinder_014_120470944380948
v 1.159317 1.065624 -0.063667
v 1.159317 1.065624 0.063667
v 1.159317 1.039251 -0.000000
v 1.159317 1.219332 -0.000000
v 1.159317 1.129291 0.090040
v 1.159317 1.192960 0.063667
v 1.159317 1.129291 -0.090040
v 1.159317 1.192960 -0.063667
v -1.727754 1.069738 -0.059443
v -1.727754 1.188625 -0.059443
v -1.727754 1.129182 -0.084065
v -1.727754 1.069738 0.059443
v -1.727754 1.045115 -0.000000
v -1.727754 1.188625 0.059443
v -1.727754 1.129182 0.084065
v -1.727754 1.213247 -0.000000
v -1.676512 1.231290 -0.102108
v -1.613397 1.129182 -0.174569
v -1.676512 1.129182 -0.144402
v -1.613397 1.252620 -0.123439
v -1.613397 1.303751 -0.000000
v -1.676512 1.027073 -0.102108
v -1.613397 1.005743 -0.123439
v -1.727754 1.129182 -0.084065
v -1.727754 1.188625 -0.059443
v -1.727754 1.213247 -0.000000
v -1.727754 1.069738 -0.059443
v -1.613397 0.954614 -0.000000
v -1.727754 1.045115 -0.000000
v -1.676512 0.984779 -0.000000
v -1.676512 1.273584 -0.000000
v -1.676512 1.231290 0.102108
v -1.727754 1.188625 0.059443
v -1.613397 1.252620 0.123439
v -1.727754 1.129182 0.084065
v -1.613397 1.129182 0.174569
v -1.676512 1.129182 0.144402
v -1.676512 1.027073 0.102108
v -1.727754 1.069738 0.059443
v -1.613397 1.005743 0.123439
v -1.727754 1.129182 0.084065
v -1.613397 1.129182 0.174569
v -1.676512 1.129182 0.144402
v 1.020062 1.129291 -0.186976
v 1.096919 1.019926 -0.109365
v 1.020062 0.997079 -0.132212
v 1.020062 0.942315 -0.000000
v 1.096919 1.129291 -0.154667
v 1.096919 1.238658 -0.109365
v 1.020062 1.261504 -0.132213
v 1.159317 1.129291 -0.090040
v 1.159317 1.065624 -0.063667
v 1.020062 1.316267 -0.000000
v 1.159317 1.039251 -0.000000
v 1.159317 1.192960 -0.063667
v 1.096919 0.974626 -0.000000
v 1.096919 1.019926 0.109365
v 1.159317 1.065624 0.063667
v 1.020062 0.997079 0.132212
v 1.159317 1.129291 0.090040
v 1.020062 1.129291 0.186976
v 1.096919 1.129291 0.154667
v 1.096919 1.283958 -0.000000
v 1.159317 1.219332 -0.000000
v 1.159317 1.192960 0.063667
v 1.096919 1.238658 0.109365
v 1.020062 1.261504 0.132212
v 1.159317 1.129291 0.090040
v 1.020062 1.129291 0.186976
v 1.096919 1.129291 0.154667
vn 0.8936 -0.3174 -0.3174
vn 0.8936 -0.3174 0.3174
vn 0.8936 -0.4489 0.0005
vn 0.8936 0.4489 0.0004
vn 0.8936 0.0005 0.4489
vn 0.8936 0.3174 0.3174
vn 0.8936 0.0004 -0.4489
vn 0.8936 0.3174 -0.3174
vn -0.9094 -0.2940 -0.2941
vn -0.9094 0.2941 -0.2940
vn -0.9095 0.0005 -0.4157
vn -0.9094 -0.2941 0.2940
vn -0.9095 -0.4157 0.0004
vn -0.9094 0.2940 0.2941
vn -0.9095 0.0004 0.4157
vn -0.9095 0.4157 0.0005
vn -0.5869 0.5725 -0.5725
vn -0.4312 0.0003 -0.9022
vn -0.5865 -0.0000 -0.8099
vn -0.4312 0.6380 -0.6380
vn -0.4312 0.9022 -0.0000
vn -0.5865 -0.5727 -0.5727
vn -0.4312 -0.6380 -0.6380
vn -0.9094 0.0005 -0.4160
vn -0.9094 0.2941 -0.2941
vn -0.9094 0.4160 0.0005
vn -0.9094 -0.2941 -0.2941
vn -0.4312 -0.9022 -0.0000
vn -0.9094 -0.4160 0.0004
vn -0.5865 -0.8099 -0.0000
vn -0.5866 0.8099 0.0003
vn -0.5869 0.5725 0.5725
vn -0.9094 0.2941 0.2941
vn -0.4312 0.6380 0.6380
vn -0.9094 0.0005 0.4159
vn -0.4312 0.0006 0.9023
vn -0.5867 0.0005 0.8098
vn -0.5865 -0.5727 0.5727
vn -0.9094 -0.2941 0.2941
vn -0.4312 -0.6380 0.6380
vn -0.9095 0.0004 0.4158
vn -0.4312 0.0004 0.9022
vn -0.5867 0.0001 0.8098
vn 0.3875 -0.0000 -0.9219
vn 0.5431 -0.5937 -0.5937
vn 0.3875 -0.6518 -0.6518
vn 0.3875 -0.9219 -0.0000
vn 0.5431 -0.0000 -0.8397
vn 0.5431 0.5937 -0.5937
vn 0.3875 0.6518 -0.6519
vn 0.3875 0.9219 -0.0000
vn 0.8936 0.3174 -0.3175
vn 0.5432 -0.8396 0.0007
vn 0.5431 -0.5937 0.5937
vn 0.3875 -0.6518 0.6518
vn 0.3876 0.0004 0.9218
vn 0.5432 0.0002 0.8396
vn 0.5431 0.8397 -0.0000
vn 0.8936 0.4489 0.0005
vn 0.8936 0.3175 0.3174
vn 0.5431 0.5937 0.5937
vn 0.3875 0.6518 0.6519
vn 0.8936 0.0004 0.4489
vn 0.3876 0.0005 0.9218
vn 0.5432 0.0005 0.8396
vt 0.919706 0.080294
vt 0.919706 0.419706
vt 0.990000 0.250000
vt 0.510000 0.250000
vt 0.750000 0.490000
vt 0.580294 0.419706
vt 0.750000 0.010000
vt 0.580294 0.080294
vt 0.419706 0.080294
vt 0.080294 0.080294
vt 0.250000 0.010000
vt 0.419706 0.419706
vt 0.490000 0.250000
vt 0.080294 0.419706
vt 0.250000 0.490000
vt 0.010000 0.250000
vt 0.375000 1.000000
vt 0.500000 1.000000
vt 0.250000 1.000000
vt 0.625000 1.000000
vt 0.750000 1.000000
vt 0.125000 1.000000
vt 0.000000 1.000000
vt 0.875000 1.000000
vt 1.000000 1.000000
vt 0.500000 0.500000
vt 0.625000 0.500000
vt 0.750000 0.500000
vt 0.375000 0.500000
vt 0.250000 0.500000
vt 0.875000 0.500000
vt 1.000000 0.500000
vt 0.125000 0.500000
vt 0.000000 0.500000
s 1
f 1408/265/515 1409/266/516 1410/267/517
f 1408/265/515 1411/268/518 1409/266/516
f 1409/266/516 1411/268/518 1412/269/519
f 1412/269/519 1411/268/518 1413/270/520
f 1414/271/521 1411/268/518 1408/265/515
f 1411/268/518 1414/271/521 1415/272/522
f 1416/273/523 1417/274/524 1418/275/525
f 1417/274/524 1416/273/523 1419/276/526
f 1419/276/526 1416/273/523 1420/277/527
f 1417/274/524 1419/276/526 1421/278/528
f 1421/278/528 1419/276/526 1422/279/529
f 1417/274/524 1421/278/528 1423/280/530
f 1424/281/531 1425/282/532 1426/282/533
f 1425/282/532 1424/281/531 1427/281/534
f 1424/281/531 1428/283/535 1427/281/534
f 1426/282/533 1425/282/532 1429/284/536
f 1425/282/532 1430/284/537 1429/284/536
f 1424/281/531 1426/282/533 1431/282/538
f 1429/284/536 1431/282/538 1426/282/533
f 1432/281/539 1424/281/531 1431/282/538
f 1433/283/540 1424/281/531 1432/281/539
f 1431/282/538 1429/284/536 1434/284/541
f 1435/285/542 1429/284/536 1430/284/537
f 1429/284/536 1436/285/543 1434/284/541
f 1429/284/536 1435/285/542 1437/285/544
f 1429/284/536 1437/285/544 1436/285/543
f 1424/281/531 1433/283/540 1438/283/545
f 1428/283/535 1424/281/531 1438/283/545
f 1433/283/540 1439/286/546 1438/283/545
f 1439/286/546 1428/283/535 1438/283/545
f 1439/286/546 1433/283/540 1440/286/547
f 1428/283/535 1439/286/546 1441/286/548
f 1442/287/549 1439/286/546 1440/286/547
f 1443/287/550 1441/286/548 1439/286/546
f 1439/286/546 1442/287/549 1444/287/551
f 1444/287/551 1443/287/550 1439/286/546
f 1445/288/552 1436/285/543 1437/285/544
f 1437/285/544 1435/285/542 1445/288/552
f 1436/285/543 1445/288/552 1446/288/553
f 1435/285/542 1447/288/554 1445/288/552
f 1445/288/552 1448/289/555 1446/288/553
f 1449/289/556 1445/288/552 1447/288/554
f 1448/289/555 1445/288/552 1450/289/557
f 1445/288/552 1449/289/556 1450/289/557
f 1451/290/558 1452/291/559 1453/291/560
f 1452/291/559 1454/292/561 1453/291/560
f 1452/291/559 1451/290/558 1455/290/562
f 1451/290/558 1456/293/563 1455/290/562
f 1456/293/563 1451/290/558 1457/293/564
f 1452/291/559 1455/290/562 1458/290/521
f 1456/293/563 1458/290/521 1455/290/562
f 1459/291/515 1452/291/559 1458/290/521
f 1460/294/565 1456/293/563 1457/293/564
f 1461/292/517 1452/291/559 1459/291/515
f 1458/290/521 1456/293/563 1462/293/566
f 1452/291/559 1461/292/517 1463/292/567
f 1454/292/561 1452/291/559 1463/292/567
f 1461/292/517 1464/295/568 1463/292/567
f 1464/295/568 1454/292/561 1463/292/567
f 1464/295/568 1461/292/517 1465/295/516
f 1454/292/561 1464/295/568 1466/295/569
f 1467/296/519 1464/295/568 1465/295/516
f 1464/295/568 1468/296/570 1466/295/569
f 1464/295/568 1467/296/519 1469/296/571
f 1468/296/570 1464/295/568 1469/296/571
f 1470/294/572 1462/293/566 1456/293/563
f 1456/293/563 1460/294/565 1470/294/572
f 1462/293/566 1470/294/572 1471/294/573
f 1470/294/572 1472/297/574 1471/294/573
f 1470/294/572 1460/294/565 1473/297/575
f 1470/294/572 1473/297/575 1472/297/574
f 1460/294/565 1474/297/576 1473/297/575
f 1473/297/575 1475/298/577 1472/297/574
f 1476/298/578 1473/297/575 1474/297/576
f 1475/298/577 1473/297/575 1477/298/579
f 1473/297/575 1476/298/578 1477/298/579
o Cylinder_021_Cylinder_028_101512007898195
v -3.131166 0.214554 -0.000000
v -3.131166 0.271515 0.056962
v -3.131166 0.271515 -0.056962
v -3.131166 0.231237 0.040279
v -3.131166 0.231237 -0.040279
v -3.131166 0.328477 -0.000000
v -3.131166 0.311793 -0.040279
v -3.131166 0.311793 0.040279
v -1.061374 0.299513 -0.159738
v -1.137114 0.268139 -0.159738
v -1.124119 0.299513 -0.159738
v -1.092746 0.312508 -0.159738
v -1.061374 0.236766 -0.159738
v -1.048379 0.268139 -0.159738
v -1.124119 0.236766 -0.159738
v -1.092746 0.223771 -0.159738
v -1.061374 0.236766 0.159738
v -1.137114 0.268139 0.159738
v -1.124119 0.236766 0.159738
v -1.092746 0.223771 0.159738
v -1.061374 0.299513 0.159738
v -1.048379 0.268139 0.159738
v -1.124119 0.299513 0.159738
v -1.092746 0.312508 0.159738
v 0.822282 0.236766 -0.143231
v 0.759535 0.299513 -0.143231
v 0.822282 0.299513 -0.143231
v 0.790909 0.312508 -0.143231
v 0.835276 0.268139 -0.143231
v 0.759535 0.236766 -0.143231
v 0.746540 0.268139 -0.143231
v 0.790909 0.223771 -0.143231
v 0.759535 0.236766 0.143231
v 0.759535 0.299513 0.143231
v 0.746540 0.268139 0.143231
v 0.822282 0.236766 0.143231
v 0.790909 0.223771 0.143231
v 0.822282 0.299513 0.143231
v 0.790909 0.312508 0.143231
v 0.835276 0.268139 0.143231
v -3.131166 0.231237 0.040279
v -2.426184 0.231237 0.040279
v -2.426184 0.271515 0.056962
v -3.131166 0.271515 0.056962
v -3.131166 0.214554 -0.000000
v -2.426184 0.214554 -0.000000
v -3.131166 0.231237 -0.040279
v -2.426184 0.231237 -0.040279
v -3.131166 0.271515 -0.056962
v -2.426184 0.271515 -0.056962
v -3.131166 0.311793 -0.040279
v -2.426184 0.311793 -0.040279
v -3.131166 0.328477 -0.000000
v -2.426184 0.328477 -0.000000
v -3.131166 0.311793 0.040279
v -2.426184 0.311793 0.040279
v -3.131166 0.271515 0.056962
v -2.426184 0.271515 0.056962
v -1.124119 0.299513 -0.159738
v -1.092746 0.312508 0.159738
v -1.092746 0.312508 -0.159738
v -1.124119 0.299513 0.159738
v -1.137114 0.268139 -0.159738
v -1.137114 0.268139 0.159738
v -1.124119 0.236766 -0.159738
v -1.124119 0.236766 0.159738
v -1.092746 0.223771 -0.159738
v -1.092746 0.223771 0.159738
v -1.061374 0.236766 -0.159738
v -1.061374 0.236766 0.159738
v -1.048379 0.268139 -0.159738
v -1.048379 0.268139 0.159738
v -1.061374 0.299513 -0.159738
v -1.061374 0.299513 0.159738
v -1.092746 0.312508 -0.159738
v -1.092746 0.312508 0.159738
v -2.426184 0.271515 -0.056962
v -2.426184 0.271515 0.056962
v -2.426184 0.214554 -0.000000
v -2.426184 0.231237 0.040279
v -2.426184 0.231237 -0.040279
v -2.426184 0.328477 -0.000000
v -2.426184 0.311793 0.040279
v -2.426184 0.311793 -0.040279
v 0.759535 0.299513 -0.143231
v 0.790909 0.312508 0.143231
v 0.790909 0.312508 -0.143231
v 0.759535 0.299513 0.143231
v 0.746540 0.268139 -0.143231
v 0.746540 0.268139 0.143231
v 0.759535 0.236766 -0.143231
v 0.759535 0.236766 0.143231
v 0.790909 0.223771 -0.143231
v 0.790909 0.223771 0.143231
v 0.822282 0.236766 -0.143231
v 0.822282 0.236766 0.143231
v 0.835276 0.268139 -0.143231
v 0.835276 0.268139 0.143231
v 0.822282 0.299513 -0.143231
v 0.822282 0.299513 0.143231
v 0.790909 0.312508 -0.143231
v 0.790909 0.312508 0.143231
vn -1.0000 0.0005 0.0005
vn 0.0005 0.0005 -1.0000
vn 0.0005 0.0005 1.0000
vn -0.0000 -0.7071 0.7071
vn 0.0005 -1.0000 0.0005
vn -0.0000 -0.7071 -0.7071
vn -0.0000 0.7071 -0.7071
vn 0.0005 1.0000 0.0005
vn -0.0000 0.7071 0.7071
vn 0.0005 0.0007 1.0000
vn 0.0005 0.0006 1.0000
vn -0.5808 0.8140 0.0005
vn 0.0003 1.0000 0.0005
vn -0.5808 0.8141 -0.0000
vn -0.5808 -0.8140 -0.0000
vn -0.5809 -0.8140 0.0005
vn 0.5807 -0.8141 0.0005
vn 0.5807 -0.8141 -0.0000
vn 1.0000 0.0005 0.0005
vn 0.5808 0.8140 -0.0000
vn 0.5807 0.8141 0.0005
vn -0.5807 0.8141 0.0005
vn 0.0004 1.0000 0.0005
vn -0.5807 0.8141 -0.0000
vn -0.5807 -0.8141 -0.0000
vn -0.5807 -0.8141 0.0005
vn 0.5808 0.8140 0.0005
vt 0.750000 1.000000
vt 0.000000 1.000000
vt 0.500000 1.000000
vt 0.875000 1.000000
vt 0.625000 1.000000
vt 0.250000 1.000000
vt 0.375000 1.000000
vt 0.125000 1.000000
vt 0.080294 0.419706
vt 0.490000 0.250000
vt 0.419706 0.419706
vt 0.250000 0.490000
vt 0.080294 0.080294
vt 0.010000 0.250000
vt 0.419706 0.080294
vt 0.250000 0.010000
vt 0.580294 0.080294
vt 0.990000 0.250000
vt 0.919706 0.080294
vt 0.750000 0.010000
vt 0.580294 0.419706
vt 0.510000 0.250000
vt 0.919706 0.419706
vt 0.750000 0.490000
vt 0.875000 0.500000
vt 1.000000 0.500000
vt 1.000000 1.000000
vt 0.750000 0.500000
vt 0.625000 0.500000
vt 0.500000 0.500000
vt 0.375000 0.500000
vt 0.250000 0.500000
vt 0.125000 0.500000
vt 0.000000 0.500000
s 1
f 1478/299/580 1479/300/580 1480/301/580
f 1479/300/580 1478/299/580 1481/302/580
f 1478/299/580 1480/301/580 1482/303/580
f 1479/300/580 1483/304/580 1480/301/580
f 1480/301/580 1483/304/580 1484/305/580
f 1483/304/580 1479/300/580 1485/306/580
f 1486/307/581 1487/308/581 1488/309/581
f 1486/307/581 1488/309/581 1489/310/581
f 1487/308/581 1486/307/581 1490/311/581
f 1490/311/581 1486/307/581 1491/312/581
f 1487/308/581 1490/311/581 1492/313/581
f 1492/313/581 1490/311/581 1493/314/581
f 1494/315/582 1495/316/582 1496/317/582
f 1494/315/582 1496/317/582 1497/318/582
f 1494/315/582 1498/319/582 1495/316/582
f 1498/319/582 1494/315/582 1499/320/582
f 1498/319/582 1500/321/582 1495/316/582
f 1500/321/582 1498/319/582 1501/322/582
f 1502/311/581 1503/309/581 1504/307/581
f 1504/307/581 1503/309/581 1505/310/581
f 1502/311/581 1504/307/581 1506/312/581
f 1502/311/581 1507/313/581 1503/309/581
f 1503/309/581 1507/313/581 1508/308/581
f 1507/313/581 1502/311/581 1509/314/581
f 1510/317/582 1511/321/582 1512/316/582
f 1511/321/582 1510/317/582 1513/315/582
f 1513/315/582 1510/317/582 1514/318/582
f 1515/319/582 1511/321/582 1513/315/582
f 1511/321/582 1515/319/582 1516/322/582
f 1515/319/582 1513/315/582 1517/320/582
f 1518/302/583 1519/323/583 1520/324/582
f 1518/302/583 1520/324/582 1521/325/582
f 1522/299/584 1519/323/583 1518/302/583
f 1522/299/584 1523/326/584 1519/323/583
f 1524/303/585 1523/326/584 1522/299/584
f 1524/303/585 1525/327/585 1523/326/584
f 1526/301/581 1525/327/585 1524/303/585
f 1526/301/581 1527/328/581 1525/327/585
f 1528/305/586 1527/328/581 1526/301/581
f 1528/305/586 1529/329/586 1527/328/581
f 1529/329/586 1528/305/586 1530/304/587
f 1529/329/586 1530/304/587 1531/330/587
f 1531/330/587 1530/304/587 1532/306/588
f 1531/330/587 1532/306/588 1533/331/588
f 1534/300/589 1533/331/588 1532/306/588
f 1534/300/589 1535/332/590 1533/331/588
f 1536/302/591 1537/324/592 1538/325/592
f 1537/324/592 1536/302/591 1539/323/593
f 1540/299/580 1539/323/593 1536/302/591
f 1539/323/593 1540/299/580 1541/326/580
f 1542/303/594 1541/326/580 1540/299/580
f 1541/326/580 1542/303/594 1543/327/595
f 1544/301/584 1543/327/595 1542/303/594
f 1543/327/595 1544/301/584 1545/328/584
f 1546/305/596 1545/328/584 1544/301/584
f 1545/328/584 1546/305/596 1547/329/597
f 1548/304/598 1547/329/597 1546/305/596
f 1547/329/597 1548/304/598 1549/330/598
f 1550/306/599 1549/330/598 1548/304/598
f 1549/330/598 1550/306/599 1551/331/600
f 1552/300/587 1551/331/600 1550/306/599
f 1551/331/600 1552/300/587 1553/332/587
f 1554/328/598 1555/332/598 1556/326/598
f 1556/326/598 1555/332/598 1557/323/598
f 1554/328/598 1556/326/598 1558/327/598
f 1554/328/598 1559/330/598 1555/332/598
f 1555/332/598 1559/330/598 1560/331/598
f 1559/330/598 1554/328/598 1561/329/598
f 1562/302/601 1563/324/602 1564/325/602
f 1563/324/602 1562/302/601 1565/323/603
f 1566/299/580 1565/323/603 1562/302/601
f 1565/323/603 1566/299/580 1567/326/580
f 1568/303/604 1567/326/580 1566/299/580
f 1567/326/580 1568/303/604 1569/327/605
f 1570/301/584 1569/327/605 1568/303/604
f 1569/327/605 1570/301/584 1571/328/584
f 1572/305/596 1571/328/584 1570/301/584
f 1571/328/584 1572/305/596 1573/329/597
f 1574/304/598 1573/329/597 1572/305/596
f 1573/329/597 1574/304/598 1575/330/598
f 1576/306/599 1575/330/598 1574/304/598
f 1575/330/598 1576/306/599 1577/331/606
f 1578/300/587 1577/331/606 1576/306/599
f 1577/331/606 1578/300/587 1579/332/587
o Plane_001_Plane_001_113789227660955
v -5.770748 0.586218 -0.062740
v -5.770748 0.523478 -0.088728
v -5.770748 0.523478 -0.060751
v -5.770748 0.460738 -0.062740
v -5.770748 0.566435 -0.042957
v -5.770748 0.480521 -0.042957
v -5.770748 0.584229 -0.000000
v -5.770748 0.462727 -0.000000
v -5.770748 0.612206 -0.000000
v -5.770748 0.434749 -0.000000
v -5.770748 0.586218 0.062740
v -5.770748 0.460738 0.062740
v -5.770748 0.566435 0.042957
v -5.770748 0.523478 0.060751
v -5.770748 0.523478 0.088727
v -5.770748 0.480521 0.042957
v -5.770748 0.523478 0.060751
v -5.770748 0.523478 0.088727
v -5.770748 0.462727 -0.000000
v -5.770748 0.480521 0.042957
v -5.652034 0.523478 -0.000000
v -5.770748 0.523478 0.060751
v -5.652034 0.523478 -0.000000
v -5.770748 0.480521 -0.042957
v -5.652034 0.523478 -0.000000
v -5.770748 0.523478 -0.060751
v -5.652034 0.523478 -0.000000
v -5.770748 0.566435 -0.042957
v -5.652034 0.523478 -0.000000
v -5.770748 0.584229 -0.000000
v -5.652034 0.523478 -0.000000
v -5.770748 0.566435 0.042957
v -5.652034 0.523478 -0.000000
v -5.770748 0.523478 0.060751
v -5.652034 0.523478 -0.000000
v 1.135542 1.279831 0.157440
v 1.135542 1.298474 -0.000000
v 1.135542 1.345044 -0.000000
v 1.135542 1.279831 -0.157440
v 1.135542 1.246899 0.124508
v 1.135542 1.122389 0.222655
v 1.135542 1.122389 0.176080
v 1.135542 1.246899 -0.124508
v 1.135542 1.122389 -0.222655
v 1.135542 1.122389 -0.176081
v 1.135542 0.997882 -0.124508
v 1.135542 0.964949 -0.157440
v 1.135542 0.899735 -0.000000
v 1.135542 0.946309 -0.000000
v 1.135542 0.997882 0.124508
v 1.135542 0.964949 0.157440
v 1.135542 1.122389 0.222655
v 1.135542 1.122389 0.176080
v 1.010983 0.317992 -0.137204
v 0.830467 0.192416 0.137204
v 0.830466 0.192416 -0.137204
v 1.010984 0.317992 0.137204
v 0.971740 0.446107 0.137204
v 0.971740 0.446107 -0.137204
v 0.673908 0.328197 -0.125053
v 0.818483 -0.282975 0.125053
v 0.818483 -0.282975 -0.125053
v 0.673908 0.328197 0.125053
v 0.818483 -0.282975 -0.125053
v 0.818483 -0.282975 0.125053
v 0.828433 -0.325038 -0.125053
v 0.828433 -0.325038 0.125053
v 0.848337 -0.409173 -0.125053
v 0.848337 -0.409173 0.125053
v -3.414624 0.390396 0.133082
v -3.414624 0.456936 -0.160645
v -3.414624 0.335271 -0.000000
v -3.414624 0.390396 -0.133082
v -3.414624 0.523478 0.188207
v -3.414624 0.656560 0.133082
v -3.414624 0.711686 -0.000000
v -3.414624 0.656560 -0.133082
v -3.414624 0.523478 -0.188207
v -0.004257 0.446107 -0.152448
v -0.004257 0.446107 0.152448
v -0.004257 0.037207 -0.152448
v -0.004257 0.037207 0.152448
v 0.848337 -0.409173 0.125053
v 0.410246 -0.512802 0.125053
v 0.848337 -0.409173 -0.125053
v 0.410246 -0.512802 -0.125053
v -3.056731 0.630851 -0.104276
v -3.056731 0.647748 -0.136733
v -3.055956 0.629943 -0.106466
v -3.036638 0.604074 -0.154822
v -3.036638 0.587952 -0.123858
v -3.056731 0.560401 -0.172914
v -3.056731 0.544281 -0.141948
v -3.036638 0.604074 0.154822
v -3.055956 0.629943 0.106466
v -3.036638 0.587952 0.123858
v -3.056731 0.647748 0.136732
v -3.056731 0.630851 0.104276
v -3.056731 0.560401 0.172913
v -3.056731 0.544281 0.141948
v -3.036638 0.447584 -0.119129
v -3.056731 0.472788 -0.167210
v -3.036638 0.428611 -0.148910
v -3.056731 0.491762 -0.137428
v -3.056731 0.387426 -0.125915
v -3.036638 0.447584 -0.119129
v -3.056731 0.410237 -0.090110
v -3.036638 0.447584 0.119129
v -3.056731 0.472788 0.167210
v -3.056731 0.491762 0.137428
v -3.036638 0.428611 0.148910
v -3.036638 0.447584 0.119129
v -3.056731 0.387426 0.125914
v -3.056731 0.410237 0.090109
v -0.394498 0.474648 -0.016048
v -0.394498 0.523478 -0.188207
v -0.394498 0.623586 -0.146740
v -0.394498 0.474648 -0.167981
v -0.394498 0.623586 -0.016050
v -2.664303 0.630851 -0.104276
v -2.664303 0.647748 -0.136733
v -2.663527 0.629943 -0.106466
v -2.644210 0.604074 -0.154822
v -2.644210 0.587952 -0.123858
v -2.664303 0.560401 -0.172914
v -2.664303 0.544281 -0.141948
v -2.644210 0.447584 -0.119129
v -2.664303 0.472788 -0.167210
v -2.644210 0.428611 -0.148910
v -2.664303 0.491762 -0.137428
v -2.664303 0.387426 -0.125915
v -2.644210 0.447584 -0.119129
v -2.664303 0.410237 -0.090110
v -2.644210 0.604074 0.154822
v -2.663527 0.629943 0.106466
v -2.644210 0.587952 0.123858
v -2.664303 0.647748 0.136732
v -2.664303 0.630851 0.104276
v -2.664303 0.560401 0.172913
v -2.664303 0.544281 0.141948
v -2.644210 0.447584 0.119129
v -2.664303 0.472788 0.167210
v -2.664303 0.491762 0.137428
v -2.644210 0.428611 0.148910
v -2.644210 0.447584 0.119129
v -2.664303 0.387426 0.125914
v -2.664303 0.410237 0.090109
v -2.271875 0.630851 -0.104276
v -2.271875 0.647748 -0.136733
v -2.271099 0.629943 -0.106466
v -2.251782 0.604074 -0.154822
v -2.251782 0.587952 -0.123858
v -2.271875 0.560401 -0.172914
v -2.271875 0.544281 -0.141948
v -2.251782 0.604074 0.154822
v -2.271099 0.629943 0.106466
v -2.251782 0.587952 0.123858
v -2.271875 0.647748 0.136732
v -2.271875 0.630851 0.104276
v -2.271875 0.560401 0.172913
v -2.271875 0.544281 0.141948
v -2.251782 0.447584 -0.119129
v -2.271875 0.472788 -0.167210
v -2.251782 0.428611 -0.148910
v -2.271875 0.491762 -0.137428
v -2.271875 0.387426 -0.125915
v -2.251782 0.447584 -0.119129
v -2.271875 0.410237 -0.090110
v -2.251782 0.447584 0.119129
v -2.271875 0.472788 0.167210
v -2.271875 0.491762 0.137428
v -2.251782 0.428611 0.148910
v -2.251782 0.447584 0.119129
v -2.271875 0.387426 0.125914
v -2.271875 0.410237 0.090109
v -1.880649 0.968091 0.154298
v -1.711854 0.968091 0.154298
v -1.880649 1.122389 0.218211
v -1.711854 1.122389 0.218211
v -1.711854 0.904180 -0.000000
v -1.880649 0.904180 -0.000000
v -1.711854 0.968091 -0.154299
v -1.880649 0.968091 -0.154299
v -1.711854 1.122389 -0.218211
v -1.880649 1.122389 -0.218211
v -1.711854 1.276690 -0.154299
v -1.880649 1.276690 -0.154299
v -1.711854 1.340603 -0.000000
v -1.880649 1.340603 -0.000000
v -1.711854 1.276690 0.154298
v -1.880649 1.276690 0.154298
v -1.711854 1.122389 0.218211
v -1.880649 1.122389 0.218211
v 1.135542 0.964949 0.157440
v 0.930756 1.122389 0.222655
v 0.930756 0.964949 0.157440
v 1.135542 1.122389 0.222655
v 1.135542 0.899735 -0.000000
v 0.930756 0.899735 -0.000000
v 1.135542 0.964949 -0.157440
v 0.930756 0.964949 -0.157440
v 1.135542 1.122389 -0.222655
v 0.930756 1.122389 -0.222655
v 1.135542 1.279831 -0.157440
v 0.930756 1.279831 -0.157440
v 1.135542 1.345044 -0.000000
v 0.930756 1.345044 -0.000000
v 1.135542 1.279831 0.157440
v 0.930756 1.279831 0.157440
v 1.135542 1.122389 0.222655
v 0.930756 1.122389 0.222655
v -0.883532 1.027156 0.095234
v -0.267980 1.027156 0.095234
v -0.267980 1.122389 0.134681
v -0.883532 1.122389 0.134681
v 0.347571 1.122389 0.134681
v 0.347571 1.027156 0.095234
v -0.883532 0.987709 -0.000000
v -0.267980 0.987709 -0.000000
v 0.347571 1.027156 0.095234
v 0.347571 0.987709 -0.000000
v -0.883532 1.027156 -0.095234
v -0.267980 1.027156 -0.095234
v 0.347571 0.987709 -0.000000
v 0.347571 1.027156 -0.095234
v -0.883532 1.122389 -0.134682
v -0.267980 1.122389 -0.134682
v 0.347571 1.027156 -0.095234
v 0.347571 1.122389 -0.134682
v -0.883532 1.217624 -0.095234
v -0.267980 1.217624 -0.095234
v 0.347571 1.122389 -0.134682
v 0.347571 1.217624 -0.095234
v -0.883532 1.257071 -0.000000
v -0.267980 1.257071 -0.000000
v 0.347571 1.217624 -0.095234
v 0.347571 1.257071 -0.000000
v -0.883532 1.217624 0.095234
v -0.267980 1.217624 0.095234
v -0.883532 1.122389 0.134681
v 0.347571 1.257071 -0.000000
v 0.347571 1.217624 0.095234
v -0.267980 1.122389 0.134681
v 0.347571 1.217624 0.095234
v 0.347571 1.122389 0.134681
v 0.830467 0.192416 0.137204
v -0.072413 0.192416 0.137204
v 0.830466 0.192416 -0.137204
v -0.072413 0.192416 -0.137204
v -0.883532 1.217624 0.095234
v -1.595025 1.122389 0.198374
v -0.883532 1.122389 0.134681
v -1.711854 1.122389 0.198374
v -1.711854 1.262661 0.140270
v -1.595025 1.262661 0.140270
v -1.711854 1.320763 -0.000000
v -1.595025 1.320763 -0.000000
v -0.883532 1.257071 -0.000000
v -1.711854 1.262661 -0.140271
v -0.883532 1.217624 -0.095234
v -1.595025 1.262661 -0.140271
v -1.711854 1.122389 -0.198374
v -1.595025 1.122389 -0.198374
v -0.883532 1.122389 -0.134682
v -1.711854 0.982120 -0.140271
v -0.883532 1.027156 -0.095234
v -1.595025 0.982120 -0.140271
v -1.711854 0.924018 -0.000000
v -1.595025 0.924018 -0.000000
v -0.883532 0.987709 -0.000000
v -1.711854 0.982120 0.140271
v -0.883532 1.027156 0.095234
v -1.595025 0.982120 0.140271
v -1.711854 1.122389 0.198374
v -1.595025 1.122389 0.198374
v -0.883532 1.122389 0.134681
v -1.880649 0.968091 -0.154299
v -1.880649 1.122389 -0.174569
v -1.880649 1.122389 -0.218211
v -1.880649 1.245829 -0.123439
v -1.880649 0.998952 -0.123439
v -1.880649 1.276690 -0.154299
v -1.880649 0.904180 -0.000000
v -1.880649 1.296959 -0.000000
v -1.880649 0.947823 -0.000000
v -1.880649 1.340603 -0.000000
v -1.880649 0.998952 0.123439
v -1.880649 1.276690 0.154298
v -1.880649 0.968091 0.154298
v -1.880649 1.122389 0.174569
v -1.880649 1.122389 0.218211
v -1.880649 1.245829 0.123439
v -1.880649 1.122389 0.218211
v -1.880649 1.122389 0.174569
v -1.879446 0.630851 -0.104276
v -1.879446 0.647748 -0.136733
v -1.878671 0.629943 -0.106466
v -1.859353 0.604074 -0.154822
v -1.859353 0.587952 -0.123858
v -1.879446 0.560401 -0.172914
v -1.879446 0.544281 -0.141948
v -1.859353 0.447584 -0.119129
v -1.879446 0.472788 -0.167210
v -1.859353 0.428611 -0.148910
v -1.879446 0.491762 -0.137428
v -1.879446 0.387426 -0.125913
v -1.859353 0.447584 -0.119129
v -1.879446 0.410237 -0.090110
v -1.859353 0.604074 0.154822
v -1.878671 0.629943 0.106466
v -1.859353 0.587952 0.123858
v -1.879446 0.647748 0.136732
v -1.879446 0.630851 0.104276
v -1.879446 0.560401 0.172913
v -1.879446 0.544281 0.141948
v -1.859353 0.447584 0.119129
v -1.879446 0.472788 0.167210
v -1.879446 0.491762 0.137428
v -1.859353 0.428611 0.148910
v -1.859353 0.447584 0.119129
v -1.879446 0.387426 0.125913
v -1.879446 0.410237 0.090109
v -1.709745 0.947823 -0.000000
v -1.880649 0.947823 -0.000000
v -1.709745 0.998952 0.123439
v -1.880649 0.998952 0.123439
v -1.709745 1.122389 0.174569
v -1.880649 1.122389 0.174569
v -1.880649 0.998952 -0.123439
v -1.709745 0.998952 -0.123439
v -1.880649 1.122389 -0.174569
v -1.709745 1.122389 -0.174569
v -1.880649 1.245829 -0.123439
v -1.709745 1.245829 -0.123439
v -1.880649 1.296959 -0.000000
v -1.709745 1.296959 -0.000000
v -1.880649 1.245829 0.123439
v -1.709745 1.245829 0.123439
v -1.880649 1.122389 0.174569
v -1.709745 1.122389 0.174569
v -3.414624 0.335271 -0.000000
v -2.271875 0.387426 0.125914
v -2.472800 0.387426 0.125914
v -2.080372 0.387426 0.125914
v -2.664303 0.387426 0.125914
v -1.879446 0.387426 0.125913
v -2.865228 0.387426 0.125914
v -3.056731 0.387426 0.125914
v -1.687940 0.387426 0.125913
v -3.257654 0.387426 0.125914
v -3.414624 0.390396 0.133082
v -3.414624 0.335271 -0.000000
v -1.487016 0.387426 -0.125913
v 2.359980 0.335271 -0.000000
v 2.359980 0.390396 -0.133082
v -1.687940 0.387426 -0.125913
v -1.879446 0.387426 -0.125913
v -2.080372 0.387426 -0.125915
v -2.271875 0.387426 -0.125915
v -2.472800 0.387426 -0.125915
v -2.664303 0.387426 -0.125915
v -2.865228 0.387426 -0.125915
v -3.056731 0.387426 -0.125915
v -1.487016 0.387426 0.125913
v 2.359980 0.335271 -0.000000
v 2.359980 0.390396 0.133082
v -3.414624 0.523478 0.188207
v -3.277747 0.428611 0.148910
v -3.257654 0.472788 0.167210
v -3.056731 0.472788 0.167210
v -2.865228 0.472788 0.167210
v -3.036638 0.428611 0.148910
v -2.885318 0.428611 0.148910
v -2.664303 0.472788 0.167210
v -2.472800 0.472788 0.167210
v -2.644210 0.428611 0.148910
v -2.492890 0.428611 0.148910
v -2.271875 0.472788 0.167210
v -2.080372 0.472788 0.167210
v -2.251782 0.428611 0.148910
v -2.100462 0.428611 0.148910
v -1.879446 0.472788 0.167210
v -2.865228 0.387426 0.125914
v -3.036638 0.428611 0.148910
v -3.056731 0.387426 0.125914
v -2.885318 0.428611 0.148910
v -2.472800 0.387426 0.125914
v -2.644210 0.428611 0.148910
v -2.664303 0.387426 0.125914
v -2.492890 0.428611 0.148910
v -2.080372 0.387426 0.125914
v -2.251782 0.428611 0.148910
v -2.271875 0.387426 0.125914
v -2.100462 0.428611 0.148910
v -1.879446 0.387426 0.125913
v -1.708034 0.428611 0.148910
v -1.859353 0.428611 0.148910
v -1.687940 0.387426 0.125913
v -2.644210 0.428611 -0.148910
v -2.492890 0.428611 -0.148910
v -2.472800 0.387426 -0.125915
v -2.664303 0.387426 -0.125915
v -3.036638 0.428611 -0.148910
v -2.885318 0.428611 -0.148910
v -2.865228 0.387426 -0.125915
v -3.056731 0.387426 -0.125915
v -2.251782 0.428611 -0.148910
v -2.100462 0.428611 -0.148910
v -2.080372 0.387426 -0.125915
v -2.271875 0.387426 -0.125915
v -1.708034 0.428611 -0.148910
v -1.879446 0.387426 -0.125913
v -1.859353 0.428611 -0.148910
v -1.687940 0.387426 -0.125913
v -1.859353 0.428611 0.148910
v -1.708034 0.428611 0.148910
v -1.687940 0.472788 0.167210
v -1.487016 0.472788 0.167210
v 2.359980 0.523478 0.188207
v -1.466925 0.428611 0.148910
v 2.359980 0.456936 0.160645
v 2.359980 0.390396 0.133082
v -1.487016 0.387426 0.125913
v -3.257654 0.387426 -0.125915
v -3.414624 0.390396 -0.133082
v -3.414624 0.456936 -0.160645
v -3.277747 0.428611 -0.148910
v -3.257654 0.472788 -0.167210
v -3.414624 0.523478 -0.188207
v -3.056731 0.472788 -0.167210
v -2.865228 0.472788 -0.167210
v -3.036638 0.428611 -0.148910
v -2.885318 0.428611 -0.148910
v -2.664303 0.472788 -0.167210
v -2.472800 0.472788 -0.167210
v -2.644210 0.428611 -0.148910
v -2.492890 0.428611 -0.148910
v -2.271875 0.472788 -0.167210
v -2.080372 0.472788 -0.167210
v -2.251782 0.428611 -0.148910
v -2.100462 0.428611 -0.148910
v -1.879446 0.472788 -0.167210
v -0.394498 0.523478 -0.188207
v -1.708034 0.428611 -0.148910
v -1.859353 0.428611 -0.148910
v -1.687940 0.472788 -0.167210
v -1.487016 0.472788 -0.167210
v -1.466925 0.428611 -0.148910
v -0.394498 0.474648 -0.167981
v -1.487016 0.387426 -0.125913
v 0.436575 0.474648 -0.167981
v 2.359980 0.390396 -0.133082
v 0.672441 0.474648 -0.167981
v 1.049639 0.474648 -0.167981
v 2.359980 0.523478 -0.188207
v 1.049639 0.523478 -0.188207
v 1.049639 0.523478 -0.188207
v 2.359980 0.656560 -0.133082
v 1.008203 0.560798 -0.172749
v 0.436575 0.623586 -0.146740
v 0.672441 0.560798 -0.172749
v -1.487016 0.647745 -0.136733
v -0.394498 0.623586 -0.146740
v -3.414624 0.656560 -0.133082
v -1.466925 0.604074 -0.154822
v -0.394498 0.523478 -0.188207
v -1.487016 0.560401 -0.172914
v -1.687940 0.560401 -0.172914
v -1.879446 0.560401 -0.172914
v -1.708034 0.604074 -0.154822
v -3.414624 0.523478 -0.188207
v -1.687940 0.647745 -0.136733
v -1.859353 0.604074 -0.154822
v -1.879446 0.647748 -0.136733
v -2.080372 0.647748 -0.136733
v -2.251782 0.604074 -0.154822
v -2.271875 0.647748 -0.136733
v -2.472800 0.647748 -0.136733
v -2.644210 0.604074 -0.154822
v -2.664303 0.647748 -0.136733
v -2.865228 0.647748 -0.136733
v -3.036638 0.604074 -0.154822
v -3.056731 0.647748 -0.136733
v -3.257654 0.647748 -0.136733
v -3.277747 0.604074 -0.154822
v -3.277747 0.428611 0.148910
v -3.414624 0.390396 0.133082
v -3.257654 0.387426 0.125914
v -0.004257 0.446107 0.152448
v -0.100103 -0.011093 0.152448
v -0.004257 0.037207 0.152448
v -1.094661 0.174490 0.152448
v -1.251632 0.446107 0.152448
v -1.251632 0.342961 0.152448
v -1.487016 0.560401 0.172913
v -1.466925 0.604074 0.154822
v -3.414624 0.523478 0.188207
v 2.359980 0.656560 0.133082
v -1.487016 0.647745 0.136732
v -1.687940 0.560401 0.172913
v -1.708034 0.604074 0.154822
v -1.879446 0.560401 0.172913
v -3.414624 0.656560 0.133082
v -1.687940 0.647745 0.136732
v -1.859353 0.604074 0.154822
v -1.879446 0.647748 0.136732
v -2.080372 0.647748 0.136732
v -2.251782 0.604074 0.154822
v -2.271875 0.647748 0.136732
v -2.472800 0.647748 0.136732
v -2.644210 0.604074 0.154822
v -2.664303 0.647748 0.136732
v -2.865228 0.647748 0.136732
v -3.036638 0.604074 0.154822
v -3.056731 0.647748 0.136732
v -3.257654 0.647748 0.136732
v -3.277747 0.604074 0.154822
v -1.708034 0.604074 0.154822
v -1.859353 0.604074 0.154822
v -1.879446 0.560401 0.172913
v -1.687940 0.647745 0.136732
v -2.865228 0.647748 0.136732
v -3.036638 0.604074 0.154822
v -2.885318 0.604074 0.154822
v -3.056731 0.560401 0.172913
v -2.080372 0.647748 0.136732
v -2.251782 0.604074 0.154822
v -2.100462 0.604074 0.154822
v -2.271875 0.560401 0.172913
v -2.472800 0.647748 0.136732
v -2.644210 0.604074 0.154822
v -2.492890 0.604074 0.154822
v -2.664303 0.560401 0.172913
v -3.414624 0.523478 0.188207
v -2.664303 0.560401 0.172913
v -2.865228 0.560401 0.172913
v -2.472800 0.560401 0.172913
v -2.271875 0.560401 0.172913
v -2.080372 0.560401 0.172913
v -1.879446 0.560401 0.172913
v -2.885318 0.604074 0.154822
v -3.056731 0.560401 0.172913
v -2.865228 0.560401 0.172913
v -3.257654 0.560401 0.172913
v -2.472800 0.560401 0.172913
v -2.664303 0.560401 0.172913
v -2.492890 0.604074 0.154822
v -2.271875 0.560401 0.172913
v -2.080372 0.560401 0.172913
v -2.100462 0.604074 0.154822
v -3.414624 0.656560 0.133082
v -1.879446 0.647748 0.136732
v -1.687940 0.647745 0.136732
v -2.865228 0.647748 0.136732
v -3.056731 0.647748 0.136732
v -2.664303 0.647748 0.136732
v -2.472800 0.647748 0.136732
v -2.271875 0.647748 0.136732
v -2.080372 0.647748 0.136732
v -3.257654 0.387426 -0.125915
v -3.414624 0.390396 -0.133082
v -3.277747 0.428611 -0.148910
v -1.251632 0.342961 -0.152448
v -1.251632 0.342961 0.152448
v -1.251632 0.446107 -0.152448
v -1.251632 0.446107 0.152448
v -1.094661 0.174490 0.152448
v -1.094661 0.174490 -0.152448
v -0.100103 -0.011093 0.152448
v -0.100103 -0.011093 -0.152448
v -0.004257 0.037207 -0.152448
v -0.004257 0.037207 0.152448
v -0.004257 0.446107 -0.152448
v -1.094661 0.174490 -0.152448
v -1.251632 0.446107 -0.152448
v -1.251632 0.342961 -0.152448
v -0.100103 -0.011093 -0.152448
v -0.004257 0.037207 -0.152448
v -1.708034 0.604074 -0.154822
v -1.859353 0.604074 -0.154822
v -1.687940 0.647745 -0.136733
v -1.879446 0.560401 -0.172914
v -3.036638 0.604074 -0.154822
v -2.865228 0.647748 -0.136733
v -2.885318 0.604074 -0.154822
v -3.056731 0.560401 -0.172914
v -2.251782 0.604074 -0.154822
v -2.080372 0.647748 -0.136733
v -2.100462 0.604074 -0.154822
v -2.271875 0.560401 -0.172914
v -2.644210 0.604074 -0.154822
v -2.472800 0.647748 -0.136733
v -2.492890 0.604074 -0.154822
v -2.664303 0.560401 -0.172914
v -2.865228 0.560401 -0.172914
v -3.056731 0.560401 -0.172914
v -2.885318 0.604074 -0.154822
v -3.257654 0.560401 -0.172914
v -2.271875 0.560401 -0.172914
v -2.080372 0.560401 -0.172914
v -2.100462 0.604074 -0.154822
v -2.472800 0.560401 -0.172914
v -2.664303 0.560401 -0.172914
v -2.492890 0.604074 -0.154822
v -2.664303 0.560401 -0.172914
v -3.414624 0.523478 -0.188207
v -2.865228 0.560401 -0.172914
v -2.472800 0.560401 -0.172914
v -2.271875 0.560401 -0.172914
v -2.080372 0.560401 -0.172914
v -1.879446 0.560401 -0.172914
v -1.687940 0.560401 -0.172914
v -0.394498 0.523478 -0.188207
v -1.879446 0.647748 -0.136733
v -3.414624 0.656560 -0.133082
v -1.687940 0.647745 -0.136733
v -2.865228 0.647748 -0.136733
v -3.056731 0.647748 -0.136733
v -2.664303 0.647748 -0.136733
v -2.472800 0.647748 -0.136733
v -2.271875 0.647748 -0.136733
v -2.080372 0.647748 -0.136733
v 0.830467 0.192416 0.137204
v -0.072413 0.317992 0.137204
v -0.072413 0.192416 0.137204
v 1.010984 0.317992 0.137204
v 0.971740 0.446107 0.137204
v -0.072413 0.446107 0.137204
v 2.336802 -0.005031 0.127582
v 2.195528 -0.271885 0.127584
v 2.352500 -0.271885 0.127584
v 2.211224 -0.005031 0.127582
v 2.336802 0.418791 0.153098
v 2.211224 0.418791 0.153098
v 2.022861 -0.005031 0.127582
v 1.740310 -0.209094 0.127584
v 1.551945 0.089149 0.127582
v 1.614735 -0.209094 0.127584
v 1.379278 -0.083519 0.127582
v 1.410672 0.387397 0.127582
v 1.159517 0.387397 0.127582
v 1.513034 -0.262440 0.127584
v 1.355402 -0.171450 0.127584
v 1.408124 -0.257598 0.127584
v 0.830466 0.192416 -0.137204
v -0.072413 0.317992 -0.137204
v 1.010983 0.317992 -0.137204
v -0.072413 0.192416 -0.137204
v 0.971740 0.446107 -0.137204
v -0.072413 0.446107 -0.137204
v 0.818483 -0.282975 0.125053
v 0.277886 0.234517 0.125053
v 0.422457 -0.376654 0.125053
v 0.673908 0.328197 0.125053
v 0.818483 -0.282975 0.125053
v 0.422457 -0.376654 0.125053
v 0.828433 -0.325038 0.125053
v 0.390344 -0.428670 0.125053
v 0.828433 -0.325038 0.125053
v 0.410246 -0.512802 0.125053
v 0.848337 -0.409173 0.125053
v 0.390344 -0.428670 0.125053
v 2.195528 -0.271885 -0.127582
v 2.211224 -0.005031 -0.127582
v 2.336802 -0.005031 -0.127582
v 2.352500 -0.271885 -0.127582
v 2.211224 0.418791 -0.153100
v 2.336802 0.418791 -0.153100
v 2.022861 -0.005031 -0.127582
v 1.740310 -0.209094 -0.127582
v 1.551945 0.089149 -0.127582
v 1.614735 -0.209094 -0.127582
v 1.379278 -0.083519 -0.127582
v 1.410672 0.387397 -0.127584
v 1.159517 0.387397 -0.127584
v 1.513034 -0.262440 -0.127582
v 1.355402 -0.171450 -0.127582
v 1.408124 -0.257598 -0.127582
v 0.818483 -0.282975 -0.125053
v 0.277886 0.234517 -0.125053
v 0.673908 0.328197 -0.125053
v 0.422457 -0.376654 -0.125053
v 0.828433 -0.325038 -0.125053
v 0.422457 -0.376654 -0.125053
v 0.818483 -0.282975 -0.125053
v 0.390344 -0.428670 -0.125053
v 0.848337 -0.409173 -0.125053
v 0.410246 -0.512802 -0.125053
v 0.828433 -0.325038 -0.125053
v 0.390344 -0.428670 -0.125053
v -3.414624 0.711686 -0.000000
v 2.359980 0.711686 -0.000000
v -3.414624 0.656560 0.133082
v -3.414624 0.523478 0.188207
v -3.277747 0.604074 0.154822
v -3.257654 0.560401 0.172913
v -3.414624 0.656560 -0.133082
v -3.277747 0.604074 -0.154822
v -3.414624 0.523478 -0.188207
v -3.257654 0.560401 -0.172914
v 2.359980 0.656560 -0.133082
v -3.414624 0.711686 -0.000000
v 2.359980 0.711686 -0.000000
v -5.770748 0.460738 0.062740
v -1.311595 0.460738 0.062740
v -1.311595 0.523478 0.088727
v -5.770748 0.523478 0.088727
v -5.770748 0.434749 -0.000000
v -1.311595 0.434749 -0.000000
v -5.770748 0.460738 -0.062740
v -1.311595 0.460738 -0.062740
v -5.770748 0.523478 -0.088728
v -1.311595 0.523478 -0.088728
v -5.770748 0.586218 -0.062740
v -1.311595 0.586218 -0.062740
v -5.770748 0.612206 -0.000000
v -1.311595 0.612206 -0.000000
v -5.770748 0.586218 0.062740
v -1.311595 0.586218 0.062740
v -5.770748 0.523478 0.088727
v -1.311595 0.523478 0.088727
v 1.008203 0.560798 -0.016048
v 0.672441 0.560798 -0.016048
v 1.008203 0.560798 -0.172749
v 0.672441 0.560798 -0.172749
v -2.664303 0.472788 -0.167210
v -2.865228 0.491762 -0.137428
v -2.865228 0.472788 -0.167210
v -2.664303 0.491762 -0.137428
v -2.271875 0.472788 -0.167210
v -2.472800 0.491762 -0.137428
v -2.472800 0.472788 -0.167210
v -2.271875 0.491762 -0.137428
v -1.879446 0.472788 -0.167210
v -2.080372 0.491762 -0.137428
v -2.080372 0.472788 -0.167210
v -1.879446 0.491762 -0.137428
v -1.487016 0.472788 -0.167210
v -1.687940 0.491762 -0.137428
v -1.687940 0.472788 -0.167210
v -1.487016 0.491762 -0.137428
v -3.056731 0.472788 -0.167210
v -3.257654 0.491762 -0.137428
v -3.257654 0.472788 -0.167210
v -3.056731 0.491762 -0.137428
v -1.487016 0.630851 0.104276
v -1.687940 0.647745 0.136732
v -1.687940 0.630851 0.104276
v -1.487016 0.647745 0.136732
v -1.687940 0.472788 0.167210
v -1.708034 0.447584 0.119129
v -1.687940 0.491762 0.137428
v -1.708034 0.428611 0.148910
v -1.487016 0.472788 0.167210
v -1.487016 0.491762 0.137428
v -0.394498 0.623586 -0.016050
v 0.436575 0.623586 -0.016050
v 0.436575 0.474648 -0.016048
v -0.394498 0.474648 -0.016048
v 0.672441 0.560798 -0.016048
v 0.672441 0.474648 -0.016048
v 1.008203 0.560798 -0.016048
v 0.672441 0.474648 -0.016048
v 1.049639 0.474648 -0.016048
v 1.049639 0.525706 -0.016048
v -2.664303 0.630851 -0.104276
v -2.865228 0.647748 -0.136733
v -2.664303 0.647748 -0.136733
v -2.865228 0.630851 -0.104276
v -2.271875 0.630851 -0.104276
v -2.472800 0.647748 -0.136733
v -2.271875 0.647748 -0.136733
v -2.472800 0.630851 -0.104276
v -2.080372 0.647748 -0.136733
v -1.879446 0.647748 -0.136733
v -1.879446 0.630851 -0.104276
v -2.080372 0.630851 -0.104276
v -1.487016 0.630851 -0.104276
v -1.687940 0.647745 -0.136733
v -1.487016 0.647745 -0.136733
v -1.687940 0.630851 -0.104276
v -3.056731 0.630851 -0.104276
v -3.257654 0.647748 -0.136733
v -3.056731 0.647748 -0.136733
v -3.257654 0.630851 -0.104276
v 0.436575 0.623586 -0.016050
v -0.394498 0.623586 -0.016050
v 0.436575 0.623586 -0.146740
v -0.394498 0.623586 -0.146740
v -1.687940 0.472788 -0.167210
v -1.708034 0.447584 -0.119129
v -1.708034 0.428611 -0.148910
v -1.687940 0.491762 -0.137428
v -2.080372 0.472788 0.167210
v -2.100462 0.447584 0.119129
v -2.080372 0.491762 0.137428
v -2.100462 0.428611 0.148910
v -1.879446 0.472788 0.167210
v -1.879446 0.491762 0.137428
v -2.472800 0.630851 -0.104276
v -3.365777 0.674042 -0.000000
v -2.664303 0.630851 -0.104276
v -2.473572 0.629943 -0.106466
v -2.663527 0.629943 -0.106466
v -2.865228 0.630851 -0.104276
v -2.271875 0.630851 -0.104276
v -3.056731 0.630851 -0.104276
v -2.865999 0.629943 -0.106466
v -3.055956 0.629943 -0.106466
v -3.257654 0.630851 -0.104276
v -3.365777 0.629943 -0.106466
v -3.258428 0.629943 -0.106466
v -1.293777 0.674042 -0.000000
v -2.081144 0.629943 -0.106466
v -2.271099 0.629943 -0.106466
v -2.080372 0.630851 -0.104276
v -1.879446 0.630851 -0.104276
v -1.688716 0.629943 -0.106466
v -1.878671 0.629943 -0.106466
v -1.687940 0.630851 -0.104276
v -1.487016 0.630851 -0.104276
v -1.293777 0.629943 -0.106466
v -1.486243 0.629943 -0.106466
v -1.879446 0.630851 0.104276
v -1.293777 0.674042 -0.000000
v -1.687940 0.630851 0.104276
v -1.688716 0.629943 0.106466
v -1.878671 0.629943 0.106466
v -1.487016 0.630851 0.104276
v -2.080372 0.630851 0.104276
v -1.293777 0.629943 0.106466
v -1.486243 0.629943 0.106466
v -2.271875 0.630851 0.104276
v -2.081144 0.629943 0.106466
v -2.271099 0.629943 0.106466
v -3.365777 0.674042 -0.000000
v -2.472800 0.630851 0.104276
v -2.664303 0.630851 0.104276
v -2.473572 0.629943 0.106466
v -2.663527 0.629943 0.106466
v -2.865228 0.630851 0.104276
v -3.056731 0.630851 0.104276
v -2.865999 0.629943 0.106466
v -3.055956 0.629943 0.106466
v -3.257654 0.630851 0.104276
v -3.365777 0.629943 0.106466
v -3.258428 0.629943 0.106466
v -1.687940 0.647745 -0.136733
v -1.688716 0.629943 -0.106466
v -1.708034 0.604074 -0.154822
v -1.687940 0.630851 -0.104276
v -1.708034 0.587952 -0.123858
v -1.687940 0.560401 -0.172914
v -1.687940 0.544281 -0.141948
v -1.687940 0.630851 0.104276
v -1.687940 0.647745 0.136732
v -1.688716 0.629943 0.106466
v -1.708034 0.604074 0.154822
v -1.708034 0.587952 0.123858
v -1.687940 0.560401 0.172913
v -1.687940 0.544281 0.141948
v -2.865228 0.560401 -0.172914
v -2.664303 0.544281 -0.141948
v -2.664303 0.560401 -0.172914
v -2.865228 0.544281 -0.141948
v -2.472800 0.560401 -0.172914
v -2.271875 0.544281 -0.141948
v -2.271875 0.560401 -0.172914
v -2.472800 0.544281 -0.141948
v -2.080372 0.560401 -0.172914
v -1.879446 0.544281 -0.141948
v -1.879446 0.560401 -0.172914
v -2.080372 0.544281 -0.141948
v -1.687940 0.560401 -0.172914
v -1.487016 0.544281 -0.141948
v -1.487016 0.560401 -0.172914
v -1.687940 0.544281 -0.141948
v -3.257654 0.560401 -0.172914
v -3.056731 0.544281 -0.141948
v -3.056731 0.560401 -0.172914
v -3.257654 0.544281 -0.141948
v -2.664303 0.410237 0.090109
v -2.865228 0.410237 0.090109
v -2.865228 0.387426 0.125914
v -2.664303 0.387426 0.125914
v -2.271875 0.410237 0.090109
v -2.472800 0.410237 0.090109
v -2.472800 0.387426 0.125914
v -2.271875 0.387426 0.125914
v -2.080372 0.410237 0.090109
v -1.879446 0.387426 0.125913
v -1.879446 0.410237 0.090109
v -2.080372 0.387426 0.125914
v -1.487016 0.410237 0.090109
v -1.687940 0.410237 0.090109
v -1.687940 0.387426 0.125913
v -1.487016 0.387426 0.125913
v -3.056731 0.410237 0.090109
v -3.257654 0.410237 0.090109
v -3.257654 0.387426 0.125914
v -3.056731 0.387426 0.125914
v -1.711854 1.262661 -0.140271
v -1.711854 1.340603 -0.000000
v -1.711854 1.320763 -0.000000
v -1.711854 1.262661 0.140270
v -1.711854 1.276690 -0.154299
v -1.711854 1.276690 0.154298
v -1.711854 1.122389 0.218211
v -1.711854 1.122389 0.198374
v -1.711854 1.122389 -0.218211
v -1.711854 1.122389 -0.198374
v -1.711854 0.968091 -0.154299
v -1.711854 0.982120 -0.140271
v -1.711854 0.904180 -0.000000
v -1.711854 0.924018 -0.000000
v -1.711854 0.982120 0.140271
v -1.711854 0.968091 0.154298
v -1.711854 1.122389 0.198374
v -1.711854 1.122389 0.218211
v -2.865228 0.387426 -0.125915
v -2.664303 0.410237 -0.090110
v -2.664303 0.387426 -0.125915
v -2.865228 0.410237 -0.090110
v -2.472800 0.387426 -0.125915
v -2.271875 0.410237 -0.090110
v -2.271875 0.387426 -0.125915
v -2.472800 0.410237 -0.090110
v -1.879446 0.387426 -0.125913
v -2.080372 0.410237 -0.090110
v -1.879446 0.410237 -0.090110
v -2.080372 0.387426 -0.125915
v -1.687940 0.387426 -0.125913
v -1.487016 0.410237 -0.090110
v -1.487016 0.387426 -0.125913
v -1.687940 0.410237 -0.090110
v -3.257654 0.387426 -0.125915
v -3.056731 0.410237 -0.090110
v -3.056731 0.387426 -0.125915
v -3.257654 0.410237 -0.090110
v -2.664303 0.544281 0.141948
v -2.865228 0.544281 0.141948
v -2.865228 0.560401 0.172913
v -2.664303 0.560401 0.172913
v -2.271875 0.544281 0.141948
v -2.472800 0.544281 0.141948
v -2.472800 0.560401 0.172913
v -2.271875 0.560401 0.172913
v -2.080372 0.560401 0.172913
v -1.879446 0.544281 0.141948
v -2.080372 0.544281 0.141948
v -1.879446 0.560401 0.172913
v -1.487016 0.544281 0.141948
v -1.687940 0.544281 0.141948
v -1.687940 0.560401 0.172913
v -1.487016 0.560401 0.172913
v -3.056731 0.544281 0.141948
v -3.257654 0.544281 0.141948
v -3.257654 0.560401 0.172913
v -3.056731 0.560401 0.172913
v -1.687940 0.387426 0.125913
v -1.708034 0.447584 0.119129
v -1.708034 0.428611 0.148910
v -1.687940 0.410237 0.090109
v -2.100462 0.587952 -0.123858
v -2.251782 0.587952 -0.123858
v -2.080372 0.544281 -0.141948
v -2.081144 0.629943 -0.106466
v -2.271099 0.629943 -0.106466
v -2.271875 0.544281 -0.141948
v -1.293777 0.523478 -0.150565
v -1.879446 0.544281 -0.141948
v -3.365777 0.523478 -0.150565
v -2.472800 0.544281 -0.141948
v -1.687940 0.544281 -0.141948
v -1.487016 0.544281 -0.141948
v -1.708034 0.587952 -0.123858
v -1.466925 0.587952 -0.123858
v -1.293777 0.629943 -0.106466
v -1.486243 0.629943 -0.106466
v -1.859353 0.587952 -0.123858
v -1.688716 0.629943 -0.106466
v -1.878671 0.629943 -0.106466
v -2.644210 0.587952 -0.123858
v -2.492890 0.587952 -0.123858
v -2.473572 0.629943 -0.106466
v -2.663527 0.629943 -0.106466
v -2.664303 0.544281 -0.141948
v -2.865228 0.544281 -0.141948
v -3.056731 0.544281 -0.141948
v -3.257654 0.544281 -0.141948
v -3.036638 0.587952 -0.123858
v -3.277747 0.587952 -0.123858
v -3.365777 0.629943 -0.106466
v -3.258428 0.629943 -0.106466
v -2.885318 0.587952 -0.123858
v -2.865999 0.629943 -0.106466
v -3.055956 0.629943 -0.106466
v -1.687940 0.387426 -0.125913
v -1.708034 0.447584 -0.119129
v -1.687940 0.410237 -0.090110
v -1.708034 0.428611 -0.148910
v 0.436575 0.474648 -0.167981
v -0.394498 0.474648 -0.167981
v -0.394498 0.474648 -0.016048
v 0.436575 0.474648 -0.016048
v 1.049639 0.474648 -0.167981
v 0.672441 0.474648 -0.167981
v 0.672441 0.474648 -0.016048
v 1.049639 0.474648 -0.016048
v 0.672441 0.474648 -0.167981
v 0.436575 0.474648 -0.167981
v 0.436575 0.474648 -0.016048
v 0.672441 0.474648 -0.016048
v -3.365777 0.629943 0.106466
v -3.277747 0.587952 0.123858
v -3.365777 0.523478 0.150565
v -3.258428 0.629943 0.106466
v -3.257654 0.544281 0.141948
v -3.056731 0.544281 0.141948
v -2.865228 0.544281 0.141948
v -3.036638 0.587952 0.123858
v -2.885318 0.587952 0.123858
v -2.865999 0.629943 0.106466
v -3.055956 0.629943 0.106466
v -2.664303 0.544281 0.141948
v -2.472800 0.544281 0.141948
v -2.644210 0.587952 0.123858
v -2.271875 0.544281 0.141948
v -2.492890 0.587952 0.123858
v -2.473572 0.629943 0.106466
v -2.663527 0.629943 0.106466
v -1.293777 0.523478 0.150565
v -2.080372 0.544281 0.141948
v -2.251782 0.587952 0.123858
v -2.100462 0.587952 0.123858
v -2.081144 0.629943 0.106466
v -2.271099 0.629943 0.106466
v -1.879446 0.544281 0.141948
v -1.687940 0.544281 0.141948
v -1.708034 0.587952 0.123858
v -1.487016 0.544281 0.141948
v -1.859353 0.587952 0.123858
v -1.688716 0.629943 0.106466
v -1.878671 0.629943 0.106466
v -1.466925 0.587952 0.123858
v -1.293777 0.629943 0.106466
v -1.486243 0.629943 0.106466
v -1.487016 0.630851 -0.104276
v -1.487016 0.647745 -0.136733
v -1.486243 0.629943 -0.106466
v -1.466925 0.604074 -0.154822
v -1.466925 0.587952 -0.123858
v -1.487016 0.560401 -0.172914
v -1.487016 0.544281 -0.141948
v -1.466925 0.604074 0.154822
v -1.486243 0.629943 0.106466
v -1.466925 0.587952 0.123858
v -1.487016 0.647745 0.136732
v -1.487016 0.630851 0.104276
v -1.487016 0.560401 0.172913
v -1.487016 0.544281 0.141948
v -1.466925 0.447584 -0.119129
v -1.487016 0.472788 -0.167210
v -1.466925 0.428611 -0.148910
v -1.487016 0.491762 -0.137428
v -1.487016 0.387426 -0.125913
v -1.466925 0.447584 -0.119129
v -1.487016 0.410237 -0.090110
v -1.466925 0.447584 0.119129
v -1.487016 0.472788 0.167210
v -1.487016 0.491762 0.137428
v -1.466925 0.428611 0.148910
v -1.466925 0.447584 0.119129
v -1.487016 0.387426 0.125913
v -1.487016 0.410237 0.090109
v -2.080372 0.630851 0.104276
v -2.080372 0.647748 0.136732
v -2.081144 0.629943 0.106466
v -1.879446 0.630851 0.104276
v -1.879446 0.647748 0.136732
v -2.100462 0.604074 0.154822
v -2.100462 0.587952 0.123858
v -2.080372 0.560401 0.172913
v -2.080372 0.544281 0.141948
v -2.472800 0.472788 0.167210
v -2.492890 0.447584 0.119129
v -2.472800 0.491762 0.137428
v -2.492890 0.428611 0.148910
v -2.271875 0.472788 0.167210
v -2.271875 0.491762 0.137428
v -3.257654 0.491762 -0.137428
v -3.056731 0.491762 -0.137428
v -3.365777 0.523478 -0.150565
v -3.277747 0.447584 -0.119129
v -3.365777 0.417012 -0.106466
v -3.257654 0.410237 -0.090110
v -2.865228 0.491762 -0.137428
v -3.036638 0.447584 -0.119129
v -2.885318 0.447584 -0.119129
v -2.865228 0.410237 -0.090110
v -3.056731 0.410237 -0.090110
v -2.664303 0.491762 -0.137428
v -2.472800 0.491762 -0.137428
v -2.644210 0.447584 -0.119129
v -2.271875 0.491762 -0.137428
v -2.492890 0.447584 -0.119129
v -2.472800 0.410237 -0.090110
v -2.664303 0.410237 -0.090110
v -1.293777 0.523478 -0.150565
v -2.080372 0.491762 -0.137428
v -2.251782 0.447584 -0.119129
v -2.100462 0.447584 -0.119129
v -2.080372 0.410237 -0.090110
v -2.271875 0.410237 -0.090110
v -1.879446 0.491762 -0.137428
v -1.687940 0.491762 -0.137428
v -1.487016 0.491762 -0.137428
v -1.708034 0.447584 -0.119129
v -1.466925 0.447584 -0.119129
v -1.293777 0.417012 -0.106466
v -1.487016 0.410237 -0.090110
v -1.859353 0.447584 -0.119129
v -1.879446 0.410237 -0.090110
v -1.687940 0.410237 -0.090110
v -2.100462 0.447584 0.119129
v -2.251782 0.447584 0.119129
v -2.080372 0.491762 0.137428
v -2.080372 0.410237 0.090109
v -2.271875 0.410237 0.090109
v -2.271875 0.491762 0.137428
v -1.293777 0.523478 0.150565
v -1.879446 0.491762 0.137428
v -3.365777 0.523478 0.150565
v -2.472800 0.491762 0.137428
v -1.687940 0.491762 0.137428
v -1.487016 0.491762 0.137428
v -1.708034 0.447584 0.119129
v -1.466925 0.447584 0.119129
v -1.293777 0.417012 0.106466
v -1.487016 0.410237 0.090109
v -1.859353 0.447584 0.119129
v -1.879446 0.410237 0.090109
v -1.687940 0.410237 0.090109
v -2.644210 0.447584 0.119129
v -2.492890 0.447584 0.119129
v -2.472800 0.410237 0.090109
v -2.664303 0.410237 0.090109
v -2.664303 0.491762 0.137428
v -2.865228 0.491762 0.137428
v -3.056731 0.491762 0.137428
v -3.257654 0.491762 0.137428
v -3.036638 0.447584 0.119129
v -3.277747 0.447584 0.119129
v -3.365777 0.417012 0.106466
v -3.257654 0.410237 0.090109
v -2.885318 0.447584 0.119129
v -2.865228 0.410237 0.090109
v -3.056731 0.410237 0.090109
v -2.271875 0.410237 -0.090110
v -3.365779 0.372913 -0.000000
v -1.293777 0.372913 -0.000000
v -2.080372 0.410237 -0.090110
v -1.879446 0.410237 -0.090110
v -1.687940 0.410237 -0.090110
v -1.487016 0.410237 -0.090110
v -1.293777 0.417012 -0.106466
v -2.472800 0.410237 -0.090110
v -2.664303 0.410237 -0.090110
v -2.865228 0.410237 -0.090110
v -3.056731 0.410237 -0.090110
v -3.257654 0.410237 -0.090110
v -3.365777 0.417012 -0.106466
v -2.271875 0.410237 0.090109
v -1.293777 0.372913 -0.000000
v -3.365779 0.372913 -0.000000
v -2.080372 0.410237 0.090109
v -1.879446 0.410237 0.090109
v -1.687940 0.410237 0.090109
v -1.487016 0.410237 0.090109
v -1.293777 0.417012 0.106466
v -2.472800 0.410237 0.090109
v -2.664303 0.410237 0.090109
v -2.865228 0.410237 0.090109
v -3.056731 0.410237 0.090109
v -3.257654 0.410237 0.090109
v -3.365777 0.417012 0.106466
v -2.865228 0.472788 0.167210
v -2.885318 0.447584 0.119129
v -2.865228 0.491762 0.137428
v -2.885318 0.428611 0.148910
v -2.664303 0.472788 0.167210
v -2.664303 0.491762 0.137428
v -3.257654 0.630851 0.104276
v -3.257654 0.647748 0.136732
v -3.258428 0.629943 0.106466
v -3.056731 0.630851 0.104276
v -3.056731 0.647748 0.136732
v -3.277747 0.604074 0.154822
v -3.277747 0.587952 0.123858
v -2.472800 0.630851 0.104276
v -2.472800 0.647748 0.136732
v -2.473572 0.629943 0.106466
v -2.271875 0.630851 0.104276
v -2.271875 0.647748 0.136732
v -2.492890 0.604074 0.154822
v -2.492890 0.587952 0.123858
v -2.472800 0.560401 0.172913
v -2.472800 0.544281 0.141948
v -3.257654 0.472788 0.167210
v -3.277747 0.447584 0.119129
v -3.257654 0.491762 0.137428
v -3.277747 0.428611 0.148910
v -3.056731 0.472788 0.167210
v -3.056731 0.491762 0.137428
v -1.293777 0.674042 -0.000000
v -1.293777 0.372913 -0.000000
v -1.293777 0.523478 0.150565
v -1.293777 0.417012 0.106466
v -1.293777 0.629943 0.106466
v -1.293777 0.523478 -0.150565
v -1.293777 0.417012 -0.106466
v -1.293777 0.629943 -0.106466
v -2.080372 0.472788 -0.167210
v -2.100462 0.447584 -0.119129
v -2.100462 0.428611 -0.148910
v -2.080372 0.491762 -0.137428
v -2.865228 0.630851 0.104276
v -2.865228 0.647748 0.136732
v -2.865999 0.629943 0.106466
v -2.664303 0.630851 0.104276
v -2.664303 0.647748 0.136732
v -2.885318 0.604074 0.154822
v -2.885318 0.587952 0.123858
v -2.865228 0.560401 0.172913
v -2.865228 0.544281 0.141948
v -2.080372 0.387426 0.125914
v -2.100462 0.447584 0.119129
v -2.100462 0.428611 0.148910
v -2.080372 0.410237 0.090109
v -2.080372 0.387426 -0.125915
v -2.100462 0.447584 -0.119129
v -2.080372 0.410237 -0.090110
v -2.100462 0.428611 -0.148910
v -2.080372 0.647748 -0.136733
v -2.081144 0.629943 -0.106466
v -2.100462 0.604074 -0.154822
v -2.080372 0.630851 -0.104276
v -2.100462 0.587952 -0.123858
v -2.080372 0.560401 -0.172914
v -2.080372 0.544281 -0.141948
v 0.933751 0.946309 -0.000000
v 1.135542 0.997882 0.124508
v 1.135542 0.946309 -0.000000
v 0.933751 0.997882 0.124508
v 1.135542 1.122389 0.176080
v 0.933751 1.122389 0.176080
v 0.933751 0.997882 -0.124508
v 1.135542 0.997882 -0.124508
v 0.933751 1.122389 -0.176081
v 1.135542 1.122389 -0.176081
v 0.933751 1.246899 -0.124508
v 1.135542 1.246899 -0.124508
v 0.933751 1.298474 -0.000000
v 1.135542 1.298474 -0.000000
v 0.933751 1.246899 0.124508
v 1.135542 1.246899 0.124508
v 0.933751 1.122389 0.176080
v 1.135542 1.122389 0.176080
v 0.436575 0.623586 -0.146740
v 0.672441 0.560798 -0.172749
v 0.672441 0.560798 -0.016048
v 0.436575 0.623586 -0.016050
v 2.022861 -0.005031 -0.127582
v 2.022861 -0.005031 0.127582
v 2.211224 -0.005031 -0.127582
v 2.211224 -0.005031 0.127582
v 1.551945 0.089149 -0.127582
v 1.551945 0.089149 0.127582
v 1.410672 0.387397 -0.127584
v 1.410672 0.387397 0.127582
v 2.211224 -0.005031 0.127582
v 2.211224 0.418791 0.153098
v 2.211224 0.418791 -0.153100
v -2.472800 0.472788 -0.167210
v -2.492890 0.447584 -0.119129
v -2.492890 0.428611 -0.148910
v -2.472800 0.491762 -0.137428
v -2.472800 0.387426 -0.125915
v -2.492890 0.447584 -0.119129
v -2.472800 0.410237 -0.090110
v -2.492890 0.428611 -0.148910
v -2.472800 0.387426 0.125914
v -2.492890 0.447584 0.119129
v -2.492890 0.428611 0.148910
v -2.472800 0.410237 0.090109
v -2.472800 0.647748 -0.136733
v -2.473572 0.629943 -0.106466
v -2.492890 0.604074 -0.154822
v -2.472800 0.630851 -0.104276
v -2.492890 0.587952 -0.123858
v -2.472800 0.560401 -0.172914
v -2.472800 0.544281 -0.141948
v 1.379278 -0.083519 -0.127582
v 1.159517 0.387397 0.127582
v 1.159517 0.387397 -0.127584
v 1.379278 -0.083519 0.127582
v 1.355402 -0.171450 -0.127582
v 1.355402 -0.171450 0.127584
v 1.408124 -0.257598 -0.127582
v 1.408124 -0.257598 0.127584
v 1.513034 -0.262440 -0.127582
v 1.513034 -0.262440 0.127584
v 1.614735 -0.209094 -0.127582
v 1.614735 -0.209094 0.127584
v 1.740310 -0.209094 -0.127582
v 1.740310 -0.209094 0.127584
v 2.195528 -0.271885 -0.127582
v 2.195528 -0.271885 0.127584
v 2.352500 -0.271885 -0.127582
v 2.352500 -0.271885 0.127584
v -2.865228 0.472788 -0.167210
v -2.885318 0.447584 -0.119129
v -2.885318 0.428611 -0.148910
v -2.865228 0.491762 -0.137428
v -2.865228 0.387426 -0.125915
v -2.885318 0.447584 -0.119129
v -2.865228 0.410237 -0.090110
v -2.885318 0.428611 -0.148910
v -2.865228 0.387426 0.125914
v -2.885318 0.447584 0.119129
v -2.885318 0.428611 0.148910
v -2.865228 0.410237 0.090109
v -2.865228 0.647748 -0.136733
v -2.865999 0.629943 -0.106466
v -2.885318 0.604074 -0.154822
v -2.865228 0.630851 -0.104276
v -2.885318 0.587952 -0.123858
v -2.865228 0.560401 -0.172914
v -2.865228 0.544281 -0.141948
v -3.257654 0.647748 -0.136733
v -3.258428 0.629943 -0.106466
v -3.277747 0.604074 -0.154822
v -3.277747 0.587952 -0.123858
v -3.257654 0.630851 -0.104276
v -3.257654 0.472788 -0.167210
v -3.277747 0.447584 -0.119129
v -3.277747 0.428611 -0.148910
v -3.257654 0.491762 -0.137428
v -3.277747 0.587952 -0.123858
v -3.257654 0.560401 -0.172914
v -3.277747 0.604074 -0.154822
v -3.257654 0.544281 -0.141948
v -3.257654 0.387426 -0.125915
v -3.277747 0.447584 -0.119129
v -3.257654 0.410237 -0.090110
v -3.277747 0.428611 -0.148910
v -3.277747 0.587952 0.123858
v -3.257654 0.560401 0.172913
v -3.257654 0.544281 0.141948
v -3.277747 0.604074 0.154822
v -3.257654 0.387426 0.125914
v -3.277747 0.447584 0.119129
v -3.277747 0.428611 0.148910
v -3.257654 0.410237 0.090109
v 1.049639 0.523478 -0.188207
v 1.049639 0.525706 -0.016048
v 1.008203 0.560798 -0.172749
v 1.008203 0.560798 -0.016048
v 0.410246 -0.512802 -0.125053
v 0.410246 -0.512802 0.125053
v 0.390344 -0.428670 -0.125053
v 0.390344 -0.428670 0.125053
v 0.422457 -0.376654 0.125053
v 0.277886 0.234517 0.125053
v 0.422457 -0.376654 -0.125053
v 0.277886 0.234517 -0.125053
v 0.390344 -0.428670 -0.125053
v 0.390344 -0.428670 0.125053
v 0.422457 -0.376654 -0.125053
v 0.422457 -0.376654 0.125053
v 0.930756 1.122389 -0.197052
v 0.347571 1.027156 -0.095234
v 0.347571 1.122389 -0.134682
v 0.347571 1.217624 -0.095234
v 0.930756 0.983052 -0.139337
v 0.930756 1.261728 -0.139337
v 0.930756 0.925337 -0.000000
v 0.930756 1.319443 -0.000000
v 0.347571 0.987709 -0.000000
v 0.347571 1.257071 -0.000000
v 0.347571 1.027156 0.095234
v 0.347571 1.217624 0.095234
v 0.930756 0.983052 0.139337
v 0.930756 1.122389 0.197052
v 0.347571 1.122389 0.134681
v 0.930756 1.261728 0.139337
v 0.930756 1.122389 0.197052
v 0.347571 1.122389 0.134681
v 0.930756 1.279831 -0.157440
v 0.930756 1.319443 -0.000000
v 0.930756 1.345044 -0.000000
v 0.930756 1.279831 0.157440
v 0.930756 1.261728 -0.139337
v 0.930756 1.261728 0.139337
v 0.930756 1.122389 0.222655
v 0.930756 1.122389 0.197052
v 0.930756 1.122389 -0.222655
v 0.930756 1.122389 -0.197052
v 0.930756 0.983052 -0.139337
v 0.930756 0.964949 -0.157440
v 0.930756 0.899735 -0.000000
v 0.930756 0.925337 -0.000000
v 0.930756 0.983052 0.139337
v 0.930756 0.964949 0.157440
v 0.930756 1.122389 0.222655
v 0.930756 1.122389 0.197052
v 1.049639 0.474648 -0.167981
v 1.049639 0.525706 -0.016048
v 1.049639 0.523478 -0.188207
v 1.049639 0.474648 -0.016048
vn -1.0000 0.0005 0.0005
vn -0.4556 0.8902 0.0005
vn -0.4556 0.6295 -0.6294
vn -1.0000 0.0005 0.0004
vn -0.4556 0.6294 -0.6295
vn -0.4556 0.0007 -0.8902
vn -1.0000 0.0005 0.0001
vn -0.4556 0.6295 0.6294
vn -0.4556 0.8902 0.0007
vn -0.4556 0.0007 0.8902
vn -0.4556 0.6294 0.6295
vn -0.4556 -0.6294 0.6295
vn -0.4556 0.0005 0.8902
vn -0.4556 -0.8902 0.0007
vn -0.4556 -0.6295 0.6294
vn -1.0000 0.0005 0.0007
vn -0.4556 -0.6295 -0.6294
vn -0.4556 -0.8902 0.0005
vn -1.0000 0.0001 0.0005
vn -0.4556 0.0003 -0.8902
vn -0.4556 -0.6294 -0.6295
vn -1.0000 0.0003 0.0005
vn 1.0000 0.0005 0.0005
vn 0.9451 -0.3268 -0.0000
vn 0.5711 -0.8209 -0.0000
vn 0.9451 -0.3268 0.0004
vn 0.9562 0.2926 0.0005
vn 0.9561 0.2929 -0.0000
vn 0.9732 0.2301 0.0003
vn 0.9732 0.2300 0.0003
vn 0.9731 0.2302 -0.0000
vn 0.9732 0.2299 0.0006
vn -1.0000 -0.0000 -0.0000
vn 0.2301 -0.9732 0.0003
vn 0.2300 -0.9732 0.0003
vn 0.2302 -0.9731 -0.0000
vn -0.3989 -0.8133 -0.4235
vn -0.5367 -0.7487 -0.3892
vn -0.9199 -0.3479 -0.1811
vn -0.9998 -0.0193 -0.0101
vn -0.9998 0.0194 0.0101
vn -0.5650 0.7321 0.3805
vn -0.5367 0.7487 0.3892
vn -0.9998 -0.0189 0.0103
vn -0.9197 -0.3482 0.1812
vn -0.9998 0.0194 -0.0101
vn -0.5367 -0.7486 0.3893
vn -0.3989 -0.8134 0.4234
vn -0.5650 0.7322 -0.3804
vn -0.5367 0.7487 -0.3892
vn -1.0000 -0.0083 0.0054
vn -0.5780 -0.6884 0.4382
vn -0.9996 0.0249 -0.0161
vn -0.5212 -0.7196 0.4588
vn -0.5416 0.7088 -0.4519
vn -0.5359 0.7119 -0.4539
vn -1.0000 -0.0083 -0.0054
vn -0.5780 -0.6884 -0.4383
vn -0.5212 -0.7197 -0.4588
vn -0.9996 0.0249 0.0161
vn -0.5417 0.7088 0.4519
vn -0.5360 0.7118 0.4539
vn 0.7071 0.7071 0.0005
vn 0.7808 -0.6248 0.0005
vn 0.7808 0.6248 0.0005
vn 0.7071 -0.7071 -0.0000
vn -0.5367 -0.7486 -0.3892
vn -0.9198 -0.3481 -0.1813
vn -0.5417 0.7088 -0.4519
vn -1.0000 -0.0083 0.0053
vn -0.9198 -0.3481 0.1813
vn -0.3989 -0.8133 0.4235
vn -0.3990 -0.8133 -0.4235
vn -0.9197 -0.3482 -0.1813
vn -0.9998 -0.0193 0.0101
vn 0.0003 -0.7071 0.7071
vn -0.0000 -0.7071 0.7071
vn 0.0005 0.0003 1.0000
vn 0.0005 -1.0000 0.0005
vn -0.0000 -0.7071 -0.7071
vn 0.0005 0.0005 -1.0000
vn -0.0000 0.7071 -0.7071
vn 0.0005 1.0000 0.0005
vn -0.0000 0.7071 0.7071
vn 0.0005 0.0005 1.0000
vn 0.0005 0.0002 1.0000
vn 0.0005 -0.7071 0.7071
vn -0.0542 0.0005 0.9985
vn -0.0542 -0.7060 0.7061
vn 0.0003 -1.0000 0.0003
vn -0.0542 -0.7062 0.7060
vn -0.0542 -0.9985 0.0005
vn 0.0005 -0.7071 -0.7071
vn -0.0542 -0.7062 -0.7060
vn 0.0003 0.0003 -1.0000
vn -0.0542 -0.7060 -0.7061
vn -0.0542 0.0005 -0.9985
vn 0.0005 0.7071 -0.7071
vn -0.0542 0.7060 -0.7062
vn 0.0003 1.0000 0.0003
vn -0.0542 0.7062 -0.7060
vn -0.0542 0.9985 0.0005
vn 0.0005 0.7071 0.7071
vn -0.0542 0.7063 0.7059
vn -0.0542 0.7060 0.7062
vn 0.0892 0.7043 0.7043
vn 0.0445 0.0005 0.9990
vn 0.0894 0.0005 0.9960
vn 0.0441 0.7064 0.7064
vn 0.0441 0.9990 -0.0000
vn 0.0893 0.9960 0.0003
vn 0.0892 0.7043 -0.7043
vn 0.0441 0.7064 -0.7064
vn 0.0444 0.0004 -0.9990
vn 0.0894 0.0005 -0.9960
vn 0.0898 -0.7043 -0.7043
vn 0.0441 -0.7064 -0.7064
vn 0.0441 -0.9990 -0.0000
vn 0.0893 -0.9960 0.0003
vn 0.0892 -0.7043 0.7043
vn 0.0441 -0.7064 0.7064
vn 0.0005 0.0004 1.0000
vn 0.0445 0.0004 0.9990
vn -0.3988 -0.8134 -0.4235
vn -0.9998 -0.0194 -0.0101
vn -0.9198 0.3481 0.1812
vn -0.5417 0.7088 -0.4518
vn -0.5360 0.7119 -0.4539
vn -0.9998 -0.0194 0.0101
vn -0.9199 -0.3479 0.1811
vn -0.5367 -0.7487 0.3892
vn -0.3989 -0.8134 0.4235
vn -0.9196 0.3486 -0.1812
vn -0.9198 0.3481 -0.1812
vn -0.0000 0.0005 -1.0000
vn -0.0000 0.0003 -1.0000
vn 0.0005 0.0003 -1.0000
vn 0.0005 -0.8425 0.5387
vn 0.0083 -0.8418 0.5398
vn 0.0034 -0.7110 0.7032
vn 0.0005 -1.0000 0.0002
vn -0.0005 -0.8290 -0.5592
vn 0.0005 -1.0000 0.0004
vn -0.0005 -0.7125 -0.7017
vn 0.0005 -0.8425 -0.5387
vn 0.0005 -0.8285 0.5600
vn -0.0005 -0.7120 0.7022
vn -0.0005 -0.0074 1.0000
vn 0.0132 -0.4305 0.9025
vn -0.0005 -0.3963 0.9181
vn -0.0005 -0.4423 0.8969
vn -0.0005 -0.4431 -0.8965
vn 0.0083 -0.8418 -0.5398
vn 0.0034 -0.7120 -0.7022
vn -0.0005 -0.3983 -0.9173
vn 0.0132 -0.4313 -0.9021
vn 0.0034 -0.7119 -0.7023
vn -0.0005 -0.0083 -1.0000
vn -0.0005 -0.8289 -0.5593
vn -0.0005 -0.7124 -0.7018
vn -0.0005 0.0777 -0.9970
vn -0.0005 -0.0082 -1.0000
vn -0.0000 0.3827 -0.9239
vn 0.0004 0.3825 -0.9239
vn 0.0005 0.3826 -0.9239
vn 0.0006 0.3826 -0.9239
vn 0.0003 0.3827 -0.9239
vn -0.0000 0.3826 -0.9239
vn 0.0008 0.3826 -0.9239
vn -0.0000 0.3830 -0.9238
vn 0.0003 0.3826 -0.9239
vn 0.0083 -0.8417 0.5398
vn -0.0000 0.3827 0.9239
vn -0.0005 -0.0073 1.0000
vn 0.0005 0.3826 0.9239
vn -0.0000 0.3826 0.9239
vn 0.0003 0.3826 0.9239
vn 0.0006 0.3826 0.9239
vn 0.0009 0.3826 0.9239
vn -0.0004 -0.0073 1.0000
vn 0.0003 0.3827 0.9239
vn 0.0007 0.3826 0.9239
vn 0.0083 -0.8417 -0.5398
vn 0.0034 -0.7118 -0.7023
vn -0.9305 -0.3663 -0.0000
vn -0.4817 -0.8763 -0.0000
vn -0.4824 -0.8760 0.0006
vn 0.1405 -0.9901 0.0002
vn 0.4500 -0.8930 -0.0000
vn 0.0007 0.3826 -0.9239
vn -0.0004 -0.0083 -1.0000
vn 0.0006 0.3824 -0.9240
vn 0.0004 0.3825 -0.9240
vn 0.0003 -0.0297 0.9996
vn -0.0000 -0.0200 0.9998
vn 0.0005 -0.0601 0.9982
vn -0.0000 -0.0000 1.0000
vn -0.0000 -0.0200 -0.9998
vn 0.0004 -0.0298 -0.9996
vn 0.0006 -0.0601 -0.9982
vn 0.0003 -0.0601 -0.9982
vn -0.0000 -0.0000 -1.0000
vn 0.0004 0.7071 -0.7071
vn -0.0005 -0.0081 -1.0000
vn 0.0005 1.0000 0.0004
vn 0.0005 0.0006 1.0000
vn -0.3512 -0.9363 -0.0000
vn -0.1295 -0.9916 0.0005
vn -0.3785 -0.9256 0.0024
vn -0.1255 -0.9921 0.0005
vn 0.5213 -0.7196 0.4587
vn 0.5781 -0.6882 0.4384
vn -0.5213 -0.7197 0.4585
vn -0.3990 -0.8133 0.4235
vn 0.0005 -0.8870 0.4618
vn 0.0004 -0.8869 0.4619
vn -0.5367 -0.7485 0.3896
vn 0.5777 -0.6884 -0.4386
vn 1.0000 -0.0083 -0.0054
vn 0.5211 -0.7198 -0.4586
vn 0.9996 0.0249 0.0161
vn -0.5781 -0.6882 -0.4384
vn -0.5213 -0.7196 -0.4587
vn -0.3990 -0.8134 -0.4234
vn 0.5367 -0.7484 -0.3896
vn 0.3990 -0.8133 -0.4235
vn 0.0005 -0.8870 -0.4618
vn 0.0004 -0.8869 -0.4619
vn -0.1295 -0.9916 -0.0000
vn 0.7071 -0.7071 0.0005
vn -0.1343 -0.9909 0.0005
vn 0.7809 -0.6246 -0.0000
vn 0.5780 -0.6884 0.4383
vn 1.0000 -0.0083 0.0054
vn 0.9996 0.0249 -0.0161
vn -0.0000 -0.9238 0.3828
vn -0.0000 -1.0000 0.0005
vn 0.0007 -0.9239 0.3826
vn 0.0004 -0.9239 0.3827
vn 0.0006 -0.9239 0.3826
vn -0.0000 -0.9237 0.3831
vn -0.0000 -0.9239 0.3827
vn 0.0005 -0.9239 0.3826
vn 0.0003 -0.9239 0.3826
vn 0.0004 -0.9239 0.3826
vn 0.0005 -1.0000 0.0006
vn -0.0000 -0.9237 0.3830
vn 0.0004 -0.9239 0.3825
vn 0.0006 -0.9239 0.3825
vn 0.0006 -0.9240 0.3825
vn 0.0006 -0.9239 -0.3826
vn -0.0000 -0.9238 -0.3828
vn 0.0006 -0.9239 -0.3825
vn -0.0000 -0.9239 -0.3827
vn -0.0000 -0.9237 -0.3830
vn 0.0005 -0.9239 -0.3826
vn -0.0000 -0.9239 -0.3826
vn 0.0006 -0.9240 -0.3825
vn 0.9198 -0.3481 -0.1812
vn 0.9197 -0.3482 -0.1812
vn 0.9998 -0.0194 -0.0101
vn 0.9196 -0.3486 -0.1813
vn 0.9998 0.0194 0.0101
vn 0.5651 0.7321 0.3804
vn 0.5367 0.7487 0.3892
vn 0.9197 -0.3483 0.1813
vn 0.9198 -0.3481 0.1812
vn 0.9197 -0.3482 0.1812
vn 0.9998 -0.0194 0.0101
vn 0.9998 0.0194 -0.0101
vn 0.5651 0.7321 -0.3805
vn 0.5367 0.7487 -0.3892
vn -0.5367 0.7486 0.3892
vn -0.5651 0.7318 0.3810
vn 0.5367 0.7484 0.3896
vn 0.0005 0.8870 0.4618
vn -0.0000 0.8870 0.4618
vn 0.0006 0.8870 0.4618
vn -0.5360 0.7120 0.4536
vn 0.5360 0.7118 0.4539
vn 0.5417 0.7089 0.4516
vn -0.5417 0.7088 0.4518
vn -0.5417 0.7087 0.4519
vn 0.5417 0.7088 -0.4518
vn -0.5360 0.7118 -0.4539
vn -0.5417 0.7089 -0.4516
vn 0.5360 0.7120 -0.4536
vn -0.5417 0.7089 -0.4517
vn 0.5417 0.7088 -0.4519
vn -0.5367 0.7484 -0.3896
vn 0.5367 0.7486 -0.3892
vn 0.5651 0.7318 -0.3810
vn -0.5651 0.7321 -0.3804
vn 0.0005 0.8870 -0.4618
vn -0.0000 0.8870 -0.4618
vn 0.0006 0.8870 -0.4618
vn 0.5417 0.7088 0.4518
vn 0.9996 0.0250 0.0161
vn 0.5359 0.7119 0.4539
vn -0.0000 -0.3827 0.9239
vn 0.0003 -0.3826 0.9239
vn -0.0000 0.0317 0.9995
vn 0.0005 0.0317 0.9995
vn 0.0006 -0.3826 0.9239
vn 0.0005 -0.3826 0.9239
vn 0.5359 0.7119 -0.4539
vn 0.9996 0.0250 -0.0161
vn 0.7809 0.6246 0.0005
vn 0.7071 0.7071 -0.0000
vn -0.7809 0.6246 -0.0000
vn -0.7071 0.7071 0.0005
vn -0.0000 -0.3827 -0.9239
vn -0.0000 0.0317 -0.9995
vn 0.0003 -0.3826 -0.9239
vn 0.0005 -0.3826 -0.9239
vn 0.0005 0.0317 -0.9995
vn -0.5366 -0.7487 -0.3892
vn -0.9198 -0.3481 -0.1811
vn -0.9198 -0.3481 0.1812
vn -0.5366 -0.7487 0.3892
vn -0.5212 -0.7196 0.4589
vn 0.3989 -0.8133 0.4237
vn 0.5367 -0.7484 0.3897
vn 0.9199 -0.3480 0.1811
vn -0.5367 -0.7484 0.3896
vn 0.9998 0.0193 -0.0101
vn 0.5650 0.7321 -0.3805
vn 0.0005 0.4411 0.8975
vn -0.0000 0.0319 0.9995
vn 0.0005 0.4411 0.8974
vn 0.0005 0.7061 0.7081
vn 0.0005 0.8406 0.5417
vn 0.0005 0.4412 0.8974
vn 0.0005 0.8348 0.5506
vn 0.0005 0.0319 0.9995
vn 0.0005 0.7163 0.6978
vn 0.0005 0.8379 0.5458
vn 0.0005 0.4412 -0.8974
vn 0.0005 0.4411 -0.8975
vn 0.0005 0.8347 -0.5506
vn -0.0000 0.0319 -0.9995
vn 0.0005 0.0319 -0.9995
vn 0.0005 0.7163 -0.6978
vn 0.0005 0.8379 -0.5458
vn 0.0005 0.4411 -0.8974
vn 0.0005 0.7061 -0.7081
vn 0.0005 0.8406 -0.5417
vn 0.0005 0.8349 0.5504
vn 0.0005 1.0000 0.0006
vn -0.0000 1.0000 0.0006
vn 0.0005 0.8380 0.5456
vn 0.0005 0.7164 0.6977
vn 0.0005 0.8407 0.5416
vn -0.0000 0.7061 0.7081
vn 0.0005 0.8349 -0.5504
vn 0.0005 1.0000 0.0003
vn -0.0000 1.0000 0.0003
vn 0.0005 0.8380 -0.5456
vn -0.0000 0.7164 -0.6977
vn 0.0005 0.8406 -0.5416
vn 0.5780 -0.6884 -0.4382
vn 0.5212 -0.7196 -0.4588
vn 0.3989 -0.8133 0.4236
vn 0.5366 -0.7485 0.3896
vn 0.9199 -0.3478 0.1811
vn 0.9998 -0.0191 0.0103
vn 0.9998 0.0190 -0.0102
vn 0.3989 -0.8132 0.4237
vn 0.9198 -0.3480 0.1811
vn 0.3992 -0.8132 0.4235
vn 0.9198 -0.3481 0.1811
vn 0.5366 0.7487 -0.3892
vn 0.5417 0.7088 0.4519
vn 0.9996 0.0249 0.0162
vn 0.5367 -0.7486 -0.3893
vn 0.9199 -0.3479 -0.1811
vn 0.3989 -0.8133 -0.4235
vn 0.9998 0.0193 0.0101
vn -0.0000 0.0004 -1.0000
vn 0.0005 0.0004 -1.0000
vn -0.1345 -0.9909 0.0005
vn -0.1256 -0.9921 0.0005
vn -0.1296 -0.9916 0.0005
vn 0.0981 0.9952 0.0006
vn 0.0983 0.9952 0.0004
vn -0.7208 0.6931 -0.0000
vn -0.7208 0.6931 0.0005
vn 0.6153 0.7883 0.0005
vn 0.9036 0.4283 0.0003
vn 0.9036 0.4284 0.0003
vn -0.7206 0.6934 0.0005
vn 0.5213 -0.7197 0.4587
vn 0.5367 -0.7486 -0.3892
vn 0.9198 -0.3480 -0.1811
vn -0.9963 -0.0856 -0.0000
vn -0.9063 -0.4226 0.0006
vn -0.9900 -0.1412 0.0005
vn -0.9899 -0.1415 -0.0000
vn -0.5089 -0.8609 -0.0000
vn -0.5089 -0.8608 -0.0000
vn 0.2168 -0.9762 -0.0000
vn 0.2167 -0.9762 -0.0000
vn 0.2392 -0.9710 -0.0000
vn -0.0688 -0.9976 0.0005
vn -0.0687 -0.9976 0.0003
vn -0.0685 -0.9977 -0.0000
vn -0.0689 -0.9976 0.0005
vn 0.5367 -0.7487 -0.3892
vn 0.9198 -0.3481 -0.1811
vn 0.9998 -0.0191 -0.0103
vn 0.9998 0.0190 0.0102
vn 0.3989 -0.8134 -0.4235
vn 0.5212 -0.7196 0.4588
vn 0.9998 0.0191 0.0103
vn 0.9198 0.3481 0.1812
vn 0.9998 -0.0190 -0.0102
vn 0.5360 0.7118 -0.4539
vn 0.9998 0.0192 -0.0103
vn 0.9198 0.3481 -0.1812
vn 0.9998 -0.0190 0.0102
vn 0.5360 0.7119 0.4539
vn -0.9026 -0.4305 0.0025
vn -0.9090 -0.4168 0.0019
vn -0.3788 -0.9255 0.0024
vn -0.3512 -0.9363 0.0024
vn -0.9732 -0.2301 0.0003
vn -0.9731 -0.2302 -0.0000
vn -0.9732 -0.2300 0.0004
vn -0.9732 -0.2299 0.0005
vn -0.9732 -0.2300 0.0005
vn -0.8509 0.5253 -0.0000
vn -0.8509 0.5254 0.0003
vn -0.8508 0.5254 0.0005
vn -0.1062 0.0003 -0.9943
vn -0.0543 -0.7061 -0.7061
vn -0.0543 0.7061 -0.7061
vn -0.1063 -0.7031 -0.7031
vn -0.1063 0.7031 -0.7031
vn -0.1062 -0.9943 0.0003
vn -0.1063 0.9943 -0.0000
vn -0.0543 -0.7061 0.7061
vn -0.0543 0.7061 0.7061
vn -0.1058 -0.7031 0.7031
vn -0.1060 0.0004 0.9944
vn -0.0542 0.0004 0.9985
vn -0.1063 0.7031 0.7031
vn -0.1060 0.0005 0.9944
vn -0.7808 0.6247 0.0005
vn -0.9091 -0.4167 0.0025
vn -0.7071 0.7071 -0.0000
vt 0.375000 1.000000
vt 0.500000 1.000000
vt 0.625000 1.000000
vt 0.250000 1.000000
vt 0.750000 1.000000
vt 0.125000 1.000000
vt 0.875000 1.000000
vt 0.000000 1.000000
vt 1.000000 1.000000
vt 0.125000 0.500000
vt 0.250000 0.500000
vt 0.375000 0.500000
vt 0.000000 0.500000
vt 0.500000 0.500000
vt 0.625000 0.500000
vt 0.750000 0.500000
vt 0.875000 0.500000
vt 1.000000 0.500000
vt 0.625000 0.750000
vt 0.625000 0.250000
vt 0.375000 0.000000
vt 0.375000 0.250000
vt 0.625000 0.000000
vt 0.562500 1.000000
vt 0.425976 0.000000
vt 0.425976 0.250000
vt 0.125000 0.750000
vt 0.375000 0.750000
vt 0.625000 0.158302
vt 0.625000 0.131979
vt 0.620181 0.157206
vt 0.500000 0.134943
vt 0.500000 0.160055
vt 0.375000 0.137906
vt 0.375000 0.163019
vt 0.500000 0.158894
vt 0.625000 0.139464
vt 0.500000 0.133491
vt 0.625000 0.164867
vt 0.375000 0.131525
vt 0.413497 0.154760
vt 0.375000 0.541576
vt 0.375000 0.534238
vt 0.375000 0.537997
vt 0.875000 0.750000
vt 1.000000 0.750000
vt 0.750000 0.750000
vt 0.500000 0.750000
vt 0.250000 0.750000
vt 0.000000 0.750000
vt 0.413498 0.154760
vt 0.625000 0.900819
vt 0.631733 0.918451
vt 0.631733 0.884472
vt 0.625000 0.934798
vt 0.625000 0.866840
vt 0.631733 0.952430
vt 0.625000 0.968777
vt 0.631733 0.850493
vt 0.631733 0.986409
vt 0.625000 0.832861
vt 0.589106 0.988148
vt 0.547611 0.986409
vt 0.547611 0.969011
vt 0.547611 0.952430
vt 0.589106 0.967272
vt 0.589106 0.954169
vt 0.547611 0.935033
vt 0.547611 0.918451
vt 0.589106 0.933293
vt 0.589106 0.920191
vt 0.547611 0.901054
vt 0.547611 0.884472
vt 0.589106 0.899314
vt 0.589106 0.886212
vt 0.547611 0.867075
vt 0.625000 0.952665
vt 0.625000 0.918686
vt 0.625000 0.884707
vt 0.589106 0.852233
vt 0.589106 0.865335
vt 0.625000 0.850728
vt 0.547611 0.850493
vt 0.547611 0.833096
vt 0.589106 0.831357
vt 0.562500 0.500000
vt 0.500000 0.692288
vt 0.544860 0.692239
vt 0.545337 0.599916
vt 0.545443 0.579498
vt 0.545615 0.546847
vt 0.500000 0.546859
vt 0.497908 0.546859
vt 0.464942 0.550446
vt 0.405967 0.599941
vt 0.464941 0.579519
vt 0.383278 0.833096
vt 0.405961 0.692288
vt 0.424299 0.831357
vt 0.465320 0.833096
vt 0.465320 0.850493
vt 0.442957 0.866127
vt 0.424299 0.852233
vt 0.412071 0.851714
vt 0.424299 0.865335
vt 0.383278 0.867075
vt 0.405194 0.885402
vt 0.424299 0.899314
vt 0.383278 0.901054
vt 0.405194 0.919381
vt 0.424299 0.933293
vt 0.383278 0.935033
vt 0.405193 0.953359
vt 0.424299 0.967272
vt 0.383278 0.969011
vt 0.383278 0.986409
vt 0.424299 0.988148
vt 0.625000 0.986643
vt 0.375000 0.271975
vt 0.424299 0.954170
vt 0.442957 0.968063
vt 0.424299 0.886212
vt 0.442957 0.900105
vt 0.424299 0.920191
vt 0.442957 0.934084
vt 0.465320 0.952430
vt 0.465320 0.918451
vt 0.465320 0.884472
vt 0.465320 0.986409
vt 0.146975 0.500000
vt 0.146975 0.750000
vt 0.375000 0.978025
vt 0.425976 1.000000
vt 1.000000 0.000000
vt 0.500000 0.000000
vt 0.000000 0.000000
vt 0.446706 0.987198
vt 0.818856 0.500000
vt 0.818856 0.538841
vt 0.625000 0.610536
vt 0.625000 0.585133
vt 0.625000 0.591698
vt 0.625000 0.618021
vt 0.500000 0.591106
vt 0.500000 0.616509
vt 0.625000 0.341252
vt 0.375000 0.341252
vt 0.625000 0.306144
vt 0.375000 0.306144
vt 0.625000 0.253084
vt 0.622903 0.250000
vt 0.625000 0.534238
vt 0.372429 0.776561
vt 0.372429 0.824479
vt 0.375000 0.776755
vt 0.375000 0.824285
vt 0.372429 0.874753
vt 0.372429 0.726287
vt 0.372429 0.922671
vt 0.375000 0.874947
vt 0.375000 0.922477
vt 0.372429 0.972946
vt 0.375000 0.973139
vt 0.375000 0.678562
vt 0.375000 0.726093
vt 0.372429 0.678369
vt 0.372429 0.628094
vt 0.375000 0.580370
vt 0.375000 0.627900
vt 0.372429 0.580176
vt 0.372429 0.529902
vt 0.375000 0.529708
vt 0.620181 0.592794
vt 0.500000 0.615057
vt 0.500000 0.589945
vt 0.375000 0.612094
vt 0.375000 0.586981
vt 0.125000 0.612094
vt 0.125000 0.586981
vt 0.125000 0.587935
vt 0.125000 0.618475
vt 0.391871 0.621676
vt 0.375000 0.587935
vt 0.424299 0.683396
vt 0.424299 0.721259
vt 0.475575 0.678369
vt 0.475575 0.726287
vt 0.475575 0.628094
vt 0.475575 0.776561
vt 0.475575 0.580176
vt 0.475575 0.529902
vt 0.424299 0.585204
vt 0.424299 0.524874
vt 0.424299 0.623067
vt 0.424299 0.819451
vt 0.424299 0.781588
vt 0.475575 0.824479
vt 0.475575 0.874753
vt 0.475575 0.922671
vt 0.475575 0.972946
vt 0.424299 0.917644
vt 0.424299 0.977973
vt 0.424299 0.879781
vt 0.216252 0.537997
vt 0.216252 0.500000
vt 0.125000 0.537997
vt 0.181144 0.537997
vt 0.181144 0.500000
vt 0.620180 0.157206
vt 0.620182 0.592794
vt 0.537237 0.972946
vt 0.537237 0.922671
vt 0.589106 0.977973
vt 0.625000 0.974494
vt 0.537237 0.874753
vt 0.589106 0.917644
vt 0.589106 0.879781
vt 0.625000 0.876302
vt 0.625000 0.921123
vt 0.537237 0.824479
vt 0.537237 0.776561
vt 0.589106 0.819451
vt 0.537237 0.726287
vt 0.589106 0.781588
vt 0.625000 0.778109
vt 0.625000 0.822930
vt 0.537237 0.678369
vt 0.589106 0.721259
vt 0.589106 0.683396
vt 0.625000 0.679917
vt 0.625000 0.724738
vt 0.537237 0.628094
vt 0.537237 0.580176
vt 0.537237 0.529902
vt 0.589106 0.585204
vt 0.589106 0.524874
vt 0.625000 0.528353
vt 0.589106 0.623067
vt 0.625000 0.626546
vt 0.625000 0.581725
vt 0.644205 0.726286
vt 0.644205 0.628094
vt 0.644205 0.529902
vt 0.644205 0.824479
vt 0.644205 0.922671
vt 0.391872 0.621676
vt 0.783748 0.534238
vt 0.783748 0.500000
vt 0.391871 0.621677
vt 0.431719 0.613438
vt 0.622903 0.208587
vt 0.625000 0.213764
vt 0.375000 0.212003
vt 0.375000 0.208424
s 1
f 1580/333/607 1581/334/607 1582/334/607
f 1583/335/607 1582/334/607 1581/334/607
f 1580/333/607 1582/334/607 1584/333/607
f 1582/334/607 1583/335/607 1585/335/607
f 1586/336/607 1580/333/607 1584/333/607
f 1583/335/607 1587/337/607 1585/335/607
f 1580/333/607 1586/336/607 1588/336/607
f 1583/335/607 1589/337/607 1587/337/607
f 1586/336/607 1590/338/607 1588/336/607
f 1591/339/607 1587/337/607 1589/337/607
f 1590/338/607 1586/336/607 1592/338/607
f 1593/340/607 1590/338/607 1592/338/607
f 1590/338/607 1593/340/607 1594/340/607
f 1587/337/607 1591/339/607 1595/339/607
f 1591/339/607 1596/341/607 1595/339/607
f 1596/341/607 1591/339/607 1597/341/607
f 1598/337/608 1599/339/609 1600/337/610
f 1599/339/611 1601/341/612 1602/339/613
f 1603/335/614 1598/337/615 1604/335/607
f 1605/334/616 1603/335/617 1606/334/607
f 1607/333/618 1605/334/619 1608/333/607
f 1609/336/620 1607/333/621 1610/336/622
f 1611/338/623 1609/336/624 1612/338/625
f 1613/340/626 1611/338/627 1614/340/628
f 1615/342/629 1616/343/629 1617/343/629
f 1618/344/629 1617/343/629 1616/343/629
f 1616/343/629 1615/342/629 1619/342/629
f 1620/345/629 1619/342/629 1615/342/629
f 1619/342/629 1620/345/629 1621/345/629
f 1618/344/629 1616/343/629 1622/344/629
f 1622/344/629 1623/346/629 1618/344/629
f 1623/346/629 1622/344/629 1624/346/629
f 1625/347/629 1623/346/629 1624/346/629
f 1623/346/629 1625/347/629 1626/347/629
f 1627/348/629 1626/347/629 1625/347/629
f 1627/348/629 1625/347/629 1628/348/629
f 1629/349/629 1627/348/629 1628/348/629
f 1627/348/629 1629/349/629 1630/349/629
f 1631/350/629 1630/349/629 1629/349/629
f 1629/349/629 1632/350/629 1631/350/629
f 1633/347/630 1634/351/631 1635/347/631
f 1634/351/631 1633/347/630 1636/351/632
f 1633/347/630 1637/351/633 1636/351/632
f 1638/347/634 1637/351/633 1633/347/630
f 1639/352/635 1640/353/635 1641/354/636
f 1640/353/635 1639/352/635 1642/355/636
f 1643/354/637 1644/353/638 1645/354/637
f 1645/354/637 1644/353/638 1646/353/637
f 1645/354/637 1646/353/637 1647/354/635
f 1647/354/635 1646/353/637 1648/353/637
f 1649/335/607 1650/356/639 1651/337/607
f 1651/337/607 1650/356/639 1652/335/607
f 1653/334/607 1650/356/639 1649/335/607
f 1654/333/607 1650/356/639 1653/334/607
f 1650/356/639 1654/333/607 1655/336/607
f 1650/356/639 1655/336/607 1656/333/607
f 1650/356/639 1656/333/607 1657/334/607
f 1658/355/629 1659/352/629 1660/357/629
f 1660/357/629 1659/352/629 1661/358/629
f 1662/359/640 1663/360/641 1664/342/640
f 1665/344/642 1664/342/640 1663/360/641
f 1666/361/643 1667/362/644 1668/363/645
f 1667/362/644 1669/364/646 1668/363/645
f 1668/363/645 1669/364/646 1670/365/647
f 1671/366/648 1670/365/647 1669/364/646
f 1670/365/647 1671/366/648 1672/367/649
f 1673/364/650 1674/363/651 1675/365/652
f 1674/363/651 1673/364/650 1676/362/653
f 1676/362/653 1677/361/654 1674/363/651
f 1675/365/652 1678/366/655 1673/364/650
f 1678/366/655 1675/365/652 1679/367/656
f 1680/368/657 1681/369/658 1682/370/659
f 1681/369/658 1680/368/657 1683/371/660
f 1684/372/661 1685/368/657 1682/370/659
f 1685/368/657 1684/372/661 1686/373/662
f 1687/368/663 1688/369/664 1689/371/665
f 1688/369/664 1687/368/663 1690/370/666
f 1691/368/663 1692/372/667 1690/370/666
f 1692/372/667 1691/368/663 1693/373/668
f 1694/344/669 1695/374/629 1696/375/670
f 1695/374/629 1694/344/669 1697/376/671
f 1696/375/670 1698/344/672 1694/344/669
f 1699/361/643 1700/362/673 1701/363/674
f 1700/362/673 1702/364/646 1701/363/674
f 1701/363/674 1702/364/646 1703/365/647
f 1704/366/648 1703/365/647 1702/364/646
f 1703/365/647 1704/366/648 1705/367/649
f 1706/368/657 1707/369/658 1708/370/659
f 1707/369/658 1706/368/657 1709/371/660
f 1710/372/675 1711/368/676 1708/370/659
f 1711/368/676 1710/372/675 1712/373/662
f 1713/364/650 1714/363/677 1715/365/652
f 1714/363/677 1713/364/650 1716/362/653
f 1716/362/653 1717/361/678 1714/363/677
f 1715/365/652 1718/366/655 1713/364/650
f 1718/366/655 1715/365/652 1719/367/656
f 1720/368/663 1721/369/664 1722/371/665
f 1721/369/664 1720/368/663 1723/370/666
f 1724/368/663 1725/372/667 1723/370/666
f 1725/372/667 1724/368/663 1726/373/668
f 1727/361/679 1728/362/673 1729/363/680
f 1728/362/673 1730/364/646 1729/363/680
f 1729/363/680 1730/364/646 1731/365/647
f 1732/366/648 1731/365/647 1730/364/646
f 1731/365/647 1732/366/648 1733/367/649
f 1734/364/681 1735/363/677 1736/365/652
f 1735/363/677 1734/364/681 1737/362/653
f 1737/362/653 1738/361/678 1735/363/677
f 1736/365/652 1739/366/655 1734/364/681
f 1739/366/655 1736/365/652 1740/367/656
f 1741/368/657 1742/369/658 1743/370/659
f 1742/369/658 1741/368/657 1744/371/660
f 1745/372/675 1746/368/657 1743/370/659
f 1746/368/657 1745/372/675 1747/373/662
f 1748/368/663 1749/369/664 1750/371/665
f 1749/369/664 1748/368/663 1751/370/666
f 1752/368/663 1753/372/667 1751/370/666
f 1753/372/667 1752/368/663 1754/373/668
f 1755/339/682 1756/339/683 1757/341/684
f 1756/339/683 1758/341/684 1757/341/684
f 1759/337/685 1756/339/683 1755/339/682
f 1760/337/685 1759/337/685 1755/339/682
f 1761/335/686 1759/337/685 1760/337/685
f 1762/335/686 1761/335/686 1760/337/685
f 1763/334/687 1761/335/686 1762/335/686
f 1764/334/687 1763/334/687 1762/335/686
f 1765/333/688 1763/334/687 1764/334/687
f 1766/333/688 1765/333/688 1764/334/687
f 1766/333/688 1767/336/689 1765/333/688
f 1767/336/689 1766/333/688 1768/336/689
f 1768/336/689 1769/338/690 1767/336/689
f 1769/338/690 1768/336/689 1770/338/690
f 1771/340/691 1769/338/690 1770/338/690
f 1772/340/691 1771/340/691 1770/338/690
f 1773/349/683 1774/350/692 1775/349/683
f 1774/350/692 1773/349/683 1776/350/692
f 1775/349/683 1777/348/685 1773/349/683
f 1777/348/685 1775/349/683 1778/348/685
f 1778/348/685 1779/347/686 1777/348/685
f 1779/347/686 1778/348/685 1780/347/686
f 1780/347/686 1781/346/687 1779/347/686
f 1781/346/687 1780/347/686 1782/346/687
f 1782/346/687 1783/344/688 1781/346/687
f 1783/344/688 1782/346/687 1784/344/688
f 1783/344/688 1784/344/688 1785/343/689
f 1784/344/688 1786/343/689 1785/343/689
f 1785/343/689 1786/343/689 1787/342/690
f 1786/343/689 1788/342/690 1787/342/690
f 1788/342/690 1789/345/691 1787/342/690
f 1789/345/691 1788/342/690 1790/345/691
f 1791/339/683 1792/377/693 1793/378/692
f 1791/339/683 1793/378/692 1794/341/692
f 1792/377/693 1795/350/694 1793/378/692
f 1792/377/693 1796/349/695 1795/350/694
f 1797/337/685 1792/377/693 1791/339/683
f 1797/337/685 1798/379/696 1792/377/693
f 1798/379/696 1799/349/697 1792/377/693
f 1798/379/696 1800/348/698 1799/349/697
f 1801/335/686 1798/379/696 1797/337/685
f 1801/335/686 1802/351/699 1798/379/696
f 1802/351/699 1803/348/698 1798/379/696
f 1802/351/699 1804/347/700 1803/348/698
f 1805/334/687 1802/351/699 1801/335/686
f 1805/334/687 1806/380/701 1802/351/699
f 1806/380/701 1807/347/702 1802/351/699
f 1806/380/701 1808/346/703 1807/347/702
f 1809/333/688 1806/380/701 1805/334/687
f 1809/333/688 1810/360/704 1806/380/701
f 1810/360/704 1811/346/703 1806/380/701
f 1810/360/704 1812/344/705 1811/346/703
f 1813/336/689 1810/360/704 1809/333/688
f 1810/360/704 1813/336/689 1814/381/706
f 1815/344/707 1810/360/704 1814/381/706
f 1815/344/707 1814/381/706 1816/343/708
f 1817/338/690 1814/381/706 1813/336/689
f 1814/381/706 1817/338/690 1818/359/709
f 1819/340/691 1818/359/709 1817/338/690
f 1820/343/708 1814/381/706 1818/359/709
f 1820/343/708 1818/359/709 1821/342/710
f 1819/340/691 1822/382/691 1818/359/709
f 1822/382/691 1823/342/711 1818/359/709
f 1822/382/691 1824/345/694 1823/342/711
f 1825/351/685 1826/377/685 1827/347/685
f 1828/349/685 1827/347/685 1826/377/685
f 1829/338/712 1830/340/713 1831/340/714
f 1832/340/691 1830/340/713 1833/338/690
f 1830/340/713 1834/338/715 1833/338/690
f 1830/340/713 1829/338/712 1834/338/715
f 1834/338/715 1835/336/689 1833/338/690
f 1829/338/712 1836/336/716 1834/338/715
f 1835/336/689 1834/338/715 1836/336/716
f 1836/336/716 1829/338/712 1837/336/717
f 1836/336/716 1838/333/688 1835/336/689
f 1839/333/718 1836/336/716 1837/336/717
f 1838/333/688 1836/336/716 1840/333/719
f 1836/336/716 1839/333/718 1840/333/719
f 1838/333/688 1840/333/719 1841/334/687
f 1840/333/719 1839/333/718 1842/334/720
f 1840/333/719 1842/334/720 1841/334/687
f 1843/334/721 1842/334/720 1839/333/718
f 1841/334/687 1842/334/720 1844/335/686
f 1845/335/722 1842/334/720 1843/334/721
f 1842/334/720 1846/335/723 1844/335/686
f 1842/334/720 1845/335/722 1846/335/723
f 1844/335/686 1846/335/723 1847/337/685
f 1846/335/723 1845/335/722 1848/337/724
f 1846/335/723 1848/337/724 1847/337/685
f 1849/337/725 1848/337/724 1845/335/722
f 1847/337/685 1848/337/724 1850/339/683
f 1851/339/726 1848/337/724 1849/337/725
f 1848/337/724 1852/339/727 1850/339/683
f 1848/337/724 1851/339/726 1852/339/727
f 1850/339/683 1852/339/727 1853/341/728
f 1852/339/727 1854/341/729 1853/341/728
f 1852/339/727 1851/339/726 1854/341/729
f 1855/341/714 1854/341/729 1851/339/726
f 1856/335/607 1857/334/607 1858/334/607
f 1859/333/607 1858/334/607 1857/334/607
f 1857/334/607 1856/335/607 1860/335/607
f 1858/334/607 1859/333/607 1861/333/607
f 1862/337/607 1860/335/607 1856/335/607
f 1863/336/607 1861/333/607 1859/333/607
f 1860/335/607 1862/337/607 1864/337/607
f 1861/333/607 1863/336/607 1865/336/607
f 1862/337/607 1866/339/607 1864/337/607
f 1863/336/607 1867/338/607 1865/336/607
f 1862/337/607 1868/339/607 1866/339/607
f 1868/339/607 1869/341/607 1866/339/607
f 1869/341/607 1868/339/607 1870/341/607
f 1867/338/607 1863/336/607 1871/338/607
f 1872/340/607 1867/338/607 1871/338/607
f 1871/338/607 1873/340/607 1872/340/607
f 1874/361/730 1875/362/644 1876/363/645
f 1875/362/644 1877/364/731 1876/363/645
f 1876/363/645 1877/364/731 1878/365/647
f 1879/366/732 1878/365/647 1877/364/731
f 1878/365/647 1879/366/732 1880/367/732
f 1881/368/657 1882/369/658 1883/370/659
f 1882/369/658 1881/368/657 1884/371/660
f 1885/372/733 1886/368/657 1883/370/659
f 1886/368/657 1885/372/733 1887/383/734
f 1888/364/735 1889/363/736 1890/365/652
f 1889/363/736 1888/364/735 1891/362/737
f 1891/362/737 1892/361/738 1889/363/736
f 1890/365/652 1893/366/739 1888/364/735
f 1893/366/739 1890/365/652 1894/367/740
f 1895/368/663 1896/369/664 1897/371/665
f 1896/369/664 1895/368/663 1898/370/666
f 1899/368/663 1900/372/667 1898/370/666
f 1900/372/667 1899/368/663 1901/383/668
f 1902/337/689 1903/337/689 1904/339/688
f 1903/337/689 1905/339/688 1904/339/688
f 1905/339/688 1906/341/741 1904/339/688
f 1906/341/741 1905/339/688 1907/341/687
f 1908/335/690 1903/337/689 1902/337/689
f 1909/335/690 1908/335/690 1902/337/689
f 1909/335/690 1910/334/691 1908/335/690
f 1910/334/691 1909/335/690 1911/334/691
f 1911/334/691 1912/333/683 1910/334/691
f 1912/333/683 1911/334/691 1913/333/683
f 1913/333/683 1914/336/685 1912/333/683
f 1914/336/685 1913/333/683 1915/336/685
f 1915/336/685 1916/338/686 1914/336/685
f 1916/338/686 1915/336/685 1917/338/686
f 1917/338/686 1918/340/742 1916/338/686
f 1918/340/742 1917/338/686 1919/340/743
f 1920/337/685 1921/384/744 1922/385/744
f 1920/337/685 1923/386/744 1921/384/744
f 1924/387/744 1920/337/685 1922/385/744
f 1923/386/744 1920/337/685 1925/388/744
f 1926/389/744 1920/337/685 1924/387/744
f 1927/390/744 1920/337/685 1926/389/744
f 1925/388/744 1920/337/685 1928/391/744
f 1920/337/685 1927/390/744 1929/392/745
f 1920/337/685 1929/392/745 1930/335/746
f 1931/337/747 1932/393/748 1933/348/749
f 1932/393/748 1934/347/750 1933/348/749
f 1931/337/747 1935/391/751 1932/393/748
f 1935/391/751 1931/337/747 1936/388/751
f 1931/337/747 1937/386/751 1936/388/751
f 1937/386/751 1931/337/747 1938/384/751
f 1938/384/751 1931/337/747 1939/385/751
f 1939/385/751 1931/337/747 1940/387/751
f 1940/387/751 1931/337/747 1941/389/751
f 1931/337/747 1942/390/751 1941/389/751
f 1928/391/744 1920/337/685 1943/393/752
f 1943/393/752 1920/337/685 1944/348/685
f 1943/393/752 1944/348/685 1945/347/753
f 1946/334/754 1930/335/746 1947/394/755
f 1946/334/754 1947/394/755 1948/395/756
f 1948/395/756 1949/396/756 1946/334/754
f 1950/397/756 1946/334/754 1949/396/756
f 1951/398/757 1950/397/756 1949/396/756
f 1950/397/756 1951/398/757 1952/399/757
f 1946/334/754 1950/397/756 1953/400/756
f 1954/401/756 1946/334/754 1953/400/756
f 1955/402/757 1954/401/756 1953/400/756
f 1954/401/756 1955/402/757 1956/403/757
f 1957/404/756 1946/334/754 1954/401/756
f 1946/334/754 1957/404/756 1958/405/756
f 1957/404/756 1959/406/757 1958/405/756
f 1958/405/756 1959/406/757 1960/407/757
f 1946/334/754 1958/405/756 1961/408/756
f 1962/409/744 1963/398/757 1964/390/744
f 1963/398/757 1962/409/744 1965/399/757
f 1966/410/744 1967/402/757 1968/387/744
f 1967/402/757 1966/410/744 1969/403/757
f 1970/411/744 1971/406/757 1972/384/744
f 1971/406/757 1970/411/744 1973/407/757
f 1974/388/744 1975/412/757 1976/413/757
f 1975/412/757 1974/388/744 1977/414/744
f 1978/402/758 1979/403/758 1980/410/751
f 1978/402/758 1980/410/751 1981/387/751
f 1982/398/758 1983/399/758 1984/409/751
f 1982/398/758 1984/409/751 1985/390/751
f 1986/406/758 1987/407/758 1988/411/751
f 1986/406/758 1988/411/751 1989/384/751
f 1990/412/758 1991/388/751 1992/413/758
f 1991/388/751 1990/412/758 1993/414/751
f 1961/408/756 1994/413/757 1995/412/757
f 1995/412/757 1996/415/756 1961/408/756
f 1946/334/754 1961/408/756 1996/415/756
f 1946/334/754 1996/415/756 1997/416/756
f 1946/334/754 1997/416/756 1998/346/754
f 1999/417/756 1998/346/754 1997/416/756
f 1998/346/754 1999/417/756 2000/418/756
f 2000/418/756 1999/417/756 2001/347/753
f 2001/347/753 1999/417/756 2002/393/752
f 1942/390/751 1931/337/747 2003/392/759
f 1931/337/747 2004/335/760 2003/392/759
f 2005/356/761 2006/394/762 2004/335/763
f 2006/394/762 2005/356/761 2007/395/761
f 2008/334/764 2007/395/761 2005/356/761
f 2008/334/764 2009/396/761 2007/395/761
f 2009/396/761 2008/334/764 2010/397/761
f 2010/397/761 2011/398/758 2009/396/761
f 2011/398/758 2010/397/761 2012/399/758
f 2010/397/761 2008/334/764 2013/400/761
f 2008/334/764 2014/401/761 2013/400/761
f 2014/401/761 2015/402/758 2013/400/761
f 2015/402/758 2014/401/761 2016/403/758
f 2014/401/761 2008/334/764 2017/404/761
f 2017/404/761 2008/334/764 2018/405/761
f 2018/405/761 2019/406/758 2017/404/761
f 2019/406/758 2018/405/761 2020/407/758
f 2018/405/761 2008/334/764 2021/408/761
f 2021/408/761 2008/334/764 2022/419/764
f 2021/408/761 2023/412/758 2024/413/758
f 2023/412/758 2021/408/761 2025/415/761
f 2022/419/764 2025/415/761 2021/408/761
f 2025/415/761 2022/419/764 2026/416/761
f 2026/416/761 2022/419/764 2027/417/761
f 2028/420/761 2027/417/761 2022/419/764
f 2027/417/761 2028/420/761 2029/393/765
f 2030/421/761 2029/393/765 2028/420/761
f 2030/421/761 2031/347/766 2029/393/765
f 2032/422/761 2031/347/766 2030/421/761
f 2031/347/766 2032/422/761 2033/423/761
f 2033/423/761 2034/346/764 2031/347/766
f 2034/346/764 2033/423/761 2035/424/767
f 2036/425/767 2037/344/704 2034/346/768
f 2037/344/704 2036/425/767 2038/426/769
f 2039/427/769 2037/344/704 2038/426/769
f 2039/427/769 2038/426/769 2040/428/770
f 2039/427/769 2041/429/771 2037/344/704
f 2041/429/771 2039/427/769 2042/430/769
f 2041/429/771 2043/333/704 2037/344/704
f 2041/429/771 2042/430/769 2044/431/769
f 2045/419/768 2044/431/769 2042/430/769
f 2044/431/769 2045/419/768 2046/432/771
f 2045/419/768 2047/433/772 2046/432/771
f 2048/434/773 2049/435/773 2047/433/773
f 2048/434/769 2045/419/764 2050/334/764
f 2051/436/774 2043/333/704 2041/429/771
f 2051/436/775 2052/437/775 2053/438/775
f 2054/439/776 2043/333/704 2053/438/776
f 2055/440/777 2056/441/777 2054/439/777
f 2057/442/769 2043/333/704 2056/441/769
f 2057/442/769 2058/443/769 2059/444/769
f 2060/445/769 2043/333/704 2059/444/769
f 2060/445/777 2061/446/777 2062/447/777
f 2043/333/704 2062/447/769 2063/448/771
f 2043/333/704 2063/448/771 2064/449/769
f 2065/394/755 2066/335/746 2067/450/778
f 2068/352/691 2069/451/691 2070/358/691
f 2069/451/691 2068/352/691 2071/344/691
f 2071/344/691 2068/352/691 2072/347/691
f 2071/344/691 2072/347/691 2073/346/691
f 2074/432/779 1998/346/780 2075/431/781
f 2074/432/779 2076/334/780 1998/346/780
f 2077/344/709 2075/431/781 1998/346/780
f 2075/431/781 2077/344/709 2078/429/782
f 2079/433/783 2076/334/780 2074/432/779
f 2080/435/784 2081/434/779 2079/433/783
f 2081/434/779 2076/334/780 2079/433/783
f 2082/333/709 2078/429/782 2077/344/709
f 2082/333/709 2083/436/781 2078/429/782
f 2084/437/779 2083/436/779 2085/438/779
f 2082/333/709 2086/439/781 2085/438/781
f 2087/440/783 2086/439/783 2088/441/783
f 2082/333/709 2089/442/781 2088/441/781
f 2090/443/779 2089/442/779 2091/444/779
f 2082/333/709 2092/445/779 2091/444/779
f 2093/446/783 2092/445/783 2094/447/783
f 2094/447/784 2082/333/709 2095/448/779
f 2082/333/709 2096/449/779 2095/448/779
f 2097/435/781 2098/437/779 2099/434/781
f 2098/437/779 2097/435/781 2100/436/781
f 2101/445/781 2102/446/783 2103/452/779
f 2104/453/784 2103/452/779 2102/446/783
f 2105/439/781 2106/440/779 2107/454/781
f 2108/455/784 2107/454/781 2106/440/779
f 2109/442/785 2110/443/779 2111/456/779
f 2112/457/783 2111/456/779 2110/443/779
f 2113/334/780 2114/457/781 2115/458/781
f 2116/459/779 2113/334/786 2117/455/779
f 2118/460/781 2113/334/780 2119/434/781
f 2120/452/783 2121/453/783 2122/458/787
f 2076/334/780 2122/458/787 2121/453/783
f 2076/334/780 2121/453/783 2123/461/788
f 2076/334/780 2124/459/781 2125/457/783
f 2126/456/779 2125/457/783 2124/459/781
f 2127/455/781 2076/334/780 2128/460/781
f 2129/454/779 2127/455/781 2128/460/781
f 2130/333/709 2131/438/781 2132/436/781
f 2133/445/779 2130/333/709 2134/447/779
f 2130/333/709 2135/444/787 2136/442/787
f 2130/333/709 2137/441/779 2138/439/779
f 2139/450/789 2140/335/790 2141/394/762
f 2142/380/791 2143/346/791 2144/351/607
f 2144/351/607 2143/346/791 2145/347/607
f 2142/380/791 2146/344/792 2143/346/791
f 2147/360/793 2146/344/792 2142/380/791
f 2147/360/793 2148/462/794 2146/344/792
f 2147/360/793 2149/463/794 2148/462/794
f 2150/359/795 2148/462/794 2149/463/794
f 2148/462/794 2150/359/795 2151/342/795
f 2152/335/687 2153/360/687 2154/351/687
f 2154/351/687 2153/360/687 2155/380/687
f 2153/360/687 2152/335/687 2156/464/687
f 2156/464/687 2152/335/687 2157/465/687
f 2158/435/769 2159/437/769 2160/436/769
f 2159/437/769 2158/435/769 2161/434/769
f 2162/446/771 2163/445/769 2164/452/772
f 2164/452/772 2165/453/777 2162/446/771
f 2166/440/771 2167/439/769 2168/454/772
f 2168/454/772 2169/455/769 2166/440/771
f 2170/443/771 2171/442/771 2172/456/772
f 2172/456/772 2173/457/771 2170/443/771
f 2174/458/769 2050/334/764 2175/453/771
f 2175/453/771 2176/452/769 2174/458/769
f 2050/334/764 2177/461/796 2175/453/771
f 2050/334/797 2178/455/771 2179/460/771
f 2178/455/771 2180/454/769 2179/460/771
f 2181/459/772 2050/334/764 2182/457/777
f 2182/457/777 2183/456/769 2181/459/772
f 2184/457/777 2185/334/764 2186/458/777
f 2185/334/764 2187/459/769 2188/455/769
f 2185/334/764 2189/460/775 2190/434/775
f 2191/433/769 2192/419/764 2190/434/769
f 2193/438/771 2194/333/704 2195/436/771
f 2194/333/704 2196/445/798 2197/447/798
f 2198/444/799 2194/333/704 2199/442/799
f 2200/441/769 2194/333/704 2201/439/769
f 2202/351/691 2203/377/691 2204/377/691
f 2205/351/691 2203/377/691 2202/351/691
f 2206/351/691 2203/377/691 2205/351/691
f 2203/377/691 2206/351/691 2207/377/691
f 2208/340/800 2209/341/691 2210/341/691
f 2209/341/691 2208/340/800 2211/334/801
f 2208/340/800 2212/340/802 2211/334/801
f 2211/334/801 2212/340/802 2213/334/802
f 2214/341/691 2209/341/691 2211/334/801
f 2209/341/691 2214/341/691 2215/341/691
f 2216/341/691 2215/341/691 2214/341/691
f 2215/341/691 2216/341/691 2217/341/691
f 2218/341/803 2217/341/691 2216/341/691
f 2219/341/691 2218/341/803 2216/341/691
f 2218/341/803 2219/341/691 2220/341/691
f 2217/341/691 2218/341/803 2221/341/691
f 2222/341/691 2221/341/691 2218/341/803
f 2221/341/691 2222/341/691 2223/341/691
f 2224/347/687 2225/349/687 2226/347/687
f 2225/349/687 2224/347/687 2227/349/687
f 2226/347/687 2225/349/687 2228/347/687
f 2229/349/687 2228/347/687 2225/349/687
f 2230/333/691 2231/351/691 2232/360/691
f 2231/351/691 2230/333/691 2233/335/691
f 2234/333/691 2235/360/691 2236/333/691
f 2237/360/691 2236/333/691 2235/360/691
f 2238/333/691 2239/360/691 2240/333/691
f 2239/360/691 2238/333/691 2241/360/691
f 2242/466/687 2243/467/804 2244/468/805
f 2242/466/687 2244/468/805 2245/466/687
f 2246/467/806 2244/468/805 2243/467/804
f 2247/468/807 2244/468/805 2246/467/806
f 2243/467/804 2242/466/687 2248/466/687
f 2248/466/687 2242/466/687 2249/466/687
f 2249/466/687 2250/466/687 2248/466/687
f 2249/466/687 2251/466/687 2250/466/687
f 2252/466/808 2250/466/687 2251/466/687
f 2250/466/687 2252/466/808 2253/466/687
f 2252/466/808 2254/466/687 2253/466/687
f 2255/466/687 2252/466/808 2251/466/687
f 2252/466/808 2255/466/687 2256/466/687
f 2256/466/687 2255/466/687 2257/466/687
f 2258/354/687 2259/347/687 2260/352/687
f 2259/347/687 2258/354/687 2261/344/687
f 2262/354/687 2263/344/687 2264/354/687
f 2263/344/687 2262/354/687 2265/344/687
f 2266/354/687 2267/344/687 2268/354/687
f 2269/344/687 2268/354/687 2267/344/687
f 2270/336/689 2077/344/709 2271/343/689
f 2077/344/709 2270/336/689 2272/333/709
f 2273/334/780 2274/449/781 2272/333/709
f 2273/334/780 2275/469/779 2274/449/781
f 2276/333/809 2277/449/771 2278/334/810
f 2277/449/771 2279/469/771 2278/334/810
f 2280/344/704 2276/333/704 2281/336/811
f 2280/344/704 2281/336/811 2282/343/811
f 2283/339/683 2284/349/683 2285/350/728
f 2283/339/683 2285/350/728 2286/341/728
f 2287/337/685 2284/349/683 2283/339/683
f 2287/337/685 2288/348/685 2284/349/683
f 2289/335/686 2288/348/685 2287/337/685
f 2289/335/686 2290/347/686 2288/348/685
f 2291/334/687 2290/347/686 2289/335/686
f 2291/334/687 2292/346/687 2290/347/686
f 2293/333/688 2292/346/687 2291/334/687
f 2293/333/688 2294/344/688 2292/346/687
f 2295/336/689 2294/344/688 2293/333/688
f 2294/344/688 2295/336/689 2296/343/689
f 2297/338/690 2296/343/689 2295/336/689
f 2296/343/689 2297/338/690 2298/342/690
f 2299/340/812 2298/342/690 2297/338/690
f 2299/340/812 2300/345/812 2298/342/690
f 2301/470/813 2302/470/814 2303/471/815
f 2304/471/816 2303/471/815 2302/470/814
f 2305/472/658 2306/473/817 2307/472/818
f 2306/473/817 2305/472/658 2308/473/819
f 2309/472/658 2310/473/817 2311/472/818
f 2310/473/817 2309/472/658 2312/473/819
f 2313/472/658 2314/473/817 2315/472/818
f 2314/473/817 2313/472/658 2316/473/819
f 2317/472/658 2318/473/817 2319/472/818
f 2318/473/817 2317/472/658 2320/473/819
f 2321/472/658 2322/473/817 2323/472/818
f 2322/473/817 2321/472/658 2324/473/819
f 2325/474/820 2326/475/821 2327/474/822
f 2326/475/821 2325/474/820 2328/475/823
f 2329/472/824 2330/476/825 2331/473/826
f 2330/476/825 2329/472/824 2332/477/827
f 2331/473/826 2333/472/828 2329/472/824
f 2333/472/828 2331/473/826 2334/473/829
f 2335/347/687 2336/478/687 2337/479/687
f 2335/347/687 2337/479/687 2338/344/687
f 2339/480/687 2337/479/687 2336/478/687
f 2337/479/687 2339/480/687 2340/481/687
f 2341/482/687 2342/481/687 2339/480/687
f 2341/482/687 2343/354/687 2342/481/687
f 2343/354/687 2341/482/687 2344/483/687
f 2345/474/830 2346/475/831 2347/475/673
f 2346/475/831 2345/474/830 2348/474/832
f 2349/474/830 2350/475/831 2351/475/673
f 2350/475/831 2349/474/830 2352/474/832
f 2353/475/831 2354/475/673 2355/474/830
f 2353/475/831 2355/474/830 2356/474/832
f 2357/474/830 2358/475/833 2359/475/673
f 2358/475/833 2357/474/830 2360/474/834
f 2361/474/830 2362/475/831 2363/475/673
f 2362/475/831 2361/474/830 2364/474/832
f 2365/347/835 2366/347/836 2367/484/837
f 2368/484/838 2367/484/837 2366/347/836
f 2369/472/839 2370/476/840 2371/477/841
f 2370/476/840 2369/472/839 2372/473/817
f 2373/472/824 2374/476/825 2375/473/826
f 2374/476/825 2373/472/824 2376/477/827
f 2375/473/826 2377/472/828 2373/472/824
f 2375/473/826 2378/473/829 2377/472/828
f 2379/485/842 2380/336/843 2381/486/844
f 2381/486/844 2382/487/842 2379/485/842
f 2382/487/842 2381/486/844 2383/488/845
f 2380/336/843 2384/489/842 2381/486/844
f 2385/490/846 2380/336/843 2379/485/842
f 2386/491/846 2384/489/842 2380/336/843
f 2384/489/842 2386/491/846 2387/492/847
f 2387/492/847 2386/491/846 2388/493/848
f 2380/336/843 2389/494/849 2386/491/846
f 2390/333/850 2389/494/849 2380/336/843
f 2389/494/849 2390/333/850 2391/495/851
f 2380/336/843 2385/490/846 2392/343/852
f 2393/496/849 2385/490/846 2394/497/853
f 2385/490/846 2393/496/849 2395/498/851
f 2392/343/852 2385/490/846 2395/498/851
f 2395/498/851 2396/499/854 2392/343/852
f 2397/500/842 2396/499/854 2398/501/855
f 2396/499/854 2397/500/842 2399/502/842
f 2392/343/852 2396/499/854 2399/502/842
f 2399/502/842 2400/503/842 2392/343/852
f 2400/503/842 2401/344/850 2392/343/852
f 2401/344/850 2400/503/842 2402/504/856
f 2403/499/857 2404/343/843 2405/502/858
f 2403/499/857 2405/502/858 2406/500/858
f 2406/500/858 2407/501/859 2403/499/857
f 2404/343/843 2408/503/858 2405/502/858
f 2409/498/858 2404/343/843 2403/499/857
f 2410/344/860 2408/503/858 2404/343/843
f 2408/503/858 2410/344/860 2411/504/861
f 2404/343/843 2409/498/858 2412/490/862
f 2413/496/858 2412/490/862 2409/498/858
f 2412/490/862 2413/496/858 2414/497/863
f 2412/490/862 2415/336/685 2404/343/843
f 2416/485/858 2415/336/685 2412/490/862
f 2415/336/685 2416/485/858 2417/486/857
f 2418/487/858 2417/486/857 2416/485/858
f 2417/486/857 2418/487/858 2419/488/863
f 2415/336/685 2417/486/857 2420/489/858
f 2415/336/685 2420/489/858 2421/491/864
f 2422/492/858 2421/491/864 2420/489/858
f 2421/491/864 2422/492/858 2423/493/862
f 2415/336/685 2421/491/864 2424/494/858
f 2424/494/858 2425/333/862 2415/336/685
f 2425/333/862 2424/494/858 2426/495/861
f 2427/475/865 2428/505/866 2429/506/867
f 2427/475/865 2430/474/868 2428/505/866
f 2428/505/866 2431/507/869 2429/506/867
f 2431/507/869 2432/508/870 2429/506/867
f 2432/508/870 2431/507/869 2433/509/871
f 2434/474/872 2435/475/873 2436/505/874
f 2436/505/874 2435/475/873 2437/506/875
f 2437/506/875 2438/507/876 2436/505/874
f 2439/508/877 2438/507/876 2437/506/875
f 2438/507/876 2439/508/877 2440/509/878
f 2441/510/870 2442/511/879 2443/510/880
f 2442/511/879 2441/510/870 2444/511/881
f 2445/510/870 2446/511/879 2447/510/880
f 2446/511/879 2445/510/870 2448/511/881
f 2449/510/870 2450/511/882 2451/510/883
f 2450/511/882 2449/510/870 2452/511/881
f 2453/510/870 2454/511/879 2455/510/880
f 2454/511/879 2453/510/870 2456/511/881
f 2457/510/882 2458/511/879 2459/510/880
f 2458/511/879 2457/510/882 2460/511/884
f 2461/512/885 2462/512/886 2463/513/887
f 2461/512/885 2463/513/887 2464/513/888
f 2465/512/885 2466/512/886 2467/513/887
f 2465/512/885 2467/513/887 2468/513/888
f 2469/512/886 2470/513/889 2471/512/885
f 2470/513/889 2469/512/886 2472/513/887
f 2473/512/885 2474/512/886 2475/513/887
f 2473/512/885 2475/513/887 2476/513/889
f 2477/512/885 2478/512/886 2479/513/887
f 2477/512/885 2479/513/887 2480/513/888
f 2481/333/629 2482/336/629 2483/336/629
f 2482/336/629 2484/338/629 2483/336/629
f 2482/336/629 2481/333/629 2485/333/629
f 2482/336/629 2486/338/629 2484/338/629
f 2487/340/629 2484/338/629 2486/338/629
f 2484/338/629 2487/340/629 2488/340/629
f 2489/334/629 2485/333/629 2481/333/629
f 2489/334/629 2481/333/629 2490/334/629
f 2491/335/629 2489/334/629 2490/334/629
f 2491/335/629 2490/334/629 2492/335/629
f 2493/337/629 2491/335/629 2492/335/629
f 2492/335/629 2494/337/629 2493/337/629
f 2495/339/629 2493/337/629 2494/337/629
f 2493/337/629 2495/339/629 2496/339/629
f 2497/341/629 2496/339/629 2495/339/629
f 2496/339/629 2497/341/629 2498/341/629
f 2499/513/890 2500/512/891 2501/513/892
f 2500/512/891 2499/513/890 2502/512/893
f 2503/513/890 2504/512/891 2505/513/892
f 2504/512/891 2503/513/890 2506/512/893
f 2507/513/894 2508/512/893 2509/512/891
f 2508/512/893 2507/513/894 2510/513/890
f 2511/513/895 2512/512/891 2513/513/894
f 2512/512/891 2511/513/895 2514/512/893
f 2515/513/890 2516/512/891 2517/513/892
f 2516/512/891 2515/513/890 2518/512/893
f 2519/511/896 2520/511/897 2521/510/898
f 2519/511/896 2521/510/898 2522/510/899
f 2523/511/896 2524/511/897 2525/510/898
f 2523/511/896 2525/510/898 2526/510/899
f 2527/510/898 2528/511/900 2529/511/897
f 2528/511/900 2527/510/898 2530/510/901
f 2531/511/896 2532/511/897 2533/510/898
f 2531/511/896 2533/510/898 2534/510/899
f 2535/511/896 2536/511/902 2537/510/900
f 2535/511/896 2537/510/900 2538/510/899
f 2539/514/903 2540/476/825 2541/477/904
f 2540/476/825 2539/514/903 2542/515/905
f 2543/516/906 2544/517/907 2545/518/907
f 2546/496/906 2544/517/907 2543/516/906
f 2544/517/907 2546/496/906 2547/497/906
f 2545/518/907 2544/517/907 2548/519/907
f 2549/346/908 2545/518/907 2548/519/907
f 2549/346/908 2550/520/906 2545/518/907
f 2548/519/907 2551/334/909 2549/346/908
f 2552/521/910 2551/334/909 2548/519/907
f 2550/520/906 2549/346/908 2553/522/911
f 2553/522/911 2549/346/908 2554/523/907
f 2555/524/906 2550/520/906 2553/522/911
f 2549/346/908 2556/525/911 2554/523/907
f 2557/344/911 2556/525/911 2549/346/908
f 2556/525/911 2557/344/911 2558/504/911
f 2550/520/906 2555/524/906 2559/526/906
f 2560/500/907 2559/526/906 2555/524/906
f 2559/526/906 2560/500/907 2561/501/911
f 2562/527/911 2552/521/910 2563/528/911
f 2564/487/907 2562/527/911 2563/528/911
f 2562/527/911 2564/487/907 2565/488/911
f 2552/521/910 2562/527/911 2566/529/906
f 2566/529/906 2551/334/909 2552/521/910
f 2567/530/911 2551/334/909 2566/529/906
f 2551/334/909 2567/530/911 2568/531/906
f 2551/334/909 2568/531/906 2569/532/911
f 2567/530/911 2570/533/911 2568/531/906
f 2571/534/906 2551/334/909 2569/532/911
f 2551/334/909 2571/534/906 2572/333/907
f 2573/495/907 2572/333/907 2571/534/906
f 2570/533/911 2567/530/911 2574/535/911
f 2574/535/911 2575/492/911 2570/533/911
f 2570/533/911 2575/492/911 2576/493/906
f 2577/514/890 2578/476/840 2579/515/912
f 2578/476/840 2577/514/890 2580/477/913
f 2581/536/689 2582/536/914 2583/537/915
f 2581/536/689 2583/537/915 2584/537/689
f 2585/538/916 2586/538/689 2587/342/689
f 2585/538/916 2587/342/689 2588/342/917
f 2589/539/689 2590/539/689 2591/540/689
f 2589/539/689 2591/540/689 2592/540/689
f 2593/333/918 2594/534/918 2595/334/919
f 2594/534/918 2593/333/918 2596/495/920
f 2594/534/918 2597/532/921 2595/334/919
f 2595/334/919 2597/532/921 2598/531/918
f 2599/530/918 2595/334/919 2598/531/918
f 2600/533/920 2599/530/918 2598/531/918
f 2599/530/918 2600/533/920 2601/535/920
f 2601/535/920 2600/533/920 2602/492/921
f 2602/492/921 2600/533/920 2603/493/918
f 2595/334/919 2599/530/918 2604/529/918
f 2595/334/919 2604/529/918 2605/521/921
f 2606/527/921 2605/521/921 2604/529/918
f 2595/334/919 2605/521/921 2607/519/918
f 2605/521/921 2606/527/921 2608/528/921
f 2608/528/921 2606/527/921 2609/487/921
f 2609/487/921 2606/527/921 2610/488/918
f 2607/519/918 2611/346/922 2595/334/919
f 2612/518/920 2611/346/922 2607/519/918
f 2607/519/918 2613/517/921 2612/518/920
f 2612/518/920 2613/517/921 2614/516/921
f 2613/517/921 2615/496/920 2614/516/921
f 2615/496/920 2613/517/921 2616/497/921
f 2617/520/918 2611/346/922 2612/518/920
f 2611/346/922 2617/520/918 2618/522/918
f 2617/520/918 2619/524/918 2618/522/918
f 2611/346/922 2618/522/918 2620/523/921
f 2619/524/918 2617/520/918 2621/526/918
f 2621/526/918 2622/500/921 2619/524/918
f 2622/500/921 2621/526/918 2623/501/918
f 2624/525/920 2611/346/922 2620/523/921
f 2611/346/922 2624/525/920 2625/344/921
f 2626/504/921 2625/344/921 2624/525/920
f 2627/361/679 2628/362/923 2629/541/924
f 2628/362/923 2630/364/731 2629/541/924
f 2629/541/924 2630/364/731 2631/365/647
f 2631/365/647 2630/364/731 2632/366/648
f 2632/366/648 2633/367/649 2631/365/647
f 2634/364/735 2635/541/925 2636/365/652
f 2635/541/925 2634/364/735 2637/362/926
f 2637/362/926 2638/361/678 2635/541/925
f 2639/366/655 2634/364/735 2636/365/652
f 2640/367/656 2639/366/655 2636/365/652
f 2641/368/657 2642/369/658 2643/370/659
f 2642/369/658 2641/368/657 2644/371/927
f 2645/372/733 2646/368/657 2643/370/659
f 2646/368/657 2645/372/733 2647/373/662
f 2648/368/663 2649/369/664 2650/371/665
f 2649/369/664 2648/368/663 2651/370/666
f 2652/368/663 2653/372/888 2651/370/666
f 2653/372/888 2652/368/663 2654/373/668
f 2655/474/928 2656/475/929 2657/542/930
f 2658/474/820 2656/475/929 2655/474/928
f 2656/475/929 2658/474/820 2659/475/931
f 2657/542/930 2656/475/929 2660/506/875
f 2660/506/875 2661/507/932 2657/542/930
f 2662/508/933 2661/507/932 2660/506/875
f 2661/507/932 2662/508/933 2663/509/878
f 2664/472/824 2665/476/825 2666/473/826
f 2665/476/825 2664/472/824 2667/477/827
f 2666/473/826 2668/472/828 2664/472/824
f 2668/472/828 2666/473/826 2669/473/829
f 2670/543/934 2671/544/934 2672/334/935
f 2673/545/936 2670/543/934 2672/334/935
f 2673/545/936 2674/335/937 2675/546/938
f 2674/335/937 2673/545/936 2672/334/935
f 2676/547/934 2672/334/935 2671/544/934
f 2677/548/939 2676/547/934 2671/544/934
f 2676/547/934 2677/548/939 2678/549/939
f 2678/549/939 2677/548/939 2679/550/940
f 2679/550/940 2677/548/939 2680/551/940
f 2681/552/934 2672/334/935 2676/547/934
f 2672/334/935 2681/552/934 2682/553/934
f 2683/554/939 2682/553/934 2681/552/934
f 2672/334/935 2682/553/934 2684/555/934
f 2682/553/934 2683/554/939 2685/556/939
f 2685/556/939 2683/554/939 2686/557/940
f 2686/557/940 2683/554/939 2687/558/940
f 2684/555/934 2688/346/941 2672/334/935
f 2689/559/934 2688/346/941 2684/555/934
f 2684/555/934 2690/560/939 2689/559/934
f 2689/559/934 2690/560/939 2691/561/939
f 2690/560/939 2692/562/940 2691/561/939
f 2692/562/940 2690/560/939 2693/563/940
f 2694/564/939 2688/346/941 2689/559/934
f 2688/346/941 2694/564/939 2695/565/934
f 2688/346/941 2695/565/934 2696/566/934
f 2694/564/939 2697/567/939 2695/565/934
f 2698/568/936 2688/346/941 2696/566/934
f 2688/346/941 2698/568/936 2699/347/942
f 2700/569/943 2699/347/942 2698/568/936
f 2697/567/939 2694/564/939 2701/570/939
f 2701/570/939 2702/571/940 2697/567/939
f 2697/567/939 2702/571/940 2703/572/940
f 2704/561/944 2705/560/944 2706/559/945
f 2707/562/946 2705/560/944 2704/561/944
f 2705/560/944 2707/562/946 2708/563/946
f 2706/559/945 2705/560/944 2709/555/945
f 2710/346/947 2706/559/945 2709/555/945
f 2710/346/947 2711/564/945 2706/559/945
f 2709/555/945 2712/334/948 2710/346/947
f 2713/553/945 2712/334/948 2709/555/945
f 2711/564/945 2710/346/947 2714/565/945
f 2714/565/945 2710/346/947 2715/566/945
f 2716/567/944 2711/564/945 2714/565/945
f 2717/568/944 2715/566/945 2710/346/947
f 2718/347/949 2717/568/944 2710/346/947
f 2717/568/944 2718/347/949 2719/569/950
f 2711/564/945 2716/567/944 2720/570/944
f 2720/570/944 2716/567/944 2721/571/946
f 2721/571/946 2716/567/944 2722/572/946
f 2723/554/944 2713/553/945 2724/556/944
f 2725/557/946 2723/554/944 2724/556/944
f 2723/554/944 2725/557/946 2726/558/946
f 2713/553/945 2723/554/944 2727/552/945
f 2727/552/945 2712/334/948 2713/553/945
f 2728/547/945 2712/334/948 2727/552/945
f 2712/334/948 2728/547/945 2729/544/945
f 2712/334/948 2729/544/945 2730/543/945
f 2728/547/945 2731/548/944 2729/544/945
f 2732/545/951 2712/334/948 2730/543/945
f 2712/334/948 2732/545/951 2733/335/952
f 2734/546/953 2733/335/952 2732/545/951
f 2731/548/944 2728/547/945 2735/549/944
f 2735/549/944 2736/550/946 2731/548/944
f 2731/548/944 2736/550/946 2737/551/946
f 2738/573/954 2739/337/955 2740/348/956
f 2738/573/954 2740/348/956 2741/562/954
f 2741/562/954 2740/348/956 2742/574/954
f 2742/574/954 2740/348/956 2743/572/954
f 2743/572/954 2740/348/956 2744/575/957
f 2740/348/956 2745/347/958 2744/575/957
f 2739/337/955 2738/573/954 2746/557/954
f 2739/337/955 2746/557/954 2747/576/954
f 2739/337/955 2747/576/954 2748/550/954
f 2739/337/955 2748/550/954 2749/577/954
f 2739/337/955 2749/577/954 2750/546/959
f 2751/335/960 2739/337/955 2750/546/959
f 2752/573/961 2753/348/962 2754/337/963
f 2755/562/961 2753/348/962 2752/573/961
f 2753/348/962 2755/562/961 2756/574/961
f 2757/572/961 2753/348/962 2756/574/961
f 2753/348/962 2757/572/961 2758/575/964
f 2753/348/962 2758/575/964 2759/347/965
f 2754/337/963 2760/557/961 2752/573/961
f 2760/557/961 2754/337/963 2761/576/961
f 2761/576/961 2754/337/963 2762/550/961
f 2762/550/961 2754/337/963 2763/577/961
f 2763/577/961 2754/337/963 2764/546/966
f 2764/546/966 2754/337/963 2765/335/952
f 2766/472/967 2767/476/825 2768/473/968
f 2767/476/825 2766/472/967 2769/477/827
f 2768/473/968 2770/472/828 2766/472/967
f 2770/472/828 2768/473/968 2771/473/829
f 2772/474/969 2773/475/970 2774/505/971
f 2775/474/820 2773/475/970 2772/474/969
f 2773/475/970 2775/474/820 2776/475/931
f 2774/505/971 2773/475/970 2777/506/972
f 2777/506/972 2778/507/973 2774/505/971
f 2779/474/974 2780/475/929 2781/505/975
f 2782/474/820 2780/475/929 2779/474/974
f 2780/475/929 2782/474/820 2783/475/931
f 2781/505/975 2780/475/929 2784/506/875
f 2784/506/875 2785/507/932 2781/505/975
f 2786/508/933 2785/507/932 2784/506/875
f 2785/507/932 2786/508/933 2787/509/878
f 2788/472/824 2789/476/825 2790/473/826
f 2789/476/825 2788/472/824 2791/477/827
f 2790/473/826 2792/472/828 2788/472/824
f 2790/473/826 2793/473/829 2792/472/828
f 2794/343/607 2795/348/607 2796/346/607
f 2796/346/607 2795/348/607 2797/347/607
f 2794/343/607 2796/346/607 2798/344/607
f 2794/343/607 2799/346/607 2795/348/607
f 2795/348/607 2799/346/607 2800/347/607
f 2799/346/607 2794/343/607 2801/344/607
f 2802/472/839 2803/476/840 2804/477/841
f 2803/476/840 2802/472/839 2805/473/817
f 2806/474/976 2807/475/929 2808/505/977
f 2809/474/820 2807/475/929 2806/474/976
f 2807/475/929 2809/474/820 2810/475/931
f 2808/505/977 2807/475/929 2811/506/875
f 2811/506/875 2812/507/932 2808/505/977
f 2813/508/933 2812/507/932 2811/506/875
f 2812/507/932 2813/508/933 2814/509/978
f 2815/578/979 2816/476/825 2817/477/980
f 2816/476/825 2815/578/979 2818/515/905
f 2819/578/895 2820/476/840 2821/515/912
f 2820/476/840 2819/578/895 2822/477/913
f 2823/475/981 2824/542/982 2825/506/867
f 2823/475/981 2826/474/983 2824/542/982
f 2824/542/982 2827/507/984 2825/506/867
f 2827/507/984 2828/508/870 2825/506/867
f 2828/508/870 2827/507/984 2829/509/871
f 2830/348/689 2831/349/688 2832/348/689
f 2831/349/688 2830/348/689 2833/349/688
f 2834/350/741 2831/349/688 2833/349/688
f 2835/350/687 2834/350/741 2833/349/688
f 2832/348/689 2836/347/690 2830/348/689
f 2836/347/690 2832/348/689 2837/347/690
f 2836/347/690 2837/347/690 2838/346/691
f 2837/347/690 2839/346/691 2838/346/691
f 2838/346/691 2839/346/691 2840/344/683
f 2839/346/691 2841/344/683 2840/344/683
f 2840/344/683 2841/344/683 2842/343/685
f 2841/344/683 2843/343/685 2842/343/685
f 2842/343/685 2843/343/685 2844/342/686
f 2843/343/685 2845/342/686 2844/342/686
f 2844/342/686 2845/342/686 2846/345/985
f 2845/342/686 2847/345/986 2846/345/985
f 2848/579/987 2849/471/988 2850/470/989
f 2848/579/987 2850/470/989 2851/580/989
f 2852/466/990 2853/341/991 2854/467/992
f 2854/467/992 2853/341/991 2855/334/993
f 2856/466/994 2853/341/991 2852/466/990
f 2853/341/991 2856/466/994 2857/341/994
f 2858/466/995 2857/341/994 2856/466/994
f 2857/341/994 2858/466/995 2859/341/996
f 2854/467/997 2860/334/997 2861/334/607
f 2862/467/607 2854/467/997 2861/334/607
f 2863/472/839 2864/476/840 2865/477/841
f 2864/476/840 2863/472/839 2866/473/998
f 2867/581/895 2868/476/840 2869/515/912
f 2868/476/840 2867/581/895 2870/477/913
f 2871/581/979 2872/476/825 2873/477/980
f 2872/476/825 2871/581/979 2874/515/905
f 2875/475/999 2876/505/1000 2877/506/867
f 2875/475/999 2878/474/832 2876/505/1000
f 2876/505/1000 2879/507/984 2877/506/867
f 2879/507/984 2880/508/870 2877/506/867
f 2880/508/870 2879/507/984 2881/509/871
f 2882/466/1001 2883/341/1002 2884/466/1002
f 2883/341/1002 2882/466/1001 2885/341/1001
f 2886/466/1003 2885/341/1001 2882/466/1001
f 2885/341/1001 2886/466/1003 2887/341/1004
f 2888/466/1005 2887/341/1004 2886/466/1003
f 2887/341/1004 2888/466/1005 2889/341/1006
f 2890/466/1007 2889/341/1006 2888/466/1005
f 2889/341/1006 2890/466/1007 2891/341/1008
f 2892/466/1009 2891/341/1008 2890/466/1007
f 2891/341/1008 2892/466/1009 2893/341/1009
f 2894/466/1010 2893/341/1009 2892/466/1009
f 2893/341/1009 2894/466/1010 2895/341/1011
f 2896/466/1012 2895/341/1011 2894/466/1010
f 2895/341/1011 2896/466/1012 2897/341/1013
f 2898/466/685 2897/341/1013 2896/466/1012
f 2897/341/1013 2898/466/685 2899/341/685
f 2900/472/839 2901/476/840 2902/477/841
f 2901/476/840 2900/472/839 2903/473/998
f 2904/514/895 2905/476/840 2906/515/912
f 2905/476/840 2904/514/895 2907/477/913
f 2908/514/979 2909/476/825 2910/477/980
f 2909/476/825 2908/514/979 2911/515/905
f 2912/475/1014 2913/505/1015 2914/506/867
f 2912/475/1014 2915/474/983 2913/505/1015
f 2913/505/1015 2916/507/984 2914/506/867
f 2916/507/984 2917/508/870 2914/506/867
f 2917/508/870 2916/507/984 2918/509/871
f 2919/475/1014 2920/505/982 2921/506/1016
f 2920/505/982 2922/507/1017 2921/506/1016
f 2919/475/1014 2923/474/1018 2920/505/982
f 2924/472/839 2925/476/840 2926/477/841
f 2925/476/840 2924/472/839 2927/473/1019
f 2928/507/1020 2929/582/1021 2930/506/1022
f 2929/582/1021 2928/507/1020 2931/509/1021
f 2932/514/895 2933/476/840 2934/515/1023
f 2933/476/840 2932/514/895 2935/477/913
f 2936/507/1024 2937/582/1025 2938/509/1025
f 2937/582/1025 2936/507/1024 2939/506/1026
f 2940/514/979 2941/476/825 2942/477/827
f 2941/476/825 2940/514/979 2943/515/1027
f 2944/583/1028 2945/483/1029 2946/584/1030
f 2946/584/1030 2945/483/1029 2947/482/1031
f 2948/344/1032 2949/360/1033 2950/344/1034
f 2950/344/1034 2949/360/1033 2951/360/1035
f 2952/360/1032 2953/351/1036 2954/344/1032
f 2955/347/1033 2954/344/1032 2953/351/1036
f 2956/344/1037 2957/360/1038 2958/344/1039
f 2958/344/1039 2957/360/1038 2959/360/1037
f 2960/346/1040 2961/347/1041 2962/346/703
f 2963/344/1042 2960/346/1040 2962/346/703
f 2961/347/1041 2960/346/1040 2964/347/1043
f 2960/346/1040 2963/344/1042 2965/344/1044
f 2966/348/1045 2961/347/1041 2964/347/1043
f 2965/344/1044 2963/344/1042 2967/343/1046
f 2961/347/1041 2966/348/1045 2968/348/698
f 2969/343/708 2967/343/1046 2963/344/1042
f 2966/348/1045 2970/349/1047 2968/348/698
f 2971/342/1048 2967/343/1046 2969/343/708
f 2970/349/1047 2966/348/1045 2972/349/1049
f 2973/350/1050 2970/349/1047 2972/349/1049
f 2970/349/1047 2973/350/1050 2974/350/1051
f 2967/343/1046 2971/342/1048 2975/342/1052
f 2971/342/1048 2976/345/1053 2975/342/1052
f 2976/345/1053 2971/342/1048 2977/345/694
f 2978/344/607 2979/343/607 2980/343/607
f 2981/342/607 2980/343/607 2979/343/607
f 2979/343/607 2978/344/607 2982/344/607
f 2981/342/607 2979/343/607 2983/342/607
f 2983/342/607 2984/345/607 2981/342/607
f 2984/345/607 2983/342/607 2985/345/607
f 2986/346/607 2982/344/607 2978/344/607
f 2982/344/607 2986/346/607 2987/346/607
f 2986/346/607 2988/347/607 2987/346/607
f 2986/346/607 2989/347/607 2988/347/607
f 2990/348/607 2988/347/607 2989/347/607
f 2988/347/607 2990/348/607 2991/348/607
f 2990/348/607 2992/349/607 2991/348/607
f 2990/348/607 2993/349/607 2992/349/607
f 2994/350/607 2992/349/607 2993/349/607
f 2992/349/607 2994/350/607 2995/350/607
f 2996/585/1054 2997/354/1055 2998/586/1028
f 2997/354/1055 2996/585/1054 2999/354/1056
