# Blender 5.2.0 LTS
# www.blender.org
mtllib LIGHT FIFTY RECREATED.mtl
o Cube_002_Cube_013_140669730939053
v -0.622796 0.676824 -0.052319
v -0.622796 0.676824 0.052319
v -0.622796 0.624507 -0.000000
v -0.622796 0.639830 0.036994
v -0.622796 0.639830 -0.036995
v -0.622796 0.729143 -0.000000
v -0.622796 0.713818 0.036994
v -0.622796 0.713818 -0.036995
v -1.077981 0.691822 -0.014999
v -1.077981 0.655613 -0.000000
v -1.077981 0.676824 0.021211
v -1.077981 0.661825 0.014999
v -1.077981 0.661825 -0.014999
v -1.077981 0.676824 -0.021212
v -1.077981 0.691822 0.014999
v -1.077981 0.698037 -0.000000
v -0.929963 0.701846 0.025020
v -1.038737 0.698096 0.021272
v -0.929963 0.676824 0.035385
v -1.038737 0.676824 0.030083
v -0.929963 0.712209 -0.000000
v -1.077981 0.691822 0.014999
v -1.077981 0.676824 0.021211
v -1.038737 0.706906 -0.000000
v -1.077981 0.698037 -0.000000
v -1.077981 0.691822 -0.014999
v -1.038737 0.698096 -0.021272
v -0.929963 0.701846 -0.025022
v -0.929963 0.676824 -0.035385
v -1.038737 0.676824 -0.030083
v -1.077981 0.676824 -0.021212
v -1.077981 0.661825 -0.014999
v -1.038737 0.655551 -0.021272
v -0.929963 0.651804 -0.025022
v -0.929963 0.641439 -0.000000
v -1.038737 0.646741 -0.000000
v -1.077981 0.655613 -0.000000
v -1.077981 0.661825 0.014999
v -1.038737 0.655551 0.021272
v -0.929963 0.651804 0.025020
v -0.929963 0.676824 0.035385
v -1.038737 0.676824 0.030083
v -1.077981 0.676824 0.021211
v -0.929963 0.651804 -0.025022
v -0.929963 0.676824 -0.037674
v -0.929963 0.650186 -0.026640
v -0.929963 0.676824 -0.035385
v -0.929963 0.641439 -0.000000
v -0.929963 0.701846 -0.025022
v -0.929963 0.639150 -0.000000
v -0.929963 0.703463 -0.026640
v -0.929963 0.650186 0.026639
v -0.929963 0.714497 -0.000000
v -0.929963 0.651804 0.025020
v -0.929963 0.676824 0.035385
v -0.929963 0.676824 0.037672
v -0.929963 0.712209 -0.000000
v -0.929963 0.701846 0.025020
v -0.929963 0.703463 0.026639
v -0.929963 0.676824 0.037672
v -0.929963 0.676824 0.035385
v -0.904267 0.639830 0.036994
v -0.622796 0.639830 0.036994
v -0.622796 0.676824 0.052319
v -0.904267 0.676824 0.052319
v -0.904267 0.624507 -0.000000
v -0.622796 0.624507 -0.000000
v -0.904267 0.639830 -0.036995
v -0.622796 0.639830 -0.036995
v -0.904267 0.676824 -0.052319
v -0.622796 0.676824 -0.052319
v -0.904267 0.713818 -0.036995
v -0.622796 0.713818 -0.036995
v -0.904267 0.729143 -0.000000
v -0.622796 0.729143 -0.000000
v -0.904267 0.713818 0.036994
v -0.622796 0.713818 0.036994
v -0.904267 0.676824 0.052319
v -0.622796 0.676824 0.052319
v -0.929963 0.650186 0.026639
v -0.904267 0.676824 0.052319
v -0.929963 0.676824 0.037672
v -0.904267 0.639830 0.036994
v -0.904267 0.624507 -0.000000
v -0.929963 0.639150 -0.000000
v -0.929963 0.650186 -0.026640
v -0.904267 0.639830 -0.036995
v -0.904267 0.676824 -0.052319
v -0.929963 0.676824 -0.037674
v -0.929963 0.703463 -0.026640
v -0.904267 0.713818 -0.036995
v -0.904267 0.729143 -0.000000
v -0.929963 0.714497 -0.000000
v -0.929963 0.703463 0.026639
v -0.904267 0.713818 0.036994
v -0.904267 0.676824 0.052319
v -0.929963 0.676824 0.037672
vn 1.0000 0.0005 0.0005
vn -1.0000 -0.0000 -0.0000
vn -1.0000 0.0005 0.0005
vn -0.0483 0.6890 0.7231
vn -0.1323 0.6831 0.7182
vn -0.0484 0.0005 0.9988
vn -0.1314 0.0005 0.9913
vn -0.0484 0.9988 0.0005
vn -0.2204 0.6799 0.6994
vn -0.2203 0.0006 0.9754
vn -0.1324 0.9912 -0.0000
vn -0.2203 0.9754 0.0005
vn -0.2204 0.6799 -0.6994
vn -0.1323 0.6831 -0.7182
vn -0.0483 0.6890 -0.7232
vn -0.0484 0.0005 -0.9988
vn -0.1318 0.0002 -0.9913
vn -0.2205 -0.0000 -0.9754
vn -0.2204 -0.6799 -0.6994
vn -0.1323 -0.6831 -0.7182
vn -0.0483 -0.6890 -0.7232
vn -0.0487 -0.9988 -0.0000
vn -0.1324 -0.9912 -0.0000
vn -0.2204 -0.9754 0.0003
vn -0.2204 -0.6799 0.6994
vn -0.1323 -0.6831 0.7182
vn -0.0483 -0.6890 0.7232
vn -0.1315 0.0004 0.9913
vn -0.2203 0.0005 0.9754
vn 0.0005 -0.6913 0.7226
vn 0.0005 0.0005 1.0000
vn 0.0005 -1.0000 0.0005
vn 0.0005 -0.6913 -0.7226
vn 0.0005 0.0005 -1.0000
vn 0.0005 0.6913 -0.7226
vn 0.0005 1.0000 0.0005
vn 0.0005 0.6913 0.7226
vn -0.4951 -0.6134 0.6153
vn -0.4948 0.0004 0.8690
vn -0.4948 0.0003 0.8690
vn -0.4949 -0.5916 0.6365
vn -0.4951 -0.8688 -0.0000
vn -0.4951 -0.6134 -0.6153
vn -0.4949 -0.5916 -0.6365
vn -0.4947 0.0006 -0.8690
vn -0.4948 0.0006 -0.8690
vn -0.4951 0.6134 -0.6153
vn -0.4949 0.5916 -0.6365
vn -0.4952 0.8688 -0.0000
vn -0.4951 0.6134 0.6153
vn -0.4949 0.5916 0.6365
vn -0.4948 0.0005 0.8690
vn -0.4948 0.0007 0.8690
vt 0.750000 0.010000
vt 0.750000 0.490000
vt 0.990000 0.250000
vt 0.919706 0.419706
vt 0.919706 0.080294
vt 0.510000 0.250000
vt 0.580294 0.419706
vt 0.580294 0.080294
vt 0.375000 1.000000
vt 0.750000 1.000000
vt 0.000000 1.000000
vt 0.875000 1.000000
vt 0.625000 1.000000
vt 0.500000 1.000000
vt 0.125000 1.000000
vt 0.250000 1.000000
vt 1.000000 1.000000
vt 0.875000 0.500000
vt 1.000000 0.500000
vt 0.750000 0.500000
vt 0.625000 0.500000
vt 0.500000 0.500000
vt 0.375000 0.500000
vt 0.250000 0.500000
vt 0.125000 0.500000
vt 0.000000 0.500000
s 1
f 1/1/1 2/2/1 3/3/1
f 3/3/1 2/2/1 4/4/1
f 1/1/1 3/3/1 5/5/1
f 1/1/1 6/6/1 2/2/1
f 2/2/1 6/6/1 7/7/1
f 6/6/1 1/1/1 8/8/1
f 9/9/2 10/10/3 11/11/3
f 11/11/3 10/10/3 12/12/3
f 10/10/3 9/9/2 13/13/3
f 13/13/3 9/9/2 14/14/3
f 9/9/2 11/11/3 15/15/3
f 9/9/2 15/15/3 16/16/3
f 17/15/4 18/15/5 19/11/6
f 20/11/7 19/11/6 18/15/5
f 21/16/8 18/15/5 17/15/4
f 18/15/5 22/15/9 20/11/7
f 23/11/10 20/11/7 22/15/9
f 24/16/11 22/15/9 18/15/5
f 18/15/5 21/16/8 24/16/11
f 22/15/9 24/16/11 25/16/12
f 24/16/11 26/9/13 25/16/12
f 21/16/8 27/9/14 24/16/11
f 26/9/13 24/16/11 27/9/14
f 27/9/14 21/16/8 28/9/15
f 29/14/16 27/9/14 28/9/15
f 30/14/17 26/9/13 27/9/14
f 27/9/14 29/14/16 30/14/17
f 26/9/13 30/14/17 31/14/18
f 31/14/18 30/14/17 32/13/19
f 30/14/17 29/14/16 33/13/20
f 33/13/20 32/13/19 30/14/17
f 34/13/21 33/13/20 29/14/16
f 35/10/22 33/13/20 34/13/21
f 36/10/23 32/13/19 33/13/20
f 33/13/20 35/10/22 36/10/23
f 32/13/19 36/10/23 37/10/24
f 37/10/24 36/10/23 38/12/25
f 36/10/23 35/10/22 39/12/26
f 39/12/26 38/12/25 36/10/23
f 40/12/27 39/12/26 35/10/22
f 41/17/6 39/12/26 40/12/27
f 39/12/26 41/17/6 42/17/28
f 42/17/28 38/12/25 39/12/26
f 38/12/25 42/17/28 43/17/29
f 44/13/3 45/14/3 46/13/3
f 45/14/3 44/13/3 47/14/3
f 46/13/3 48/10/3 44/13/3
f 49/9/3 45/14/3 47/14/3
f 46/13/3 50/10/3 48/10/3
f 45/14/3 49/9/3 51/9/3
f 52/12/3 48/10/3 50/10/3
f 53/16/3 51/9/3 49/9/3
f 48/10/3 52/12/3 54/12/3
f 52/12/3 55/17/3 54/12/3
f 55/17/3 52/12/3 56/17/3
f 53/16/3 49/9/3 57/16/3
f 58/15/3 53/16/3 57/16/3
f 53/16/3 58/15/3 59/15/3
f 60/11/3 59/15/3 58/15/3
f 58/15/3 61/11/3 60/11/3
f 62/12/30 63/18/30 64/19/31
f 62/12/30 64/19/31 65/17/31
f 66/10/32 63/18/30 62/12/30
f 66/10/32 67/20/32 63/18/30
f 68/13/33 67/20/32 66/10/32
f 68/13/33 69/21/33 67/20/32
f 70/14/34 69/21/33 68/13/33
f 70/14/34 71/22/34 69/21/33
f 72/9/35 71/22/34 70/14/34
f 72/9/35 73/23/35 71/22/34
f 74/16/36 73/23/35 72/9/35
f 73/23/35 74/16/36 75/24/36
f 75/24/36 74/16/36 76/15/37
f 75/24/36 76/15/37 77/25/37
f 78/11/31 77/25/37 76/15/37
f 78/11/31 79/26/31 77/25/37
f 80/12/38 81/17/39 82/17/40
f 81/17/39 80/12/38 83/12/41
f 84/10/42 83/12/41 80/12/38
f 85/10/42 84/10/42 80/12/38
f 86/13/43 84/10/42 85/10/42
f 84/10/42 86/13/43 87/13/44
f 88/14/45 87/13/44 86/13/43
f 89/14/46 88/14/45 86/13/43
f 90/9/47 88/14/45 89/14/46
f 88/14/45 90/9/47 91/9/48
f 90/9/47 92/16/49 91/9/48
f 92/16/49 90/9/47 93/16/49
f 94/15/50 92/16/49 93/16/49
f 92/16/49 94/15/50 95/15/51
f 96/11/52 95/15/51 94/15/50
f 97/11/53 96/11/52 94/15/50
o Cube_005_Cube_069_121294691542287
v -1.636529 0.492142 -0.018737
v -1.636529 0.461541 0.024965
v -1.625481 0.476842 0.003114
v -1.663204 0.498480 -0.027788
v -1.663204 0.455204 0.034017
v -1.689881 0.461541 0.024965
v -1.689881 0.492142 -0.018737
v -1.700929 0.476842 0.003114
v -1.732220 0.450591 -0.034710
v -1.593896 0.432319 -0.008616
v -1.593896 0.450591 -0.034710
v -1.732220 0.432319 -0.008616
v -1.540105 -0.446563 -0.638359
v -1.786012 -0.446563 -0.442483
v -1.786012 -0.446563 -0.638359
v -1.540105 -0.446563 -0.442483
v -1.786012 -0.397954 -0.638359
v -1.540105 -0.397954 -0.638359
v -1.524074 -0.422259 -0.654390
v -1.802044 -0.422259 -0.654390
v -1.540105 -0.446563 -0.638359
v -1.786012 -0.446563 -0.638359
v -1.593896 -0.288971 -0.482304
v -1.732220 -0.307242 -0.456209
v -1.732220 -0.288971 -0.482304
v -1.593896 -0.307242 -0.456209
v -1.540105 -0.446563 -0.638359
v -1.524074 -0.422256 -0.426452
v -1.540105 -0.446563 -0.442483
v -1.524074 -0.422259 -0.654390
v -1.540105 -0.397952 -0.442483
v -1.540105 -0.397954 -0.638359
v -1.802044 -0.422259 -0.654390
v -1.786012 -0.397952 -0.442483
v -1.786012 -0.397954 -0.638359
v -1.802044 -0.422256 -0.426452
v -1.786012 -0.446563 -0.638359
v -1.786012 -0.446563 -0.442483
v -1.593896 0.432319 -0.008616
v -1.593896 -0.288971 -0.482304
v -1.593896 0.450591 -0.034710
v -1.593896 -0.307242 -0.456209
v -1.732220 0.450591 -0.034710
v -1.732220 -0.288971 -0.482304
v -1.732220 0.432319 -0.008616
v -1.732220 -0.307242 -0.456209
v -1.689881 -0.320706 -0.452515
v -1.663204 0.455204 0.034017
v -1.689881 0.461541 0.024965
v -1.663204 -0.327043 -0.443464
v -1.689881 0.492142 -0.018737
v -1.663204 -0.283768 -0.505269
v -1.689881 -0.290106 -0.496218
v -1.663204 0.498480 -0.027788
v -1.663204 -0.283768 -0.505269
v -1.663204 0.498480 -0.027788
v -1.636529 0.492142 -0.018737
v -1.636529 -0.290102 -0.496218
v -1.636529 -0.320706 -0.452515
v -1.663204 0.455204 0.034017
v -1.663204 -0.327043 -0.443464
v -1.636529 0.461541 0.024965
v -1.636529 -0.290102 -0.496218
v -1.636529 0.492142 -0.018737
v -1.625481 0.476842 0.003114
v -1.625481 -0.305406 -0.474366
v -1.636529 0.461541 0.024965
v -1.636529 -0.320706 -0.452515
v -1.689881 0.461541 0.024965
v -1.700929 -0.305406 -0.474366
v -1.689881 -0.320706 -0.452515
v -1.700929 0.476842 0.003114
v -1.689881 -0.290106 -0.496218
v -1.689881 0.492142 -0.018737
v -1.593896 -0.307242 -0.456209
v -1.593896 0.432319 -0.008616
v -1.732220 -0.307242 -0.456209
v -1.732220 0.432319 -0.008616
v -1.593896 0.450591 -0.034710
v -1.593896 -0.288971 -0.482304
v -1.732220 0.450591 -0.034710
v -1.732220 -0.288971 -0.482304
v -1.802044 -0.422256 -0.426452
v -1.524074 -0.422256 -0.426452
v -1.540105 -0.397952 -0.442483
v -1.786012 -0.397952 -0.442483
v -1.540105 -0.446563 -0.442483
v -1.786012 -0.446563 -0.442483
v -1.698020 -0.295723 -0.510088
v -1.727212 -0.409146 -0.547006
v -1.712441 -0.315692 -0.481569
v -1.708465 -0.409146 -0.592266
v -1.708465 -0.409143 -0.501746
v -1.663204 -0.409146 -0.611015
v -1.698020 -0.335660 -0.453050
v -1.663204 -0.343932 -0.441237
v -1.663204 -0.409146 -0.482998
v -1.663204 -0.287450 -0.521902
v -1.628389 -0.295723 -0.510089
v -1.617945 -0.409146 -0.592266
v -1.599196 -0.409146 -0.547006
v -1.613968 -0.315692 -0.481569
v -1.617945 -0.409143 -0.501746
v -1.628389 -0.335660 -0.453050
v -1.663204 -0.343932 -0.441237
v -1.663204 -0.409146 -0.482998
v -1.663204 -0.343932 -0.441237
v -1.689881 -0.320706 -0.452515
v -1.698020 -0.335660 -0.453050
v -1.663204 -0.327043 -0.443464
v -1.712441 -0.315692 -0.481569
v -1.700929 -0.305406 -0.474366
v -1.689881 -0.290106 -0.496218
v -1.698020 -0.295723 -0.510088
v -1.663204 -0.283768 -0.505269
v -1.663204 -0.287450 -0.521902
v -1.628389 -0.295723 -0.510089
v -1.636529 -0.290102 -0.496218
v -1.613968 -0.315692 -0.481569
v -1.625481 -0.305406 -0.474366
v -1.636529 -0.320706 -0.452515
v -1.628389 -0.335660 -0.453050
v -1.663204 -0.343932 -0.441237
v -1.663204 -0.327043 -0.443464
v -1.786012 -0.397954 -0.638359
v -1.540105 -0.397952 -0.442483
v -1.540105 -0.397954 -0.638359
v -1.786012 -0.397952 -0.442483
vn 0.0003 0.8191 0.5737
vn -0.0000 0.8192 0.5736
vn -0.0000 0.8191 0.5736
vn 0.0004 0.8190 0.5738
vn 0.0005 0.8190 0.5738
vn 0.0007 0.8189 0.5740
vn 0.0005 -1.0000 0.0005
vn 0.0007 0.5505 -0.8348
vn -0.0000 0.5506 -0.8348
vn 0.0005 0.0005 -1.0000
vn 0.0005 -0.5505 -0.8348
vn 0.0004 -0.8190 -0.5738
vn 0.0006 -0.8190 -0.5738
vn 0.8348 -0.5505 0.0005
vn 1.0000 0.0005 0.0005
vn 0.8348 -0.5506 -0.0000
vn 0.8348 0.5506 -0.0000
vn 0.8348 0.5505 0.0007
vn -1.0000 0.0005 0.0005
vn -0.8348 0.5506 -0.0000
vn -0.8348 0.5505 0.0005
vn -0.8348 -0.5505 0.0007
vn -0.8348 -0.5505 0.0005
vn -0.8038 -0.3103 0.5076
vn 0.0005 -0.5213 0.8534
vn -0.8078 -0.3074 0.5029
vn 0.0004 -0.5212 0.8534
vn -0.8038 0.3103 -0.5076
vn 0.0004 0.5212 -0.8534
vn -0.8078 0.3074 -0.5029
vn 0.0005 0.5212 -0.8534
vn 0.0006 0.5213 -0.8534
vn 0.8038 0.3103 -0.5077
vn 0.8078 0.3074 -0.5029
vn 0.8038 -0.3103 0.5076
vn 0.0005 -0.5212 0.8534
vn 0.0007 -0.5213 0.8534
vn 0.8079 -0.3074 0.5029
vn 0.8079 0.3074 -0.5028
vn 0.8038 0.3103 -0.5076
vn 1.0000 0.0034 -0.0063
vn 1.0000 -0.0034 0.0063
vn 0.8079 -0.3074 0.5028
vn 0.8038 -0.3103 0.5075
vn -0.8079 -0.3074 0.5028
vn -1.0000 -0.0034 0.0063
vn -0.8038 -0.3102 0.5076
vn -1.0000 0.0034 -0.0063
vn -0.8079 0.3074 -0.5028
vn -0.8038 0.3102 -0.5076
vn -0.0000 -0.5178 0.8555
vn 0.0004 0.5175 -0.8557
vn -0.0000 0.5178 -0.8555
vn 0.0006 0.5175 -0.8557
vn 0.0005 0.0005 1.0000
vn 0.0005 0.5505 0.8348
vn 0.0006 0.5505 0.8348
vn 0.0007 -0.5505 0.8348
vn 0.0005 -0.5505 0.8348
vn -0.6982 0.4656 -0.5438
vn -0.9866 0.1598 -0.0318
vn -0.9931 0.1021 0.0582
vn -0.7803 0.4207 -0.4628
vn -0.8612 -0.1920 0.4706
vn 0.0005 0.5993 -0.8005
vn -0.7097 -0.3219 0.6267
vn 0.0005 -0.5261 0.8504
vn 0.0004 -0.5261 0.8504
vn 0.6982 0.4656 -0.5438
vn 0.7803 0.4207 -0.4627
vn 0.9866 0.1598 -0.0318
vn 0.9931 0.1021 0.0581
vn 0.8612 -0.1920 0.4706
vn 0.7097 -0.3219 0.6267
vn 0.0006 -0.5261 0.8504
vn 0.0005 0.1305 0.9915
vn -0.4100 0.1911 0.8918
vn -0.6704 0.3413 0.6589
vn -0.7371 0.5535 0.3876
vn -0.7371 0.5536 0.3876
vn -0.4100 0.9034 -0.1256
vn -0.6709 0.7354 0.0953
vn 0.0003 0.9763 -0.2163
vn 0.0007 0.9763 -0.2164
vn 0.6709 0.7354 0.0952
vn 0.4100 0.9034 -0.1255
vn 0.7374 0.5535 0.3872
vn 0.7371 0.5536 0.3876
vn 0.4100 0.1911 0.8918
vn 0.6704 0.3413 0.6589
vn 0.0007 0.1304 0.9915
vn 0.0005 0.1305 0.9914
vn 0.0005 1.0000 0.0005
vt 0.625000 0.500000
vt 0.875000 0.500000
vt 0.750000 0.500000
vt 0.500000 0.500000
vt 0.000000 0.500000
vt 0.125000 0.500000
vt 0.375000 0.500000
vt 0.250000 0.500000
vt 0.375000 0.250000
vt 0.625000 0.250000
vt 0.625000 1.000000
vt 0.375000 0.750000
vt 0.625000 0.750000
vt 0.375000 1.000000
vt 0.875000 0.625000
vt 0.625000 0.625000
vt 0.875000 0.750000
vt 0.625000 0.000000
vt 0.375000 0.125000
vt 0.375000 0.000000
vt 0.625000 0.125000
vt 0.375000 0.625000
vt 0.125000 0.950000
vt 0.000000 0.950000
vt 0.500000 0.950000
vt 0.375000 0.950000
vt 0.625000 0.950000
vt 0.875000 0.950000
vt 1.000000 0.500000
vt 1.000000 0.950000
vt 0.750000 0.950000
vt 0.250000 0.950000
vt 0.125000 0.750000
vt 0.125000 0.625000
s 1
f 98/27/54 99/28/55 100/29/56
f 101/30/57 99/28/55 98/27/54
f 99/28/55 101/30/57 102/31/58
f 101/30/57 103/32/57 102/31/58
f 103/32/57 101/30/57 104/33/59
f 103/32/57 104/33/59 105/34/56
f 106/27/54 107/35/57 108/36/55
f 107/35/57 106/27/54 109/33/55
f 110/37/60 111/38/60 112/39/60
f 111/38/60 110/37/60 113/40/60
f 114/27/61 115/28/62 116/41/63
f 114/27/61 116/41/63 117/42/63
f 118/43/64 117/42/63 116/41/63
f 117/42/63 118/43/64 119/39/64
f 120/37/65 121/38/65 122/39/65
f 121/38/65 120/37/65 123/40/66
f 124/44/67 125/45/68 126/46/69
f 125/45/68 124/44/67 127/47/68
f 127/47/68 128/35/70 125/45/68
f 128/35/70 127/47/68 129/36/71
f 130/42/72 131/33/73 132/27/74
f 130/42/72 133/48/72 131/33/73
f 134/39/75 133/48/72 130/42/72
f 133/48/72 134/39/75 135/38/76
f 136/35/68 137/44/68 138/36/68
f 137/44/68 136/35/68 139/46/68
f 140/27/72 141/39/72 142/33/72
f 142/33/72 141/39/72 143/38/72
f 144/49/77 145/31/78 146/32/79
f 145/31/78 144/49/77 147/50/80
f 148/33/81 149/51/82 150/52/83
f 149/51/82 148/33/81 151/30/82
f 152/51/84 153/30/85 154/27/86
f 154/27/86 155/53/87 152/51/84
f 156/54/88 157/55/89 158/56/90
f 157/55/89 156/54/88 159/28/91
f 160/53/92 161/27/93 162/29/94
f 162/29/94 163/57/95 160/53/92
f 163/57/95 162/29/94 164/28/96
f 164/28/96 165/54/97 163/57/95
f 166/32/98 167/58/99 168/49/100
f 167/58/99 166/32/98 169/34/101
f 169/34/101 170/52/102 167/58/99
f 170/52/102 169/34/101 171/33/103
f 172/59/104 173/32/104 174/38/104
f 174/38/104 173/32/104 175/33/104
f 176/28/105 177/43/106 178/27/106
f 178/27/106 177/43/106 179/39/107
f 180/48/108 181/60/108 182/32/109
f 180/48/108 182/32/109 183/33/110
f 180/48/108 184/59/111 181/60/108
f 184/59/111 180/48/108 185/38/112
f 186/52/113 187/58/114 188/58/115
f 187/58/114 186/52/113 189/52/116
f 190/49/117 188/58/115 187/58/114
f 186/52/113 191/51/118 189/52/116
f 188/58/115 190/49/117 192/49/119
f 190/49/117 193/50/120 192/49/119
f 190/49/117 194/50/121 193/50/120
f 195/51/118 191/51/118 186/52/113
f 196/53/122 191/51/118 195/51/118
f 191/51/118 196/53/122 197/53/123
f 197/53/123 196/53/122 198/57/124
f 198/57/124 196/53/122 199/57/125
f 198/57/124 199/57/125 200/54/126
f 200/54/126 199/57/125 201/54/127
f 202/56/120 200/54/126 201/54/127
f 200/54/126 202/56/120 203/56/128
f 204/50/129 205/49/130 206/49/131
f 205/49/130 204/50/129 207/50/129
f 205/49/130 208/58/132 206/49/131
f 205/49/130 209/58/133 208/58/132
f 210/52/134 208/58/132 209/58/133
f 208/58/132 210/52/134 211/52/135
f 212/51/136 211/52/135 210/52/134
f 211/52/135 212/51/136 213/51/137
f 214/53/138 213/51/137 212/51/136
f 214/53/138 212/51/136 215/53/139
f 215/53/139 216/57/140 214/53/138
f 216/57/140 215/53/139 217/57/141
f 218/54/142 216/57/140 217/57/141
f 216/57/140 218/54/142 219/54/143
f 220/56/144 219/54/143 218/54/142
f 220/56/144 218/54/142 221/56/145
f 222/27/146 223/35/146 224/36/146
f 223/35/146 222/27/146 225/33/146
o Cube_005_Cube_069_121294691542287.001
v -1.691008 0.488344 -0.001529
v -1.691008 0.457743 -0.045231
v -1.702056 0.473044 -0.023380
v -1.664334 0.494682 0.007522
v -1.664334 0.451406 -0.054283
v -1.637656 0.457743 -0.045231
v -1.637656 0.488344 -0.001529
v -1.626608 0.473044 -0.023380
v -1.595318 0.446793 0.014445
v -1.733642 0.428522 -0.011650
v -1.733642 0.446793 0.014445
v -1.595318 0.428522 -0.011650
v -1.787432 -0.450360 0.618093
v -1.541525 -0.450360 0.422218
v -1.541525 -0.450360 0.618093
v -1.787432 -0.450360 0.422218
v -1.541525 -0.401750 0.618093
v -1.787432 -0.401750 0.618093
v -1.803464 -0.426055 0.634124
v -1.525494 -0.426055 0.634124
v -1.787432 -0.450360 0.618093
v -1.541525 -0.450360 0.618093
v -1.733642 -0.292768 0.462038
v -1.595318 -0.311039 0.435943
v -1.595318 -0.292768 0.462038
v -1.733642 -0.311039 0.435943
v -1.787432 -0.450360 0.618093
v -1.803464 -0.426053 0.406187
v -1.787432 -0.450360 0.422218
v -1.803464 -0.426055 0.634124
v -1.787432 -0.401750 0.422218
v -1.787432 -0.401750 0.618093
v -1.525494 -0.426055 0.634124
v -1.541525 -0.401750 0.422218
v -1.541525 -0.401750 0.618093
v -1.525494 -0.426053 0.406187
v -1.541525 -0.450360 0.618093
v -1.541525 -0.450360 0.422218
v -1.733642 0.428522 -0.011650
v -1.733642 -0.292768 0.462038
v -1.733642 0.446793 0.014445
v -1.733642 -0.311039 0.435943
v -1.595318 0.446793 0.014445
v -1.595318 -0.292768 0.462038
v -1.595318 0.428522 -0.011650
v -1.595318 -0.311039 0.435943
v -1.637656 -0.324502 0.432250
v -1.664334 0.451406 -0.054283
v -1.637656 0.457743 -0.045231
v -1.664334 -0.330840 0.423198
v -1.637656 0.488344 -0.001529
v -1.664334 -0.287564 0.485003
v -1.637656 -0.293902 0.475952
v -1.664334 0.494682 0.007522
v -1.664334 -0.287564 0.485003
v -1.664334 0.494682 0.007522
v -1.691008 0.488344 -0.001529
v -1.691008 -0.293899 0.475952
v -1.691008 -0.324502 0.432250
v -1.664334 0.451406 -0.054283
v -1.664334 -0.330840 0.423198
v -1.691008 0.457743 -0.045231
v -1.691008 -0.293899 0.475952
v -1.691008 0.488344 -0.001529
v -1.702056 0.473044 -0.023380
v -1.702056 -0.309202 0.454101
v -1.691008 0.457743 -0.045231
v -1.691008 -0.324502 0.432250
v -1.637656 0.457743 -0.045231
v -1.626608 -0.309202 0.454101
v -1.637656 -0.324502 0.432250
v -1.626608 0.473044 -0.023380
v -1.637656 -0.293902 0.475952
v -1.637656 0.488344 -0.001529
v -1.733642 -0.311039 0.435943
v -1.733642 0.428522 -0.011650
v -1.595318 -0.311039 0.435943
v -1.595318 0.428522 -0.011650
v -1.733642 0.446793 0.014445
v -1.733642 -0.292768 0.462038
v -1.595318 0.446793 0.014445
v -1.595318 -0.292768 0.462038
v -1.525494 -0.426053 0.406187
v -1.803464 -0.426053 0.406187
v -1.787432 -0.401750 0.422218
v -1.541525 -0.401750 0.422218
v -1.787432 -0.450360 0.422218
v -1.541525 -0.450360 0.422218
v -1.629518 -0.299519 0.489823
v -1.600326 -0.412941 0.526740
v -1.615096 -0.319488 0.461303
v -1.619073 -0.412941 0.572001
v -1.619073 -0.412941 0.481480
v -1.664334 -0.412941 0.590749
v -1.629518 -0.339457 0.432784
v -1.664334 -0.347730 0.420971
v -1.664334 -0.412942 0.462733
v -1.664334 -0.291247 0.501637
v -1.699148 -0.299519 0.489824
v -1.709593 -0.412941 0.572001
v -1.728341 -0.412941 0.526740
v -1.713570 -0.319488 0.461303
v -1.709593 -0.412941 0.481480
v -1.699148 -0.339457 0.432784
v -1.664334 -0.347730 0.420971
v -1.664334 -0.412942 0.462733
v -1.664334 -0.347730 0.420971
v -1.637656 -0.324502 0.432250
v -1.629518 -0.339457 0.432784
v -1.664334 -0.330840 0.423198
v -1.615096 -0.319488 0.461303
v -1.626608 -0.309202 0.454101
v -1.637656 -0.293902 0.475952
v -1.629518 -0.299519 0.489823
v -1.664334 -0.287564 0.485003
v -1.664334 -0.291247 0.501637
v -1.699148 -0.299519 0.489824
v -1.691008 -0.293899 0.475952
v -1.713570 -0.319488 0.461303
v -1.702056 -0.309202 0.454101
v -1.691008 -0.324502 0.432250
v -1.699148 -0.339457 0.432784
v -1.664334 -0.347730 0.420971
v -1.664334 -0.330840 0.423198
v -1.541525 -0.401750 0.618093
v -1.787432 -0.401750 0.422218
v -1.787432 -0.401750 0.618093
v -1.541525 -0.401750 0.422218
vn -0.0006 0.8190 -0.5739
vn -0.0000 0.8192 -0.5736
vn -0.0004 0.8190 -0.5738
vn -0.0007 0.8189 -0.5740
vn -0.0000 0.8191 -0.5736
vn -0.0007 0.8190 -0.5738
vn -0.0005 -1.0000 -0.0005
vn -0.0005 0.5505 0.8348
vn -0.0000 0.5506 0.8348
vn -0.0005 0.0005 1.0000
vn -0.0009 -0.5505 0.8348
vn -0.0003 -0.5506 0.8348
vn -0.0003 -0.8190 0.5737
vn -0.0004 -0.8190 0.5738
vn -0.0006 -0.8190 0.5739
vn -0.8348 -0.5505 -0.0006
vn -1.0000 0.0005 -0.0005
vn -0.8348 -0.5506 -0.0000
vn -0.8348 0.5506 -0.0000
vn -0.8348 0.5505 -0.0003
vn 1.0000 0.0005 -0.0005
vn 0.8348 0.5506 -0.0000
vn 0.8348 0.5505 -0.0006
vn 0.8348 -0.5505 -0.0007
vn 0.8348 -0.5505 -0.0005
vn 0.8038 -0.3103 -0.5076
vn -0.0005 -0.5213 -0.8534
vn 0.8078 -0.3074 -0.5029
vn -0.0004 -0.5212 -0.8534
vn 0.8038 0.3103 0.5076
vn -0.0004 0.5212 0.8534
vn 0.8078 0.3074 0.5029
vn -0.0005 0.5212 0.8534
vn -0.0006 0.5213 0.8534
vn -0.8038 0.3103 0.5076
vn -0.8078 0.3074 0.5029
vn -0.8038 -0.3103 -0.5076
vn -0.0005 -0.5212 -0.8534
vn -0.0006 -0.5213 -0.8534
vn -0.8079 -0.3074 -0.5029
vn -0.8079 0.3074 0.5028
vn -1.0000 0.0034 0.0063
vn -1.0000 -0.0034 -0.0063
vn -0.8079 -0.3074 -0.5028
vn 0.8079 -0.3074 -0.5028
vn 1.0000 -0.0034 -0.0063
vn 0.8038 -0.3102 -0.5076
vn 1.0000 0.0034 0.0063
vn 0.8079 0.3074 0.5028
vn 0.8038 0.3102 0.5076
vn -0.0000 -0.5178 -0.8555
vn -0.0000 0.5178 0.8555
vn -0.0004 0.5175 0.8557
vn -0.0005 0.0005 -1.0000
vn -0.0006 0.5505 -0.8348
vn -0.0005 0.5505 -0.8348
vn -0.0005 -0.5505 -0.8348
vn -0.0006 -0.5505 -0.8348
vn 0.6982 0.4656 0.5438
vn 0.9866 0.1598 0.0318
vn 0.9931 0.1021 -0.0582
vn 0.7803 0.4207 0.4627
vn 0.8612 -0.1920 -0.4706
vn -0.0005 0.5993 0.8005
vn 0.7097 -0.3219 -0.6267
vn -0.0005 -0.5261 -0.8504
vn -0.6982 0.4656 0.5438
vn -0.7803 0.4207 0.4627
vn -0.9866 0.1598 0.0318
vn -0.9931 0.1021 -0.0581
vn -0.8612 -0.1920 -0.4706
vn -0.7097 -0.3219 -0.6267
vn -0.0007 -0.5261 -0.8504
vn -0.0005 0.1305 -0.9914
vn 0.4100 0.1911 -0.8918
vn 0.6704 0.3412 -0.6589
vn -0.0005 0.1305 -0.9915
vn 0.7371 0.5535 -0.3876
vn 0.7373 0.5535 -0.3873
vn 0.4100 0.9034 0.1256
vn 0.6708 0.7354 -0.0953
vn -0.0003 0.9763 0.2163
vn -0.0006 0.9763 0.2164
vn -0.6709 0.7354 -0.0952
vn -0.4100 0.9034 0.1255
vn -0.7374 0.5535 -0.3872
vn -0.7371 0.5536 -0.3876
vn -0.4100 0.1911 -0.8918
vn -0.6704 0.3413 -0.6589
vn -0.0005 0.1304 -0.9915
vn -0.0005 1.0000 -0.0005
vt 0.625000 0.500000
vt 0.875000 0.500000
vt 0.750000 0.500000
vt 0.500000 0.500000
vt 0.000000 0.500000
vt 0.125000 0.500000
vt 0.375000 0.500000
vt 0.250000 0.500000
vt 0.375000 0.250000
vt 0.625000 0.250000
vt 0.625000 1.000000
vt 0.375000 0.750000
vt 0.625000 0.750000
vt 0.375000 1.000000
vt 0.875000 0.625000
vt 0.625000 0.625000
vt 0.875000 0.750000
vt 0.625000 0.000000
vt 0.375000 0.125000
vt 0.375000 0.000000
vt 0.625000 0.125000
vt 0.375000 0.625000
vt 0.125000 0.950000
vt 0.000000 0.950000
vt 0.500000 0.950000
vt 0.375000 0.950000
vt 0.625000 0.950000
vt 0.875000 0.950000
vt 1.000000 0.500000
vt 1.000000 0.950000
vt 0.750000 0.950000
vt 0.250000 0.950000
vt 0.125000 0.750000
vt 0.125000 0.625000
s 1
f 226/61/147 227/62/148 228/63/149
f 229/64/149 227/62/148 226/61/147
f 227/62/148 229/64/149 230/65/147
f 229/64/149 231/66/148 230/65/147
f 231/66/148 229/64/149 232/67/150
f 231/66/148 232/67/150 233/68/151
f 234/61/149 235/69/149 236/70/152
f 235/69/149 234/61/149 237/67/148
f 238/71/153 239/72/153 240/73/153
f 239/72/153 238/71/153 241/74/153
f 242/61/154 243/62/155 244/75/156
f 242/61/154 244/75/156 245/76/156
f 246/77/157 245/76/156 244/75/156
f 245/76/156 246/77/157 247/73/158
f 248/71/159 249/72/160 250/73/160
f 249/72/160 248/71/159 251/74/161
f 252/78/162 253/79/163 254/80/164
f 253/79/163 252/78/162 255/81/163
f 255/81/163 256/69/165 253/79/163
f 256/69/165 255/81/163 257/70/166
f 258/76/167 259/67/168 260/61/169
f 258/76/167 261/82/167 259/67/168
f 262/73/170 261/82/167 258/76/167
f 261/82/167 262/73/170 263/72/171
f 264/69/163 265/78/163 266/70/163
f 265/78/163 264/69/163 267/80/163
f 268/61/167 269/73/167 270/67/167
f 270/67/167 269/73/167 271/72/167
f 272/83/172 273/65/173 274/66/174
f 273/65/173 272/83/172 275/84/175
f 276/67/176 277/85/177 278/86/178
f 277/85/177 276/67/176 279/64/177
f 280/85/179 281/64/180 282/61/181
f 282/61/181 283/87/182 280/85/179
f 284/88/183 285/89/184 286/90/185
f 285/89/184 284/88/183 287/62/186
f 288/87/187 289/61/181 290/63/188
f 290/63/188 291/91/189 288/87/187
f 291/91/189 290/63/188 292/62/190
f 292/62/190 293/88/183 291/91/189
f 294/66/191 295/92/192 296/83/193
f 295/92/192 294/66/191 297/68/194
f 297/68/194 298/86/195 295/92/192
f 298/86/195 297/68/194 299/67/196
f 300/93/197 301/66/197 302/72/197
f 302/72/197 301/66/197 303/67/197
f 304/62/198 305/77/199 306/61/199
f 306/61/199 305/77/199 307/73/199
f 308/82/200 309/94/200 310/66/201
f 308/82/200 310/66/201 311/67/202
f 308/82/200 312/93/203 309/94/200
f 312/93/203 308/82/200 313/72/204
f 314/86/205 315/92/206 316/92/207
f 315/92/206 314/86/205 317/86/208
f 318/83/209 316/92/207 315/92/206
f 314/86/205 319/85/210 317/86/208
f 316/92/207 318/83/209 320/83/211
f 318/83/209 321/84/212 320/83/211
f 318/83/209 322/84/212 321/84/212
f 323/85/210 319/85/210 314/86/205
f 324/87/213 319/85/210 323/85/210
f 319/85/210 324/87/213 325/87/214
f 325/87/214 324/87/213 326/91/215
f 326/91/215 324/87/213 327/91/216
f 326/91/215 327/91/216 328/88/217
f 328/88/217 327/91/216 329/88/218
f 330/90/219 328/88/217 329/88/218
f 328/88/217 330/90/219 331/90/219
f 332/84/220 333/83/221 334/83/222
f 333/83/221 332/84/220 335/84/223
f 333/83/221 336/92/224 334/83/222
f 333/83/221 337/92/225 336/92/224
f 338/86/226 336/92/224 337/92/225
f 336/92/224 338/86/226 339/86/227
f 340/85/228 339/86/227 338/86/226
f 339/86/227 340/85/228 341/85/229
f 342/87/230 341/85/229 340/85/228
f 342/87/230 340/85/228 343/87/231
f 343/87/231 344/91/232 342/87/230
f 344/91/232 343/87/231 345/91/233
f 346/88/234 344/91/232 345/91/233
f 344/91/232 346/88/234 347/88/235
f 348/90/236 347/88/235 346/88/234
f 348/90/236 346/88/234 349/90/220
f 350/61/237 351/69/237 352/70/237
f 351/69/237 350/61/237 353/67/237
o Cube_006_Cube_070_85918211090205
v -3.544109 0.614862 -0.000000
v -3.406062 0.746093 0.168725
v -3.544109 0.746093 -0.000000
v -3.406062 0.614862 0.168725
v -3.406062 0.746093 -0.168725
v -3.406062 0.614862 -0.168725
v -3.617819 0.773276 -0.168725
v -3.617819 0.587679 -0.168725
v -3.759212 0.587679 -0.000000
v -3.759212 0.773276 -0.000000
v -3.759212 0.773276 -0.000000
v -3.759212 0.587679 -0.000000
v -3.617819 0.587679 0.168725
v -3.617819 0.773276 0.168725
v 2.346846 0.513126 -0.000000
v 2.317232 0.396289 0.117663
v 2.317232 0.396289 -0.000000
v 2.346846 0.513126 0.148822
v 2.317232 0.396289 -0.117663
v 2.346846 0.513126 -0.000000
v 2.346846 0.513126 -0.148822
v 2.346846 0.513126 -0.148822
v 2.408130 0.683850 -0.000000
v 2.346846 0.513126 -0.000000
v 2.408130 0.683850 -0.152307
v 2.408130 0.683850 -0.000000
v 2.346846 0.513126 0.148822
v 2.408130 0.683850 0.152307
v 2.389277 0.789374 -0.110529
v 2.408130 0.683850 -0.000000
v 2.408130 0.683850 -0.152307
v 2.389277 0.789374 -0.000000
v 2.389277 0.789374 0.110529
v 2.408130 0.683850 -0.000000
v 2.408130 0.683850 0.152307
v 2.317232 0.396289 -0.000000
v 2.321311 0.279451 0.101736
v 2.321311 0.279451 0.000000
v 2.317232 0.396289 0.117663
v 2.321311 0.279451 -0.101736
v 2.317232 0.396289 -0.000000
v 2.317232 0.396289 -0.117663
v 2.321311 0.279451 0.000000
v 2.347839 0.198278 0.099297
v 2.347839 0.198278 0.000000
v 2.321311 0.279451 0.101736
v 2.347839 0.198278 -0.099297
v 2.321311 0.279451 0.000000
v 2.321311 0.279451 -0.101736
v -2.051263 0.788307 -0.073798
v -2.051263 0.788307 0.072889
v -2.051263 0.843695 0.034296
v -2.051263 0.825376 0.079295
v -2.051263 0.843695 -0.035205
v -2.051263 0.825376 -0.080205
v 2.320069 0.100647 -0.098729
v 2.347839 0.198278 0.000000
v 2.320069 0.100647 0.000000
v 2.347839 0.198278 -0.099297
v 2.320069 0.100647 0.098729
v 2.347839 0.198278 0.099297
v 2.230235 0.076868 -0.098162
v 2.320069 0.100647 -0.098729
v 2.230235 0.076868 0.000000
v 2.150356 0.071547 -0.098162
v 2.150356 0.071547 0.000000
v 2.230235 0.076868 0.098162
v 2.320069 0.100647 0.098729
v 2.150356 0.071547 0.098162
v -1.898096 0.527926 -0.062988
v -1.898096 0.432242 -0.000000
v -1.898096 0.550415 -0.000000
v -1.898096 0.465050 -0.098423
v -1.898096 0.577921 -0.063087
v -1.898096 0.527926 0.062988
v -1.898096 0.577921 0.063087
v -1.898096 0.465050 0.098423
v -1.488001 0.527926 -0.062988
v -1.488001 0.432242 -0.000000
v -1.488001 0.550415 -0.000000
v -1.488001 0.465050 -0.098423
v -1.488001 0.577921 -0.063087
v -1.488001 0.527926 0.062988
v -1.488001 0.577921 0.063087
v -1.488001 0.465050 0.098423
v 1.262015 1.256508 0.052278
v 1.262015 1.325291 0.052278
v 1.262015 1.325291 0.070837
v 1.262015 1.256508 0.070837
v 1.262015 1.256508 -0.070839
v 1.262015 1.325291 -0.070839
v 1.262015 1.325291 -0.052278
v 1.262015 1.256508 -0.052278
v 2.317481 0.833165 -0.000000
v 2.389277 0.789374 0.110529
v 2.389277 0.789374 -0.000000
v 2.389277 0.789374 -0.110529
v -0.971876 1.325291 -0.070838
v -0.971876 1.256508 -0.070838
v -0.971876 1.256508 -0.052278
v -0.971876 1.325291 -0.052278
v -0.971876 1.325291 0.052278
v -0.971876 1.256508 0.052278
v -0.971876 1.256508 0.070839
v -0.971876 1.325291 0.070839
v 0.818901 0.788307 0.072889
v 0.818901 0.843695 0.034296
v 0.818901 0.825376 0.079295
v 0.818901 0.788307 -0.073798
v 0.818901 0.843695 -0.035205
v 0.818901 0.825376 -0.080205
v 0.616185 1.177798 -0.117287
v 0.616185 1.057159 0.117287
v 0.616185 1.057159 -0.117287
v 0.616185 1.177798 0.117287
v 0.616185 1.244819 0.035186
v 0.616185 1.177798 -0.117287
v 0.616185 1.244819 -0.035186
v 0.616185 1.177798 0.117287
v 0.616185 1.043755 -0.117287
v 0.616185 1.043755 0.117287
v 0.616185 0.993489 -0.117287
v 0.616185 0.993489 0.117287
v 0.616185 0.954393 -0.078191
v 0.616185 0.954393 0.078191
v 0.616185 0.993489 -0.117287
v 0.616185 0.954393 0.078191
v 0.616185 0.915298 -0.078191
v 0.616185 0.915298 0.078191
v 0.616185 0.876202 -0.117287
v 0.616185 0.876202 0.117287
v 0.616185 0.915298 -0.078191
v 0.616185 0.876202 -0.117287
v 0.616185 0.876202 0.117287
v 0.616185 0.778940 -0.097590
v 0.616185 0.778940 0.097590
v -1.488001 0.465050 -0.098423
v -1.389578 0.465050 -0.098423
v -1.389578 0.432242 -0.000000
v -1.488001 0.432242 -0.000000
v -1.389578 0.465050 0.098423
v -1.488001 0.465050 0.098423
v -1.898096 0.465050 -0.098423
v -1.799673 0.465050 -0.098423
v -1.799673 0.432242 -0.000000
v -1.898096 0.432242 -0.000000
v -1.799673 0.465050 0.098423
v -1.898096 0.465050 0.098423
v 0.472626 1.180721 0.113706
v 0.472626 1.180721 -0.113707
v 0.472626 1.224285 -0.060405
v 0.472626 1.224285 0.060405
v 0.616185 1.043755 0.117287
v 0.616185 1.043755 -0.117287
v 0.606615 1.050457 -0.105559
v 0.606615 1.050457 0.105558
v 0.314477 1.239881 0.112350
v 0.364743 1.127532 -0.112350
v 0.314477 1.239881 -0.112350
v 0.364743 1.127532 0.112350
v 0.364743 1.053001 -0.112350
v 0.364743 1.053001 0.112350
v -3.414373 0.587679 -0.000000
v -3.367851 0.587679 -0.168725
v -3.325809 0.587679 -0.105683
v -3.617819 0.587679 -0.168725
v -3.759212 0.587679 -0.000000
v -3.617819 0.587679 0.168725
v -3.367851 0.587679 0.168725
v -3.325809 0.587679 0.105683
v 0.155982 1.362738 -0.062900
v 0.281784 1.362738 -0.062900
v 0.218882 1.362738 -0.088956
v 0.307838 1.362738 -0.000000
v 0.129928 1.362738 -0.000000
v 0.155982 1.362738 0.062900
v 0.281784 1.362738 0.062900
v 0.218882 1.362738 0.088955
v 0.616185 1.057159 -0.117287
v 0.606615 1.050457 0.105558
v 0.606615 1.050457 -0.105559
v 0.616185 1.057159 0.117287
v 0.267268 1.289014 0.048385
v 0.218882 1.289014 0.068427
v 0.218882 1.280030 0.083632
v 0.278021 1.280030 0.059137
v 0.287310 1.289014 -0.000000
v 0.302516 1.280030 -0.000000
v 0.267268 1.289014 -0.048385
v 0.278021 1.280029 -0.059138
v 0.218882 1.280029 -0.083634
v 0.218882 1.289014 -0.068427
v 0.159746 1.280030 -0.059138
v 0.170497 1.289014 -0.048385
v 0.135250 1.280030 -0.000000
v 0.150456 1.289014 -0.000000
v 0.170497 1.289014 0.048385
v 0.159746 1.280030 0.059137
v 0.218882 1.289014 0.068427
v 0.218882 1.280030 0.083632
v 0.159746 1.186670 -0.152497
v 0.218882 1.211164 -0.068673
v 0.218882 1.211164 -0.152497
v 0.159746 1.186670 -0.068673
v 0.135250 1.127532 -0.152497
v 0.135250 1.127532 -0.068673
v 0.159746 1.068395 -0.152497
v 0.159746 1.068395 -0.068673
v 0.218882 1.043899 -0.152497
v 0.218882 1.043899 -0.068673
v 0.278021 1.068395 -0.152497
v 0.278021 1.068395 -0.068673
v 0.302516 1.127532 -0.152497
v 0.302516 1.127532 -0.068673
v 0.278021 1.186670 -0.152497
v 0.278021 1.186670 -0.068673
v 0.218882 1.211164 -0.152497
v 0.218882 1.211164 -0.068673
v 0.287310 1.317498 -0.000000
v 0.267268 1.289014 0.048385
v 0.287310 1.289014 -0.000000
v 0.267268 1.317498 0.048385
v 0.218882 1.289014 0.068427
v 0.218882 1.317498 0.068427
v 0.267268 1.317498 -0.048385
v 0.267268 1.289014 -0.048385
v 0.218882 1.317498 -0.068427
v 0.218882 1.289014 -0.068427
v 0.170497 1.317498 -0.048385
v 0.170497 1.289014 -0.048385
v 0.150456 1.317498 -0.000000
v 0.150456 1.289014 -0.000000
v 0.170497 1.317498 0.048385
v 0.170497 1.289014 0.048385
v 0.218882 1.317498 0.068427
v 0.218882 1.289014 0.068427
v -0.178419 1.244819 -0.035186
v 0.012994 1.244819 0.035186
v 0.012994 1.244819 -0.035186
v -0.178420 1.244819 0.035186
v 0.424773 1.244819 -0.035186
v 0.616185 1.244819 0.035186
v 0.616185 1.244819 -0.035186
v 0.424773 1.244819 0.035186
v 0.314477 1.239881 -0.112350
v 0.127596 1.239881 -0.112350
v 0.127596 1.239881 0.112350
v 0.314477 1.239881 0.112350
v 0.281784 1.064631 0.235206
v 0.129928 1.127532 0.235206
v 0.155982 1.064631 0.235206
v 0.218882 1.038576 0.235206
v 0.307838 1.127532 0.235206
v 0.281784 1.190432 0.235206
v 0.155982 1.190432 0.235206
v 0.218882 1.216487 0.235206
v 0.281784 1.190432 -0.235206
v 0.129928 1.127532 -0.235206
v 0.155982 1.190432 -0.235206
v 0.218882 1.216487 -0.235206
v 0.307838 1.127532 -0.235206
v 0.281784 1.064631 -0.235206
v 0.155982 1.064631 -0.235206
v 0.218882 1.038576 -0.235206
v -0.178419 0.778940 -0.097590
v 0.012994 0.778940 -0.097590
v 0.012994 0.778940 0.097590
v -0.178419 0.778940 0.097590
v 0.616185 0.778940 -0.097590
v 0.424773 0.778940 0.097590
v 0.424773 0.778940 -0.097590
v 0.616185 0.778940 0.097590
v 2.150356 0.071547 -0.098162
v 2.317232 0.396289 -0.117663
v 2.321311 0.279451 -0.101736
v 2.230235 0.076868 -0.098162
v 2.347839 0.198278 -0.099297
v 2.150356 0.683850 -0.152307
v 2.346846 0.513126 -0.148822
v 2.408130 0.683850 -0.152307
v 2.150356 0.071547 0.098162
v 2.321311 0.279451 0.101736
v 2.317232 0.396289 0.117663
v 2.230235 0.076868 0.098162
v 2.347839 0.198278 0.099297
v 2.150356 0.683850 0.152307
v 2.346846 0.513126 0.148822
v 2.408130 0.683850 0.152307
v -0.034860 1.224285 -0.060405
v -0.178419 1.244819 -0.035186
v 0.012994 1.244819 -0.035186
v -0.130567 1.224285 -0.060405
v -0.034860 1.224285 0.060405
v -0.178420 1.244819 0.035186
v -0.130567 1.224285 0.060405
v 0.012994 1.244819 0.035186
v -0.178419 1.177798 -0.117287
v -0.034860 1.180721 -0.113707
v 0.012994 1.177798 -0.117287
v -0.130567 1.180721 -0.113707
v -0.034860 1.180721 0.113706
v -0.178419 1.177798 0.117287
v 0.012994 1.177798 0.117287
v -0.130567 1.180721 0.113706
v 0.424773 1.244819 -0.035186
v 0.616185 1.244819 -0.035186
v 0.568332 1.224285 -0.060405
v 0.472626 1.224285 -0.060405
v 0.424773 1.177798 -0.117287
v 0.472626 1.224285 -0.060405
v 0.472626 1.180721 -0.113707
v 0.616185 1.177798 -0.117287
v 0.568332 1.180721 -0.113707
v 0.616185 1.244819 -0.035186
v 0.424773 1.177798 -0.117287
v 0.568332 1.180721 -0.113707
v 0.472626 1.224285 0.060405
v 0.616185 1.244819 0.035186
v 0.424773 1.244819 0.035186
v 0.568332 1.224285 0.060405
v 0.568332 1.224285 0.060405
v 0.616185 1.177798 0.117287
v 0.568332 1.180721 0.113706
v 0.424773 1.177798 0.117287
v 0.424773 1.244819 0.035186
v 0.472626 1.180721 0.113706
v 0.616185 1.177798 0.117287
v 0.472626 1.180721 0.113706
v -0.130567 1.224285 0.060405
v -0.178420 1.244819 0.035186
v -0.178419 1.177798 0.117287
v -0.130567 1.180721 0.113706
v -0.130567 1.180721 -0.113707
v -0.130567 1.180721 0.113706
v -0.034860 1.180721 -0.113707
v -0.034860 1.180721 0.113706
v 0.472626 1.180721 -0.113707
v 0.568332 1.180721 0.113706
v 0.568332 1.180721 -0.113707
v 0.472626 1.180721 0.113706
v -3.406062 0.614862 -0.168725
v -3.406062 0.746093 -0.168725
v -3.367851 0.773276 -0.168725
v -3.570099 0.746093 -0.168725
v -3.367851 0.587679 -0.168725
v -3.617819 0.773276 -0.168725
v -3.570099 0.614862 -0.168725
v -3.617819 0.587679 -0.168725
v -3.367851 0.587679 0.168725
v -3.570099 0.614862 0.168725
v -3.617819 0.587679 0.168725
v -3.617819 0.773276 0.168725
v -3.406062 0.614862 0.168725
v -3.570099 0.746093 0.168725
v -3.367851 0.773276 0.168725
v -3.406062 0.746093 0.168725
v 0.267268 1.079146 0.161483
v 0.218882 1.043899 0.152498
v 0.278021 1.068394 0.152498
v 0.218882 1.059104 0.161483
v 0.302516 1.127532 0.152497
v 0.287310 1.127532 0.161483
v 0.278021 1.186669 0.152497
v 0.267268 1.175917 0.161483
v 0.218882 1.211164 0.152497
v 0.218882 1.195959 0.161483
v 0.159746 1.186670 0.152497
v 0.170497 1.175917 0.161483
v 0.135250 1.127532 0.152497
v 0.150456 1.127532 0.161483
v 0.170497 1.079146 0.161483
v 0.159746 1.068394 0.152498
v 0.218882 1.059104 0.161483
v 0.218882 1.043899 0.152498
v 0.267268 1.175917 -0.161483
v 0.218882 1.211164 -0.152497
v 0.278021 1.186670 -0.152497
v 0.218882 1.195959 -0.161483
v 0.302516 1.127532 -0.152497
v 0.287310 1.127532 -0.161483
v 0.278021 1.068395 -0.152497
v 0.267268 1.079146 -0.161483
v 0.218882 1.043899 -0.152497
v 0.218882 1.059104 -0.161483
v 0.159746 1.068395 -0.152497
v 0.170497 1.079146 -0.161483
v 0.135250 1.127532 -0.152497
v 0.150456 1.127532 -0.161483
v 0.170497 1.175917 -0.161483
v 0.159746 1.186670 -0.152497
v 0.218882 1.195959 -0.161483
v 0.218882 1.211164 -0.152497
v 0.012994 0.778940 -0.097590
v -0.178419 0.876202 -0.117287
v 0.012994 0.876202 -0.117287
v -0.178419 0.778940 -0.097590
v -0.178419 0.778940 0.097590
v 0.012994 0.778940 0.097590
v 0.012994 0.876202 0.117287
v -0.178419 0.876202 0.117287
v 0.616185 0.778940 -0.097590
v 0.424773 0.778940 -0.097590
v 0.616185 0.876202 -0.117287
v 0.424773 0.876202 -0.117287
v 0.616185 0.778940 0.097590
v 0.424773 0.876202 0.117287
v 0.424773 0.778940 0.097590
v 0.616185 0.876202 0.117287
v -0.178419 1.057159 -0.117287
v -0.178419 1.057159 0.117287
v -0.178419 1.177798 -0.117287
v -0.178419 1.177798 0.117287
v -0.178420 1.244819 0.035186
v -0.178419 1.244819 -0.035186
v -0.178419 1.177798 0.117287
v 0.012994 1.177798 -0.117287
v -0.178419 1.057159 -0.117287
v -0.178419 1.177798 -0.117287
v 0.012994 1.057159 -0.117287
v -0.130567 1.224285 -0.060405
v -0.178419 1.244819 -0.035186
v -0.130567 1.180721 -0.113707
v 0.012994 1.244819 -0.035186
v -0.034860 1.224285 -0.060405
v -0.034860 1.180721 -0.113707
v -0.178419 0.993489 -0.117287
v -0.178419 1.043755 0.117287
v -0.178419 1.043755 -0.117287
v -0.178419 0.993489 0.117287
v -0.178419 0.954393 -0.078191
v -0.178419 0.954393 0.078191
v -0.178419 0.993489 -0.117287
v -0.178419 0.915298 -0.078191
v -0.178419 0.954393 0.078191
v -0.178419 0.915298 0.078191
v -0.178419 0.876202 -0.117287
v -0.178419 0.915298 -0.078191
v -0.178419 0.876202 0.117287
v -0.178419 0.778940 -0.097590
v -0.178419 0.876202 0.117287
v -0.178419 0.876202 -0.117287
v -0.178419 0.778940 0.097590
v -0.178419 1.057159 0.117287
v 0.012994 1.057159 0.117287
v -0.178419 1.177798 0.117287
v 0.012994 1.177798 0.117287
v -0.034860 1.224285 0.060405
v -0.034860 1.180721 0.113706
v 0.012994 1.244819 0.035186
v 0.012994 0.993489 -0.117287
v -0.178419 1.043755 -0.117287
v 0.012994 1.043755 -0.117287
v -0.178419 0.993489 -0.117287
v -0.178419 0.993489 0.117287
v 0.012994 0.993489 0.117287
v 0.012994 1.043755 0.117287
v -0.178419 1.043755 0.117287
v -0.178419 1.043755 -0.117287
v -0.178419 1.043755 0.117287
v -0.168849 1.050457 -0.105559
v -0.168849 1.050457 0.105558
v 0.616185 1.057159 0.117287
v 0.616185 1.177798 0.117287
v 0.424773 1.057159 0.117287
v 0.424773 1.177798 0.117287
v 0.424773 1.177798 -0.117287
v 0.616185 1.177798 -0.117287
v 0.616185 1.057159 -0.117287
v 0.424773 1.057159 -0.117287
v 0.616185 0.993489 -0.117287
v 0.424773 0.993489 -0.117287
v 0.616185 1.043755 -0.117287
v 0.424773 1.043755 -0.117287
v 0.616185 0.993489 0.117287
v 0.424773 1.043755 0.117287
v 0.424773 0.993489 0.117287
v 0.616185 1.043755 0.117287
v 0.364743 1.127532 -0.112350
v 0.127596 1.015182 -0.112350
v 0.089779 1.127532 -0.112350
v 0.089779 1.053001 -0.112350
v 0.326925 1.015182 -0.112350
v 0.364743 1.053001 -0.112350
v 0.127596 1.015182 0.112350
v 0.364743 1.127532 0.112350
v 0.089779 1.127532 0.112350
v 0.089779 1.053001 0.112350
v 0.326925 1.015182 0.112350
v 0.364743 1.053001 0.112350
v 0.127596 1.239881 -0.112350
v 0.089779 1.127532 -0.112350
v 0.089779 1.202062 -0.112350
v 0.314477 1.239881 -0.112350
v 0.364743 1.127532 -0.112350
v 0.314477 1.239881 0.112350
v 0.089779 1.127532 0.112350
v 0.364743 1.127532 0.112350
v 0.127596 1.239881 0.112350
v 0.089779 1.202062 0.112350
v 0.818901 0.788307 0.072889
v -2.051263 0.825376 0.079295
v -2.051263 0.788307 0.072889
v 0.818901 0.825376 0.079295
v 0.818901 0.788307 -0.073798
v -2.051263 0.788307 -0.073798
v 0.818901 0.825376 -0.080205
v -2.051263 0.825376 -0.080205
v 0.012994 1.043755 0.117287
v -0.168849 1.050457 0.105558
v -0.178419 1.043755 0.117287
v 0.003423 1.050457 0.105558
v -0.168849 1.050457 -0.105559
v 0.012994 1.043755 -0.117287
v -0.178419 1.043755 -0.117287
v 0.003423 1.050457 -0.105559
v 0.424773 1.043755 0.117287
v 0.616185 1.043755 0.117287
v 0.606615 1.050457 0.105558
v 0.434343 1.050457 0.105558
v 0.616185 1.043755 -0.117287
v 0.424773 1.043755 -0.117287
v 0.434343 1.050457 -0.105559
v 0.606615 1.050457 -0.105559
v 0.012994 0.876202 -0.117287
v -0.178419 0.876202 -0.117287
v -0.178419 0.915298 -0.078191
v 0.012994 0.915298 -0.078191
v -0.178419 0.954393 -0.078191
v 0.012994 0.954393 -0.078191
v -0.178419 0.993489 -0.117287
v 0.012994 0.993489 -0.117287
v 0.012994 0.915298 0.078191
v -0.178419 0.915298 0.078191
v -0.178419 0.876202 0.117287
v 0.012994 0.876202 0.117287
v 0.012994 0.954393 0.078191
v -0.178419 0.954393 0.078191
v 0.012994 0.993489 0.117287
v -0.178419 0.993489 0.117287
v 0.424773 0.876202 -0.117287
v 0.616185 0.915298 -0.078191
v 0.616185 0.876202 -0.117287
v 0.424773 0.915298 -0.078191
v 0.616185 0.954393 -0.078191
v 0.424773 0.954393 -0.078191
v 0.616185 0.993489 -0.117287
v 0.424773 0.993489 -0.117287
v 0.424773 0.876202 0.117287
v 0.616185 0.876202 0.117287
v 0.424773 0.915298 0.078191
v 0.616185 0.915298 0.078191
v 0.424773 0.954393 0.078191
v 0.616185 0.954393 0.078191
v 0.424773 0.993489 0.117287
v 0.616185 0.993489 0.117287
v 2.230235 0.076868 -0.098162
v 2.347839 0.198278 -0.099297
v 2.320069 0.100647 -0.098729
v 2.347839 0.198278 0.099297
v 2.230235 0.076868 0.098162
v 2.320069 0.100647 0.098729
v 1.200148 1.320265 -0.070839
v 1.262015 1.256508 -0.070839
v 1.200148 1.256508 -0.070839
v 1.262015 1.325291 -0.070839
v 1.249069 1.333200 -0.070839
v 1.200148 1.256508 0.070837
v 1.262015 1.256508 0.070837
v 1.200148 1.320265 0.070837
v 1.262015 1.325291 0.070837
v 1.249069 1.333200 0.070837
v 0.003423 1.050457 0.105558
v 0.012994 1.043755 -0.117287
v 0.003423 1.050457 -0.105559
v 0.012994 1.043755 0.117287
v -0.971876 1.325291 0.070839
v -0.910009 1.320265 0.070839
v -0.958931 1.333200 0.070839
v -0.971876 1.256508 0.070839
v -0.910009 1.256508 0.070839
v -0.971876 1.325291 -0.070838
v -0.910009 1.320265 -0.070838
v -0.971876 1.256508 -0.070838
v -0.910009 1.256508 -0.070838
v -0.958931 1.333200 -0.070838
v 0.012994 1.177798 0.117287
v 0.012994 1.057159 -0.117287
v 0.012994 1.177798 -0.117287
v 0.012994 1.057159 0.117287
v 0.012994 1.244819 -0.035186
v 0.012994 1.244819 0.035186
v 0.012994 1.177798 -0.117287
v 0.012994 0.993489 0.117287
v 0.012994 0.993489 -0.117287
v 0.012994 1.043755 -0.117287
v 0.012994 1.043755 0.117287
v 0.012994 0.954393 0.078191
v 0.012994 0.954393 -0.078191
v 0.012994 0.993489 0.117287
v 0.012994 0.954393 -0.078191
v 0.012994 0.915298 0.078191
v 0.012994 0.915298 -0.078191
v 0.012994 0.876202 0.117287
v 0.012994 0.876202 -0.117287
v 0.012994 0.915298 0.078191
v 0.012994 0.778940 0.097590
v 0.012994 0.778940 -0.097590
v 0.012994 0.876202 -0.117287
v 0.012994 0.876202 0.117287
v 0.089779 1.202062 -0.112350
v 0.127596 1.239881 0.112350
v 0.127596 1.239881 -0.112350
v 0.089779 1.202062 0.112350
v -0.178419 1.057159 0.117287
v -0.178419 1.057159 -0.117287
v -0.168849 1.050457 0.105558
v -0.168849 1.050457 -0.105559
v 0.364743 1.053001 -0.112350
v 0.326925 1.015182 0.112350
v 0.326925 1.015182 -0.112350
v 0.364743 1.053001 0.112350
v 0.127596 1.015182 -0.112350
v 0.127596 1.015182 0.112350
v 0.326925 1.015182 -0.112350
v 2.150356 0.683850 0.152307
v 2.408130 0.683850 0.152307
v 2.389277 0.789374 0.110529
v 2.150356 0.789374 0.110529
v 2.389277 0.789374 -0.110529
v 2.150356 0.683850 -0.152307
v 2.150356 0.789374 -0.110529
v 2.408130 0.683850 -0.152307
v -0.178419 1.057159 -0.117287
v 0.012994 1.057159 -0.117287
v -0.168849 1.050457 -0.105559
v 0.003423 1.050457 -0.105559
v 0.012994 1.057159 0.117287
v -0.168849 1.050457 0.105558
v 0.003423 1.050457 0.105558
v -0.178419 1.057159 0.117287
v 0.424773 1.057159 -0.117287
v 0.616185 1.057159 -0.117287
v 0.606615 1.050457 -0.105559
v 0.434343 1.050457 -0.105559
v 0.616185 1.057159 0.117287
v 0.434343 1.050457 0.105558
v 0.606615 1.050457 0.105558
v 0.424773 1.057159 0.117287
v 0.287310 1.127532 -0.189967
v 0.267268 1.175917 -0.189967
v 0.267268 1.175917 -0.161483
v 0.218882 1.195959 -0.161483
v 0.218882 1.195959 -0.189967
v 0.287310 1.127532 -0.161483
v 0.267268 1.079146 -0.189967
v 0.267268 1.079146 -0.161483
v 0.218882 1.059104 -0.189967
v 0.218882 1.059104 -0.161483
v 0.170497 1.079146 -0.189967
v 0.170497 1.079146 -0.161483
v 0.150456 1.127532 -0.189967
v 0.150456 1.127532 -0.161483
v 0.170497 1.175917 -0.189967
v 0.170497 1.175917 -0.161483
v 0.218882 1.195959 -0.189967
v 0.218882 1.195959 -0.161483
v -0.034860 1.180721 -0.113707
v -0.034860 1.180721 0.113706
v -0.034860 1.224285 -0.060405
v -0.034860 1.224285 0.060405
v 0.012994 1.057159 -0.117287
v 0.012994 1.057159 0.117287
v 0.003423 1.050457 -0.105559
v 0.003423 1.050457 0.105558
v 1.200148 1.256508 -0.052278
v 1.262015 1.256508 -0.052278
v 1.200148 1.320265 -0.052278
v 1.262015 1.325291 -0.052278
v 1.249069 1.333200 -0.052278
v 1.262015 1.325291 0.052278
v 1.200148 1.320265 0.052278
v 1.249069 1.333200 0.052278
v 1.200148 1.320265 0.052278
v 1.262015 1.325291 0.052278
v 1.262015 1.256508 0.052278
v 1.200148 1.256508 0.052278
v -0.971876 1.325291 0.052278
v -0.910009 1.320265 0.052278
v -0.971876 1.256508 0.052278
v -0.910009 1.256508 0.052278
v -0.958931 1.333200 0.052278
v -0.910009 1.320265 -0.052278
v -0.971876 1.256508 -0.052278
v -0.910009 1.256508 -0.052278
v -0.971876 1.325291 -0.052278
v -0.971876 1.325291 -0.052278
v -0.910009 1.320265 -0.052278
v -0.958931 1.333200 -0.052278
v -1.389578 0.577921 0.063087
v -1.488001 0.577921 0.063087
v -1.389578 0.527926 0.062988
v -1.488001 0.527926 0.062988
v -1.389578 0.465050 0.098423
v -1.488001 0.465050 0.098423
v -1.389578 0.577921 -0.063087
v -1.488001 0.527926 -0.062988
v -1.488001 0.577921 -0.063087
v -1.389578 0.527926 -0.062988
v -1.488001 0.465050 -0.098423
v -1.389578 0.465050 -0.098423
v -1.799673 0.577921 0.063087
v -1.898096 0.577921 0.063087
v -1.799673 0.527926 0.062988
v -1.898096 0.527926 0.062988
v -1.799673 0.465050 0.098423
v -1.898096 0.465050 0.098423
v -1.799673 0.577921 -0.063087
v -1.898096 0.527926 -0.062988
v -1.898096 0.577921 -0.063087
v -1.799673 0.527926 -0.062988
v -1.898096 0.465050 -0.098423
v -1.799673 0.465050 -0.098423
v -0.130567 1.180721 0.113706
v -0.130567 1.180721 -0.113707
v -0.130567 1.224285 0.060405
v -0.130567 1.224285 -0.060405
v 0.159746 1.196205 0.059138
v 0.218882 1.196205 0.083634
v 0.159746 1.280030 0.059137
v 0.218882 1.280030 0.083632
v 0.135250 1.196205 -0.000000
v 0.135250 1.280030 -0.000000
v 0.159746 1.196205 -0.059137
v 0.159746 1.280030 -0.059138
v 0.218882 1.280029 -0.083634
v 0.218882 1.196205 -0.083633
v 0.278021 1.280029 -0.059138
v 0.278021 1.196205 -0.059137
v 0.302516 1.196205 -0.000000
v 0.302516 1.280030 -0.000000
v 0.278021 1.280030 0.059137
v 0.278021 1.196205 0.059138
v 0.218882 1.280030 0.083632
v 0.218882 1.196205 0.083634
v 0.159746 1.068394 0.068673
v 0.218882 1.043898 0.068673
v 0.159746 1.068394 0.152498
v 0.218882 1.043899 0.152498
v 0.135250 1.127532 0.152497
v 0.135250 1.127532 0.068673
v 0.159746 1.186669 0.068673
v 0.159746 1.186670 0.152497
v 0.218882 1.211164 0.152497
v 0.218882 1.211164 0.068673
v 0.278021 1.186669 0.152497
v 0.278021 1.186669 0.068673
v 0.302516 1.127532 0.152497
v 0.302516 1.127532 0.068673
v 0.278021 1.068394 0.068673
v 0.278021 1.068394 0.152498
v 0.218882 1.043899 0.152498
v 0.218882 1.043898 0.068673
v 0.089779 1.053001 0.112350
v 0.089779 1.053001 -0.112350
v 0.127596 1.015182 -0.112350
v 0.127596 1.015182 0.112350
v 0.089779 1.053001 -0.112350
v 0.089779 1.053001 0.112350
v 0.089779 1.127532 -0.112350
v 0.089779 1.127532 0.112350
v 0.089779 1.202062 -0.112350
v 0.089779 1.202062 0.112350
v 0.818901 0.825376 -0.080205
v -2.051263 0.825376 -0.080205
v -2.051263 0.843695 -0.035205
v 0.818901 0.843695 -0.035205
v -2.051263 0.843695 0.034296
v 0.818901 0.843695 0.034296
v -2.051263 0.825376 0.079295
v 0.818901 0.825376 0.079295
v 0.281784 1.190432 0.189967
v 0.287310 1.127532 0.189967
v 0.267268 1.175917 0.189967
v 0.307838 1.127532 0.189967
v 0.218882 1.216487 0.189967
v 0.281784 1.064631 0.189967
v 0.218882 1.195959 0.189967
v 0.267268 1.079146 0.189967
v 0.218882 1.038576 0.189967
v 0.218882 1.059104 0.189967
v 0.155982 1.190432 0.189967
v 0.170497 1.175917 0.189967
v 0.129928 1.127532 0.189967
v 0.150456 1.127532 0.189967
v 0.170497 1.079146 0.189967
v 0.155982 1.064631 0.189967
v 0.218882 1.059104 0.189967
v 0.218882 1.038576 0.189967
v 0.281784 1.064631 -0.189967
v 0.287310 1.127532 -0.189967
v 0.267268 1.079146 -0.189967
v 0.307838 1.127532 -0.189967
v 0.218882 1.038576 -0.189967
v 0.281784 1.190432 -0.189967
v 0.218882 1.059104 -0.189967
v 0.267268 1.175917 -0.189967
v 0.218882 1.216487 -0.189967
v 0.218882 1.195959 -0.189967
v 0.155982 1.064631 -0.189967
v 0.170497 1.079146 -0.189967
v 0.129928 1.127532 -0.189967
v 0.150456 1.127532 -0.189967
v 0.170497 1.175917 -0.189967
v 0.155982 1.190432 -0.189967
v 0.218882 1.195959 -0.189967
v 0.218882 1.216487 -0.189967
v 2.317481 0.833165 -0.000000
v 2.150356 0.833165 -0.000000
v 2.150356 0.789374 0.110529
v 2.389277 0.789374 0.110529
v 2.317481 0.833165 -0.000000
v 2.150356 0.789374 -0.110529
v 2.389277 0.789374 -0.110529
v -3.617819 0.773276 -0.168725
v -3.414373 0.773276 -0.000000
v -3.367851 0.773276 -0.168725
v -3.325809 0.773276 -0.105683
v -3.759212 0.773276 -0.000000
v -3.617819 0.773276 0.168725
v -3.367851 0.773276 0.168725
v -3.325809 0.773276 0.105683
v -0.130567 1.224285 -0.060405
v -0.034860 1.224285 -0.060405
v -0.034860 1.224285 0.060405
v -0.130567 1.224285 0.060405
v 0.568332 1.224285 -0.060405
v 0.472626 1.224285 0.060405
v 0.472626 1.224285 -0.060405
v 0.568332 1.224285 0.060405
v 0.424773 1.043755 -0.117287
v 0.424773 1.043755 0.117287
v 0.434343 1.050457 0.105558
v 0.434343 1.050457 -0.105559
v 0.287310 1.127532 0.189967
v 0.267268 1.079146 0.161483
v 0.287310 1.127532 0.161483
v 0.267268 1.079146 0.189967
v 0.218882 1.059104 0.161483
v 0.218882 1.059104 0.189967
v 0.267268 1.175917 0.189967
v 0.267268 1.175917 0.161483
v 0.218882 1.195959 0.189967
v 0.218882 1.195959 0.161483
v 0.170497 1.175917 0.189967
v 0.170497 1.175917 0.161483
v 0.150456 1.127532 0.189967
v 0.150456 1.127532 0.161483
v 0.170497 1.079146 0.189967
v 0.170497 1.079146 0.161483
v 0.218882 1.059104 0.189967
v 0.218882 1.059104 0.161483
v 0.218882 1.038576 0.235206
v 0.155982 1.064631 0.189967
v 0.218882 1.038576 0.189967
v 0.155982 1.064631 0.235206
v 0.129928 1.127532 0.189967
v 0.129928 1.127532 0.235206
v 0.155982 1.190432 0.189967
v 0.155982 1.190432 0.235206
v 0.218882 1.216487 0.189967
v 0.218882 1.216487 0.235206
v 0.281784 1.190432 0.189967
v 0.281784 1.190432 0.235206
v 0.307838 1.127532 0.189967
v 0.307838 1.127532 0.235206
v 0.281784 1.064631 0.189967
v 0.281784 1.064631 0.235206
v 0.218882 1.038576 0.189967
v 0.218882 1.038576 0.235206
v 0.218882 1.216487 -0.235206
v 0.155982 1.190432 -0.235206
v 0.155982 1.190432 -0.189967
v 0.218882 1.216487 -0.189967
v 0.129928 1.127532 -0.189967
v 0.129928 1.127532 -0.235206
v 0.155982 1.064631 -0.189967
v 0.155982 1.064631 -0.235206
v 0.218882 1.038576 -0.189967
v 0.218882 1.038576 -0.235206
v 0.281784 1.064631 -0.189967
v 0.281784 1.064631 -0.235206
v 0.307838 1.127532 -0.189967
v 0.307838 1.127532 -0.235206
v 0.281784 1.190432 -0.189967
v 0.281784 1.190432 -0.235206
v 0.218882 1.216487 -0.189967
v 0.218882 1.216487 -0.235206
v 0.218882 1.317498 0.088955
v 0.218882 1.362738 0.088955
v 0.155982 1.317498 0.062900
v 0.155982 1.362738 0.062900
v 0.129928 1.317498 -0.000000
v 0.129928 1.362738 -0.000000
v 0.155982 1.317498 -0.062900
v 0.155982 1.362738 -0.062900
v 0.218882 1.317498 -0.088956
v 0.218882 1.362738 -0.088956
v 0.281784 1.317498 -0.062900
v 0.281784 1.362738 -0.062900
v 0.307838 1.317498 -0.000000
v 0.307838 1.362738 -0.000000
v 0.281784 1.317498 0.062900
v 0.281784 1.362738 0.062900
v 0.218882 1.317498 0.088955
v 0.218882 1.362738 0.088955
v 0.424773 1.057159 0.117287
v 0.424773 1.057159 -0.117287
v 0.434343 1.050457 -0.105559
v 0.434343 1.050457 0.105558
v 0.281784 1.317498 -0.062900
v 0.287310 1.317498 -0.000000
v 0.267268 1.317498 -0.048385
v 0.307838 1.317498 -0.000000
v 0.218882 1.317498 -0.088956
v 0.281784 1.317498 0.062900
v 0.218882 1.317498 -0.068427
v 0.267268 1.317498 0.048385
v 0.218882 1.317498 0.088955
v 0.218882 1.317498 0.068427
v 0.155982 1.317498 -0.062900
v 0.170497 1.317498 -0.048385
v 0.129928 1.317498 -0.000000
v 0.150456 1.317498 -0.000000
v 0.170497 1.317498 0.048385
v 0.155982 1.317498 0.062900
v 0.218882 1.317498 0.068427
v 0.218882 1.317498 0.088955
v -0.910009 1.256508 0.052278
v -0.910009 1.320265 0.052278
v -0.910009 1.320265 0.070839
v -0.910009 1.256508 0.070839
v -0.958931 1.333200 0.070839
v -0.958931 1.333200 0.052278
v -0.971876 1.325291 0.070839
v -0.971876 1.325291 0.052278
v -0.958931 1.333200 -0.052278
v -0.910009 1.320265 -0.070838
v -0.958931 1.333200 -0.070838
v -0.971876 1.325291 -0.052278
v -0.971876 1.325291 -0.070838
v -0.910009 1.320265 -0.052278
v -0.910009 1.256508 -0.070838
v -0.910009 1.256508 -0.052278
v 0.424773 1.177798 0.117287
v 0.424773 1.177798 -0.117287
v 0.424773 1.057159 -0.117287
v 0.424773 1.057159 0.117287
v 0.424773 1.177798 -0.117287
v 0.424773 1.177798 0.117287
v 0.424773 1.244819 -0.035186
v 0.424773 1.244819 0.035186
v 0.424773 0.993489 0.117287
v 0.424773 1.043755 -0.117287
v 0.424773 0.993489 -0.117287
v 0.424773 1.043755 0.117287
v 0.424773 0.993489 0.117287
v 0.424773 0.954393 0.078191
v 0.424773 0.954393 -0.078191
v 0.424773 0.954393 -0.078191
v 0.424773 0.915298 0.078191
v 0.424773 0.915298 -0.078191
v 0.424773 0.876202 -0.117287
v 0.424773 0.876202 0.117287
v 0.424773 0.915298 0.078191
v 0.424773 0.778940 0.097590
v 0.424773 0.876202 -0.117287
v 0.424773 0.778940 -0.097590
v 0.424773 0.876202 0.117287
v 0.568332 1.180721 -0.113707
v 0.568332 1.224285 0.060405
v 0.568332 1.224285 -0.060405
v 0.568332 1.180721 0.113706
v 1.200148 1.320265 -0.070839
v 1.200148 1.256508 -0.070839
v 1.200148 1.256508 -0.052278
v 1.200148 1.320265 -0.052278
v 1.249069 1.333200 -0.070839
v 1.249069 1.333200 -0.052278
v 1.262015 1.325291 -0.070839
v 1.262015 1.325291 -0.052278
v 1.249069 1.333200 0.052278
v 1.200148 1.320265 0.052278
v 1.200148 1.320265 0.070837
v 1.200148 1.256508 0.070837
v 1.200148 1.256508 0.052278
v 1.249069 1.333200 0.070837
v 1.262015 1.325291 0.052278
v 1.262015 1.325291 0.070837
v -1.389578 0.432242 -0.000000
v -1.389578 0.527926 0.062988
v -1.389578 0.465050 0.098423
v -1.389578 0.550415 -0.000000
v -1.389578 0.577921 0.063087
v -1.389578 0.527926 -0.062988
v -1.389578 0.577921 -0.063087
v -1.389578 0.465050 -0.098423
v -1.799673 0.432242 -0.000000
v -1.799673 0.527926 0.062988
v -1.799673 0.465050 0.098423
v -1.799673 0.550415 -0.000000
v -1.799673 0.577921 0.063087
v -1.799673 0.527926 -0.062988
v -1.799673 0.577921 -0.063087
v -1.799673 0.465050 -0.098423
v 2.150356 0.071547 0.000000
v 2.150356 0.683850 0.152307
v 2.150356 0.683850 -0.152307
v 2.150356 0.071547 0.098162
v 2.150356 0.071547 -0.098162
v 2.150356 0.833165 -0.000000
v 2.150356 0.789374 -0.110529
v 2.150356 0.789374 0.110529
v -3.325809 0.587679 -0.105683
v -3.325809 0.773276 -0.105683
v -3.414373 0.773276 -0.000000
v -3.414373 0.587679 -0.000000
v -3.414373 0.587679 -0.000000
v -3.414373 0.773276 -0.000000
v -3.325809 0.773276 0.105683
v -3.325809 0.587679 0.105683
v -3.325809 0.773276 -0.105683
v -3.367851 0.587679 -0.168725
v -3.367851 0.773276 -0.168725
v -3.325809 0.587679 -0.105683
v -3.325809 0.587679 0.105683
v -3.325809 0.773276 0.105683
v -3.367851 0.773276 0.168725
v -3.367851 0.587679 0.168725
v -3.570099 0.614862 -0.168725
v -3.570099 0.746093 -0.168725
v -3.708148 0.746093 -0.000000
v -3.708148 0.614862 -0.000000
v -3.570099 0.614862 0.168725
v -3.570099 0.746093 0.168725
v -3.570099 0.614862 0.168725
v -3.544109 0.614862 -0.000000
v -3.406062 0.614862 0.168725
v -3.570099 0.614862 -0.168725
v -3.406062 0.614862 -0.168725
v -3.570099 0.746093 -0.168725
v -3.544109 0.746093 -0.000000
v -3.406062 0.746093 -0.168725
v -3.570099 0.746093 0.168725
v -3.406062 0.746093 0.168725
vn -0.4742 0.8804 0.0005
vn -0.6745 -0.4909 0.5514
vn -0.4742 -0.8804 0.0005
vn -0.6743 0.4909 0.5517
vn -0.6743 -0.4909 -0.5517
vn -0.6745 0.4909 -0.5514
vn -0.7664 0.0005 -0.6423
vn -0.7665 -0.0000 -0.6423
vn -0.7664 0.0005 0.6423
vn -0.7665 -0.0000 0.6423
vn 0.9565 -0.2918 0.0005
vn 0.9923 -0.1239 0.0005
vn 0.9943 -0.1070 -0.0000
vn 0.9550 -0.2965 0.0005
vn 0.9565 -0.2918 -0.0000
vn 0.9943 -0.1070 0.0005
vn 0.9965 -0.0838 0.0005
vn 0.9930 -0.1180 0.0005
vn 0.9291 0.3699 0.0005
vn 0.9965 -0.0835 0.0005
vn 0.9931 -0.1177 0.0005
vn 0.8255 0.5644 0.0005
vn 0.9943 -0.1068 0.0005
vn 0.9859 0.1675 0.0005
vn 0.9847 0.1744 -0.0000
vn 0.9923 -0.1236 0.0005
vn 0.9943 -0.1068 -0.0000
vn 0.9847 0.1744 0.0005
vn 0.9847 0.1745 0.0005
vn 0.9997 0.0232 0.0005
vn 0.9998 0.0191 0.0005
vn 0.9847 0.1745 -0.0000
vn -1.0000 0.0005 0.0005
vn 0.7022 -0.7120 0.0005
vn 0.9998 0.0188 0.0005
vn 0.7007 -0.7134 0.0005
vn 0.9997 0.0229 0.0005
vn 0.1621 -0.9868 -0.0000
vn 0.1619 -0.9868 -0.0000
vn 0.0665 -0.9978 -0.0000
vn 0.1619 -0.9868 0.0003
vn 0.0660 -0.9978 0.0004
vn 1.0000 0.0005 0.0005
vn 0.8722 0.4891 0.0005
vn 0.5207 0.8537 -0.0000
vn 0.9291 0.3699 0.0004
vn 0.8254 0.5645 0.0005
vn -0.8722 0.4891 0.0004
vn -0.8722 0.4891 0.0005
vn 0.0005 -0.3601 -0.9329
vn 0.0004 -0.3601 -0.9329
vn 0.0005 -1.0000 0.0005
vn 0.0005 -0.3601 0.9329
vn 0.0004 -0.3601 0.9329
vn 0.5736 0.8191 -0.0000
vn 0.5739 0.8189 0.0006
vn 0.5439 0.8391 0.0004
vn 0.9780 0.2088 -0.0000
vn 0.5439 0.8391 0.0005
vn 0.9780 0.2087 0.0005
vn 0.9240 -0.3825 0.0005
vn -0.0000 -1.0000 -0.0000
vn 0.0005 1.0000 0.0005
vn 0.5736 -0.8191 -0.0000
vn 0.3597 0.8609 0.3597
vn 0.0005 0.8611 0.5084
vn 0.0005 0.8611 0.5085
vn 0.5087 0.8609 -0.0000
vn 0.5085 0.8610 0.0003
vn 0.3601 0.8606 -0.3601
vn 0.3597 0.8609 -0.3597
vn 0.0004 0.8611 -0.5085
vn -0.3597 0.8609 -0.3597
vn -0.5085 0.8611 0.0004
vn -0.3597 0.8609 0.3597
vn -0.7071 0.7071 -0.0000
vn -0.7071 -0.7071 -0.0000
vn 0.7071 -0.7071 -0.0000
vn 0.7071 0.7071 -0.0000
vn 0.7071 -0.0000 0.7071
vn 0.0005 0.0005 1.0000
vn 0.7071 -0.0000 -0.7071
vn 0.0005 0.0005 -1.0000
vn -0.7071 -0.0000 -0.7071
vn -0.7071 -0.0000 0.7071
vn 0.0003 0.0005 1.0000
vn -0.0005 0.9421 -0.3355
vn 0.0005 0.9421 0.3355
vn 0.0005 0.9421 -0.3355
vn -0.0005 0.9421 0.3355
vn 0.5440 0.8391 0.0005
vn -0.3825 0.9240 0.0005
vn 0.0161 -0.0836 -0.9964
vn 0.0161 -0.0835 -0.9964
vn 0.0083 0.1460 -0.9893
vn 0.0073 0.1618 -0.9868
vn 0.0161 -0.0836 0.9964
vn 0.0161 -0.0835 0.9964
vn 0.0083 0.1460 0.9893
vn 0.0073 0.1618 0.9868
vn -0.0000 0.7755 -0.6314
vn -0.0005 0.9420 -0.3356
vn 0.0005 0.9420 -0.3355
vn -0.0006 0.7753 -0.6316
vn 0.0004 0.7753 0.6316
vn -0.0005 0.9420 0.3356
vn -0.0000 0.7755 0.6314
vn 0.0005 0.9420 0.3356
vn -0.0005 0.4286 -0.9035
vn -0.0000 0.7746 -0.6324
vn 0.0005 0.4286 -0.9035
vn 0.0003 0.7745 0.6326
vn -0.0005 0.4286 0.9035
vn 0.0005 0.4286 0.9035
vn -0.0000 0.7746 0.6324
vn 0.0005 0.9420 -0.3356
vn -0.0000 0.7754 -0.6314
vn -0.0005 0.7753 -0.6315
vn 0.0001 0.7743 -0.6328
vn 0.0005 0.7754 -0.6315
vn -0.0001 0.7743 -0.6328
vn -0.0004 0.7744 -0.6327
vn 0.0003 0.7745 -0.6326
vn -0.0005 0.9420 0.3355
vn 0.0005 0.7753 0.6316
vn -0.0001 0.7743 0.6328
vn -0.0005 0.7753 0.6316
vn 0.0001 0.7743 0.6328
vn -0.0005 0.4285 0.9035
vn -0.0003 0.7745 0.6326
vn -0.0005 0.7753 0.6315
vn 0.3597 -0.3597 0.8609
vn 0.0005 -0.5085 0.8611
vn 0.3597 -0.3597 0.8610
vn 0.0005 -0.5084 0.8611
vn 0.5085 0.0003 0.8610
vn 0.5085 0.0004 0.8611
vn 0.3597 0.3597 0.8609
vn -0.0000 0.5088 0.8609
vn -0.3597 0.3597 0.8609
vn -0.5085 0.0003 0.8610
vn -0.5085 0.0004 0.8611
vn -0.3597 -0.3597 0.8609
vn 0.0004 -0.5085 0.8611
vn 0.0004 -0.5084 0.8611
vn 0.3597 0.3597 -0.8609
vn 0.0006 0.5085 -0.8611
vn 0.0007 0.5084 -0.8611
vn 0.5087 -0.0000 -0.8609
vn 0.3597 -0.3597 -0.8609
vn -0.0000 -0.5088 -0.8609
vn -0.3598 -0.3598 -0.8609
vn -0.3597 -0.3598 -0.8609
vn -0.5085 0.0004 -0.8611
vn -0.3597 0.3597 -0.8609
vn 0.0005 0.5085 -0.8611
vn 0.0005 0.5084 -0.8611
vn -0.0000 -0.1985 -0.9801
vn 0.0003 -0.1987 -0.9801
vn -0.0000 -0.1985 0.9801
vn 0.0003 -0.1987 0.9801
vn 0.0003 -0.1986 -0.9801
vn 0.0003 -0.1986 0.9801
vn 0.0005 0.4285 -0.9036
vn -0.0005 0.4285 -0.9036
vn -0.0003 0.4286 -0.9035
vn 0.0005 0.7753 -0.6315
vn -0.0005 0.4285 0.9036
vn 0.0005 0.4285 0.9036
vn 0.0004 0.4286 0.9035
vn 0.0005 0.7754 0.6315
vn -0.5736 0.8191 -0.0000
vn -0.5738 0.8190 0.0003
vn -0.0000 -0.1703 0.9854
vn 0.0003 -0.1704 0.9854
vn -0.0000 -0.1703 -0.9854
vn 0.0003 0.8683 0.4960
vn -0.0000 0.8682 0.4961
vn 0.0003 0.8683 -0.4960
vn -0.0000 0.8682 -0.4961
vn 0.0004 0.8683 0.4960
vn 0.0005 0.7071 -0.7071
vn -0.0000 0.3827 -0.9239
vn -0.0000 -0.3827 -0.9239
vn -0.0000 -0.7071 -0.7071
vn 0.0005 -0.7071 -0.7071
vn 0.0005 0.3826 0.9239
vn -0.0000 0.3827 0.9239
vn 0.0005 0.7071 0.7071
vn -0.0000 -0.3827 0.9239
vn 0.0005 -0.7071 0.7071
vn 0.0005 0.3826 -0.9239
vn 0.0003 -0.3826 0.9239
vn 0.0003 -0.7071 0.7071
vn -0.9239 0.3826 0.0005
vn -0.3826 0.9239 0.0005
vn -0.5736 -0.8191 -0.0000
vn -0.5739 -0.8189 0.0006
vn 0.9239 -0.3826 0.0005
vn 0.3826 -0.9239 0.0005
vn -0.3825 -0.9240 0.0005
vn 0.3825 -0.9240 0.0005
vn 0.0083 0.1462 0.9892
vn 0.0073 0.1619 0.9868
vn 0.0005 0.6246 0.7809
vn 0.0005 0.6246 -0.7809
vn 0.0083 0.1462 -0.9892
vn 0.0073 0.1619 -0.9868
vn 0.0003 -0.8683 -0.4960
vn -0.0000 -0.8682 -0.4961
vn 0.0005 -0.8683 0.4960
vn -0.0000 -0.8682 0.4961
vn 0.0003 -0.8683 0.4961
vn 0.0003 -0.8683 0.4960
vn 0.0004 -0.8683 -0.4960
vn 0.0003 1.0000 0.0005
vn 0.0005 -0.0024 1.0000
vn -0.0000 0.2528 0.9675
vn 0.0004 -0.3602 0.9329
vn 0.0005 -0.3602 0.9329
vn 0.0005 -0.0024 -1.0000
vn -0.0000 0.2528 -0.9675
vn 0.0005 -0.3602 -0.9329
vn 0.0004 -0.0024 1.0000
vn 0.0004 -0.0024 -1.0000
vn 0.0006 0.2524 -0.9676
vn 0.0004 -0.3602 -0.9329
vn -0.7071 0.0005 0.7071
vn 0.0004 0.0005 1.0000
vn -0.7071 0.0005 -0.7071
vn 0.7071 0.0006 -0.7071
vn 0.0004 -1.0000 0.0005
vn -0.7071 0.7071 0.0005
vn 0.7071 -0.7071 0.0007
vn 0.0006 -1.0000 0.0005
vn -0.9239 -0.3826 0.0005
vn -0.3826 -0.9239 0.0005
vn -0.9240 -0.3825 0.0005
vn -0.9240 0.3825 0.0005
vn -0.0000 0.9262 -0.3771
vn 0.0005 0.9263 -0.3768
vn 0.0005 0.9814 -0.1920
vn -0.0000 0.9814 -0.1921
vn -0.0000 0.9814 0.1921
vn 0.0003 0.9814 0.1920
vn -0.0000 0.9262 0.3771
vn 0.0003 0.9262 0.3769
vn 0.0005 0.6247 0.7809
vn 0.0005 1.0000 0.0004
vn 0.0005 0.6247 -0.7809
vn -0.0000 1.0000 -0.0000
vn -0.5739 0.8189 0.0006
vn 0.0003 -1.0000 0.0005
vn 0.7924 0.6101 -0.0000
vn 0.7923 0.6101 -0.0000
vn -0.1445 0.9895 -0.0000
vn 0.7922 0.6102 0.0003
vn -0.7923 0.6101 -0.0000
vn -0.7924 0.6101 -0.0000
vn 0.1442 0.9896 0.0006
vn 0.1445 0.9895 -0.0000
vn 0.8722 0.4891 0.0004
vn 0.1442 0.9895 0.0005
vn 0.7664 0.0006 0.6423
vn 0.7664 0.0006 -0.6423
vn 0.8320 -0.0000 -0.5548
vn 0.8321 0.0003 -0.5547
vn 0.8320 -0.0000 0.5548
vn 0.8321 0.0005 0.5546
vn 0.4424 0.8205 0.3620
vn 0.4423 -0.8205 0.3621
vn 0.8084 -0.5886 0.0005
vn 0.8084 0.5886 0.0005
vn 0.4423 0.8205 -0.3621
vn 0.4424 -0.8205 -0.3620
vn -0.6745 0.4909 0.5514
vn 0.4423 0.8205 0.3621
vn -0.6745 -0.4909 -0.5514
vn 0.4423 -0.8205 -0.3621
vt 0.375000 0.125000
vt 0.625000 0.206818
vt 0.625000 0.125000
vt 0.375000 0.206818
vt 0.625000 0.043182
vt 0.375000 0.043182
vt 0.625000 0.750000
vt 0.375000 0.750000
vt 0.375000 0.625000
vt 0.625000 0.625000
vt 0.375000 0.500000
vt 0.625000 0.500000
vt 0.539573 0.125000
vt 0.506194 0.250000
vt 0.506194 0.125000
vt 0.539573 0.250000
vt 0.506194 0.000000
vt 0.539573 0.000000
vt 0.606330 0.125000
vt 0.606330 0.000000
vt 0.606330 0.250000
vt 0.625000 0.060677
vt 0.625000 0.140169
vt 0.625000 0.219662
vt 0.472815 0.250000
vt 0.472815 0.125000
vt 0.472815 0.000000
vt 0.406058 0.250000
vt 0.406058 0.125000
vt 0.406058 0.000000
vt 0.375000 0.679468
vt 0.445532 0.750000
vt 0.375000 0.570532
vt 0.445532 0.500000
vt 0.168701 0.750000
vt 0.125000 0.625000
vt 0.168701 0.625000
vt 0.125000 0.750000
vt 0.168701 0.500000
vt 0.125000 0.500000
vt 0.212401 0.750000
vt 0.212401 0.625000
vt 0.212401 0.500000
vt 0.500000 0.750000
vt 0.500000 0.500000
vt 0.375000 0.187500
vt 0.625000 0.187500
vt 0.625000 0.250000
vt 0.375000 0.250000
vt 0.375000 0.000000
vt 0.625000 0.000000
vt 0.625000 0.062500
vt 0.375000 0.062500
vt 0.625000 1.000000
vt 0.125000 0.679468
vt 0.445532 1.000000
vt 0.125000 0.570532
vt 0.445532 0.250000
vt 0.400000 0.500000
vt 0.400000 0.750000
vt 0.125000 0.569916
vt 0.125000 0.680084
vt 0.125000 0.648265
vt 0.125000 0.601735
vt 0.387500 0.750000
vt 0.387500 0.500000
vt 0.500000 0.000000
vt 0.500000 0.250000
vt 0.417077 0.000000
vt 0.417077 0.250000
vt 0.181229 0.750000
vt 0.125000 0.703295
vt 0.181229 0.500000
vt 0.125000 0.546705
vt 0.375000 1.000000
vt 0.500000 1.000000
vt 0.250000 1.000000
vt 0.750000 1.000000
vt 0.875000 1.000000
vt 0.125000 1.000000
vt 0.000000 1.000000
vt 1.000000 1.000000
vt 1.000000 0.500000
vt 0.875000 0.500000
vt 0.750000 0.500000
vt 0.250000 0.500000
vt 0.000000 0.500000
vt 0.875000 0.750000
vt 0.653051 0.764026
vt 0.653051 0.485974
vt 0.506194 1.000000
vt 0.472815 1.000000
vt 0.375000 0.912599
vt 0.406058 1.000000
vt 0.606330 0.750000
vt 0.539573 1.000000
vt 0.606330 1.000000
vt 0.375000 0.337401
vt 0.606330 0.500000
vt 0.625000 0.937500
vt 0.625000 0.812500
vt 0.625000 0.312500
vt 0.625000 0.437500
vt 0.375000 0.680084
vt 0.375000 0.569916
vt 0.402778 0.914151
vt 0.597222 0.914151
vt 0.625000 0.943771
vt 0.597222 0.786991
vt 0.375000 0.943771
vt 0.402778 0.786991
vt 0.375000 0.306229
vt 0.402778 0.463009
vt 0.402778 0.335849
vt 0.597222 0.463009
vt 0.625000 0.306229
vt 0.597222 0.335849
vt 0.400000 1.000000
vt 0.400000 0.250000
vt 0.352077 0.761462
vt 0.417077 0.750000
vt 0.375000 0.965615
vt 0.417077 1.000000
vt 0.352077 0.488538
vt 0.417077 0.500000
vt 0.375000 0.284385
vt 0.582923 0.750000
vt 0.582923 0.500000
vt 0.387500 0.250000
vt 0.387500 1.000000
vt 0.390529 0.956299
vt 0.390529 0.293701
vt 0.625000 0.875000
vt 0.625000 0.375000
vt 0.387500 0.000000
vt 0.400000 0.000000
vt 0.159385 0.500000
vt 0.159385 0.750000
vt 0.625000 0.540451
vt 0.625000 0.709549
vt 0.375000 0.687500
vt 0.625000 0.687500
vt 0.875000 0.687500
vt 0.750000 0.687500
vt 0.875000 0.562500
vt 0.625000 0.562500
vt 0.750000 0.562500
vt 0.375000 0.562500
vt 0.375000 0.601735
vt 0.375000 0.648265
vt 0.875000 0.625000
vt 0.875000 0.560677
vt 0.875000 0.689323
vt 0.818771 0.750000
vt 0.875000 0.703295
vt 0.818771 0.500000
vt 0.875000 0.546705
vt 0.750000 0.750000
vt 0.375000 0.046705
vt 0.625000 0.046705
vt 0.625000 0.203295
vt 0.375000 0.203295
vt 0.375000 0.706818
vt 0.625000 0.706818
vt 0.375000 0.543182
vt 0.625000 0.543182
vt 0.125000 0.543182
vt 0.125000 0.706818
vt 0.875000 0.706818
vt 0.875000 0.543182
s 1
f 354/95/238 355/96/239 356/97/240
f 355/96/239 354/95/238 357/98/241
f 358/99/242 354/95/238 356/97/240
f 358/99/242 359/100/243 354/95/238
f 360/101/244 361/102/245 362/103/244
f 360/101/244 362/103/244 363/104/245
f 364/104/246 365/103/247 366/105/246
f 364/104/246 366/105/246 367/106/247
f 368/107/248 369/108/249 370/109/250
f 369/108/249 368/107/248 371/110/251
f 372/111/249 373/107/252 370/109/253
f 374/112/251 373/107/252 372/111/249
f 375/112/251 376/113/254 377/107/248
f 376/113/254 375/112/251 378/114/255
f 379/113/254 380/110/251 377/107/252
f 380/110/251 379/113/254 381/115/255
f 382/116/256 383/113/257 384/114/258
f 383/113/257 382/116/256 385/117/259
f 386/118/256 387/113/257 385/117/259
f 387/113/257 386/118/256 388/115/258
f 389/109/260 390/119/261 391/120/262
f 390/119/261 389/109/260 392/108/263
f 393/121/261 394/109/264 391/120/265
f 395/111/263 394/109/264 393/121/261
f 396/120/266 397/122/267 398/123/268
f 397/122/267 396/120/266 399/119/261
f 400/124/267 401/120/269 398/123/268
f 402/121/261 401/120/269 400/124/267
f 403/106/270 404/101/270 405/125/270
f 405/125/270 404/101/270 406/126/270
f 407/127/270 403/106/270 405/125/270
f 403/106/270 407/127/270 408/128/270
f 409/129/271 410/130/272 411/131/273
f 410/130/272 409/129/271 412/132/274
f 410/130/272 413/133/271 411/131/273
f 413/133/271 410/130/272 414/134/274
f 411/131/273 415/135/275 416/129/271
f 415/135/275 411/131/273 417/136/276
f 418/102/277 415/135/275 417/136/276
f 418/102/277 417/136/276 419/103/277
f 411/131/273 420/137/278 417/136/276
f 419/103/277 417/136/276 420/137/278
f 420/137/278 411/131/273 421/133/271
f 419/103/277 420/137/278 422/105/279
f 423/138/270 424/103/270 425/104/270
f 424/103/270 423/138/270 426/102/270
f 425/104/270 427/101/270 423/138/270
f 424/103/270 428/139/270 425/104/270
f 428/139/270 429/106/270 425/104/270
f 428/139/270 424/103/270 430/105/270
f 431/138/270 432/103/270 433/104/270
f 432/103/270 431/138/270 434/102/270
f 433/104/270 435/101/270 431/138/270
f 432/103/270 436/139/270 433/104/270
f 436/139/270 437/106/270 433/104/270
f 436/139/270 432/103/270 438/105/270
f 439/140/280 440/141/281 441/142/281
f 439/140/280 441/142/281 442/143/280
f 443/144/280 444/145/281 445/146/281
f 443/144/280 445/146/281 446/147/280
f 447/117/282 448/118/283 449/117/284
f 449/117/284 450/116/256 447/117/282
f 451/142/285 452/143/270 453/140/270
f 451/142/285 453/140/270 454/141/286
f 455/146/285 456/147/270 457/144/270
f 455/146/285 457/144/270 458/145/286
f 459/148/280 460/149/280 461/150/280
f 460/149/280 459/148/280 462/142/280
f 460/149/280 462/142/280 463/151/280
f 462/142/280 464/152/280 463/151/280
f 465/101/280 466/153/280 467/154/280
f 466/153/280 465/101/280 468/106/280
f 469/106/280 470/101/280 471/101/280
f 472/106/280 470/101/280 469/106/280
f 473/102/280 474/105/280 475/102/280
f 475/102/280 474/105/280 476/105/280
f 477/102/280 476/105/280 478/105/280
f 479/102/280 476/105/280 477/102/280
f 477/102/280 480/105/280 481/102/280
f 481/102/280 480/105/280 482/105/280
f 483/102/280 482/105/280 484/105/280
f 482/105/280 483/102/280 485/102/280
f 486/102/280 487/105/280 488/102/280
f 488/102/280 487/105/280 489/105/280
f 490/102/287 491/132/288 492/130/289
f 490/102/287 492/130/289 493/103/289
f 493/103/289 492/130/289 494/134/290
f 493/103/289 494/134/290 495/105/291
f 496/102/287 497/132/287 498/130/289
f 496/102/287 498/130/289 499/103/289
f 499/103/289 498/130/289 500/134/290
f 499/103/289 500/134/290 501/105/290
f 502/155/280 503/156/280 504/157/280
f 502/155/280 504/157/280 505/158/280
f 506/105/292 507/102/292 508/159/293
f 506/105/292 508/159/293 509/160/292
f 510/142/294 511/161/295 512/145/296
f 511/161/295 510/142/294 513/162/297
f 511/161/295 513/162/297 514/163/298
f 514/163/298 513/162/297 515/164/298
f 516/130/299 517/165/289 518/166/289
f 517/165/289 516/130/299 519/102/289
f 519/102/289 516/130/299 520/103/289
f 516/130/299 521/105/289 520/103/289
f 521/105/289 516/130/299 522/167/289
f 522/167/289 516/130/299 523/168/289
f 524/148/300 525/169/300 526/170/300
f 524/148/300 527/171/300 525/169/300
f 528/172/300 527/171/300 524/148/300
f 527/171/300 528/172/300 529/173/300
f 527/171/300 529/173/300 530/174/300
f 530/174/300 529/173/300 531/175/300
f 532/154/301 533/160/301 534/159/301
f 532/154/301 535/153/301 533/160/301
f 536/174/302 537/175/303 538/175/304
f 538/175/304 539/174/302 536/174/302
f 539/174/302 540/171/305 536/174/302
f 540/171/305 539/174/302 541/171/306
f 541/171/306 542/169/307 540/171/305
f 541/171/306 543/169/308 542/169/307
f 544/170/309 542/169/307 543/169/308
f 542/169/307 544/170/309 545/170/309
f 546/148/310 545/170/309 544/170/309
f 545/170/309 546/148/310 547/148/310
f 548/172/311 547/148/310 546/148/310
f 547/148/310 548/172/311 549/172/311
f 548/172/311 550/173/312 549/172/311
f 548/172/311 551/173/312 550/173/312
f 551/173/312 552/176/304 550/173/312
f 552/176/304 551/173/312 553/176/303
f 554/173/313 555/177/300 556/176/300
f 555/177/300 554/173/313 557/178/313
f 558/172/270 557/178/313 554/173/313
f 557/178/313 558/172/270 559/179/270
f 560/148/314 559/179/270 558/172/270
f 559/179/270 560/148/314 561/106/314
f 562/170/289 561/106/314 560/148/314
f 561/106/314 562/170/289 563/139/289
f 564/169/315 563/139/289 562/170/289
f 563/139/289 564/169/315 565/105/315
f 566/171/280 565/105/315 564/169/315
f 565/105/315 566/171/280 567/180/280
f 568/174/316 567/180/280 566/171/280
f 567/180/280 568/174/316 569/134/316
f 570/175/300 569/134/316 568/174/316
f 569/134/316 570/175/300 571/181/300
f 572/171/280 573/174/317 574/171/280
f 573/174/317 572/171/280 575/174/317
f 575/174/317 576/175/318 573/174/317
f 576/175/318 575/174/317 577/175/318
f 574/171/280 578/169/319 572/171/280
f 578/169/319 574/171/280 579/169/319
f 580/170/320 578/169/319 579/169/319
f 580/170/320 579/169/319 581/170/320
f 582/148/321 580/170/320 581/170/320
f 582/148/321 581/170/320 583/148/321
f 582/148/321 583/148/321 584/172/270
f 583/148/321 585/172/270 584/172/270
f 584/172/270 585/172/270 586/173/322
f 585/172/270 587/173/322 586/173/322
f 587/173/322 588/176/323 586/173/322
f 589/176/323 588/176/323 587/173/322
f 590/101/324 591/178/325 592/182/326
f 591/178/325 590/101/324 593/106/327
f 594/182/324 595/106/325 596/101/326
f 595/106/325 594/182/324 597/178/327
f 598/182/328 599/183/329 600/184/329
f 598/182/328 600/184/329 601/178/328
f 602/174/318 603/172/318 604/173/318
f 602/174/318 604/173/318 605/175/318
f 603/172/318 602/174/318 606/171/318
f 607/169/318 603/172/318 606/171/318
f 603/172/318 607/169/318 608/148/318
f 608/148/318 607/169/318 609/170/318
f 610/174/320 611/172/320 612/173/320
f 610/174/320 612/173/320 613/175/320
f 611/172/320 610/174/320 614/171/320
f 615/169/320 611/172/320 614/171/320
f 611/172/320 615/169/320 616/148/320
f 616/148/320 615/169/320 617/170/320
f 618/102/289 619/132/289 620/134/289
f 618/102/289 620/134/289 621/105/289
f 622/102/289 623/134/289 624/132/289
f 623/134/289 622/102/289 625/105/289
f 626/102/330 627/185/330 628/186/330
f 628/186/330 629/187/330 626/102/330
f 629/187/330 628/186/330 630/188/331
f 627/185/330 626/102/330 631/189/332
f 631/189/332 632/190/330 627/185/330
f 631/189/332 633/191/333 632/190/330
f 634/105/334 635/119/334 636/108/334
f 635/119/334 634/105/334 637/192/334
f 637/192/334 638/122/335 635/119/334
f 634/105/334 636/108/334 639/193/336
f 639/193/336 636/108/334 640/110/334
f 640/110/334 641/115/337 639/193/336
f 642/194/338 643/101/339 644/148/340
f 643/101/339 642/194/338 645/195/341
f 646/196/342 647/106/343 648/197/344
f 649/142/345 647/106/343 646/196/342
f 650/101/346 651/194/347 652/148/348
f 651/194/347 650/101/346 653/195/347
f 654/196/349 655/106/350 656/142/351
f 655/106/350 654/196/349 657/197/352
f 658/148/339 659/101/353 660/195/338
f 658/148/339 660/195/338 661/194/354
f 662/148/346 658/148/339 663/194/355
f 664/194/356 662/148/346 663/194/355
f 660/195/357 665/101/348 666/195/358
f 665/101/348 660/195/357 667/101/353
f 664/194/359 665/101/348 668/148/346
f 665/101/348 664/194/359 669/195/360
f 670/196/344 671/106/345 672/142/361
f 671/106/345 670/196/344 673/197/342
f 674/197/362 675/106/351 671/106/345
f 675/106/351 674/197/362 676/197/363
f 677/142/350 670/196/364 678/142/343
f 670/196/364 677/142/350 679/196/365
f 676/197/352 677/142/366 680/106/351
f 677/142/366 676/197/352 681/196/367
f 682/197/368 683/106/343 684/106/350
f 682/197/368 684/106/350 685/197/365
f 686/198/300 687/199/300 688/156/300
f 688/156/300 687/199/300 689/155/300
f 690/156/300 691/199/300 692/198/300
f 691/199/300 690/156/300 693/155/300
f 694/200/320 695/201/320 696/202/320
f 697/203/320 696/202/320 695/201/320
f 696/202/320 698/204/320 694/200/320
f 696/202/320 697/203/320 699/101/320
f 698/204/320 700/205/320 694/200/320
f 700/205/320 699/101/320 697/203/320
f 700/205/320 698/204/320 701/102/320
f 699/101/320 700/205/320 701/102/320
f 702/206/318 703/207/318 704/105/318
f 705/106/318 704/105/318 703/207/318
f 703/207/318 702/206/318 706/208/318
f 705/106/318 703/207/318 707/209/318
f 708/210/318 706/208/318 702/206/318
f 707/209/318 708/210/318 705/106/318
f 706/208/318 708/210/318 709/211/318
f 708/210/318 707/209/318 709/211/318
f 710/174/369 711/175/370 712/174/371
f 711/175/370 710/174/369 713/175/372
f 714/171/373 710/174/369 712/174/371
f 710/174/369 714/171/373 715/171/374
f 716/169/375 715/171/374 714/171/373
f 715/171/374 716/169/375 717/169/375
f 718/170/376 717/169/375 716/169/375
f 717/169/375 718/170/376 719/170/376
f 720/148/377 719/170/376 718/170/376
f 719/170/376 720/148/377 721/148/377
f 722/172/378 721/148/377 720/148/377
f 721/148/377 722/172/378 723/172/379
f 722/172/378 724/173/380 723/172/379
f 722/172/378 725/173/380 724/173/380
f 726/176/381 724/173/380 725/173/380
f 725/173/380 727/176/382 726/176/381
f 728/174/383 729/175/384 730/174/383
f 729/175/384 728/174/383 731/175/385
f 732/171/386 728/174/383 730/174/383
f 728/174/383 732/171/386 733/171/386
f 734/169/387 733/171/386 732/171/386
f 733/171/386 734/169/387 735/169/387
f 736/170/388 735/169/387 734/169/387
f 735/169/387 736/170/388 737/170/388
f 738/148/389 737/170/388 736/170/388
f 737/170/388 738/148/389 739/148/390
f 740/172/391 739/148/390 738/148/389
f 739/148/390 740/172/391 741/172/391
f 740/172/391 742/173/392 741/172/391
f 740/172/391 743/173/392 742/173/392
f 744/176/393 742/173/392 743/173/392
f 743/173/392 745/176/394 744/176/393
f 746/169/395 747/102/395 748/169/396
f 747/102/395 746/169/395 749/102/395
f 750/105/397 751/143/397 752/143/397
f 750/105/397 752/143/397 753/105/398
f 754/102/395 755/169/395 756/102/395
f 757/169/399 756/102/395 755/169/395
f 758/105/397 759/143/397 760/143/397
f 759/143/397 758/105/397 761/105/400
f 762/154/270 763/153/270 764/101/270
f 764/101/270 763/153/270 765/106/270
f 764/101/270 766/106/270 767/101/270
f 764/101/270 768/106/270 766/106/270
f 769/148/401 770/154/320 771/101/402
f 770/154/320 769/148/401 772/212/320
f 773/195/355 771/101/403 774/101/339
f 771/101/403 773/195/355 775/195/356
f 776/148/353 769/148/348 777/194/404
f 777/194/404 769/148/348 778/194/358
f 779/102/270 780/105/270 781/102/270
f 780/105/270 779/102/270 782/105/270
f 782/105/270 783/102/270 784/105/270
f 782/105/270 785/102/270 783/102/270
f 786/102/270 787/105/270 783/102/270
f 787/105/270 786/102/270 788/105/270
f 789/102/270 788/105/270 790/102/270
f 789/102/270 791/105/270 788/105/270
f 792/102/270 793/105/270 794/102/270
f 793/105/270 792/102/270 795/105/270
f 796/153/318 797/213/318 798/106/405
f 797/213/318 799/142/406 798/106/405
f 799/142/407 800/196/408 801/196/363
f 800/196/408 799/142/407 802/142/345
f 803/169/320 804/102/320 805/169/320
f 804/102/320 803/169/320 806/102/320
f 807/105/318 808/143/318 809/143/318
f 807/105/318 809/143/318 810/105/318
f 811/102/409 812/105/409 813/159/410
f 813/159/410 812/105/409 814/160/409
f 815/153/318 816/106/406 817/213/318
f 817/213/318 816/106/406 818/142/405
f 819/148/402 820/101/401 821/154/320
f 819/148/402 821/154/320 822/212/320
f 823/102/320 824/169/320 825/102/320
f 826/169/320 825/102/320 824/169/320
f 827/105/318 828/143/318 829/143/318
f 828/143/318 827/105/318 830/105/318
f 831/170/320 832/214/320 833/138/320
f 833/138/320 832/214/320 834/215/320
f 832/214/320 831/170/320 835/216/320
f 835/216/320 831/170/320 836/217/320
f 837/218/318 838/162/318 839/139/318
f 837/218/318 839/139/318 840/219/318
f 841/220/318 838/162/318 837/218/318
f 838/162/318 841/220/318 842/164/318
f 843/183/320 844/138/320 845/221/320
f 846/148/320 844/138/320 843/183/320
f 844/138/320 846/148/320 847/170/320
f 848/142/318 849/139/318 850/162/318
f 849/139/318 848/142/318 851/184/318
f 849/139/318 851/184/318 852/222/318
f 853/148/411 854/126/412 855/101/411
f 854/126/412 853/148/411 856/150/412
f 857/142/413 858/106/413 859/152/413
f 860/128/413 859/152/413 858/106/413
f 861/143/414 862/160/415 863/105/415
f 862/160/415 861/143/414 864/223/415
f 865/159/416 866/169/417 867/102/416
f 866/169/417 865/159/416 868/224/417
f 869/143/414 870/105/415 871/160/415
f 869/143/414 871/160/415 872/223/418
f 873/102/417 874/169/417 875/224/417
f 873/102/417 875/224/417 876/159/417
f 877/169/419 878/102/419 879/102/420
f 877/169/419 879/102/420 880/169/420
f 881/102/421 880/169/420 879/102/420
f 880/169/420 881/102/421 882/169/421
f 883/102/422 882/169/421 881/102/421
f 882/169/421 883/102/422 884/169/423
f 885/143/424 886/105/425 887/105/426
f 885/143/424 887/105/426 888/143/426
f 886/105/425 885/143/424 889/143/427
f 886/105/425 889/143/427 890/105/427
f 890/105/427 889/143/427 891/143/428
f 890/105/427 891/143/428 892/105/428
f 893/169/419 894/102/429 895/102/419
f 894/102/429 893/169/419 896/169/420
f 894/102/429 896/169/420 897/102/421
f 898/169/421 897/102/421 896/169/420
f 897/102/421 898/169/421 899/102/422
f 900/169/423 899/102/422 898/169/421
f 901/143/426 902/105/426 903/143/424
f 904/105/425 903/143/424 902/105/426
f 904/105/425 905/143/430 903/143/424
f 905/143/430 904/105/425 906/105/427
f 906/105/427 907/143/431 905/143/430
f 907/143/431 906/105/427 908/105/428
f 909/187/330 910/188/330 911/225/330
f 912/122/334 913/192/334 914/226/334
f 915/101/320 916/169/320 917/102/320
f 916/169/320 915/101/320 918/148/320
f 918/148/320 915/101/320 919/227/320
f 920/105/318 921/143/318 922/106/318
f 923/142/318 922/106/318 921/143/318
f 922/106/318 923/142/318 924/228/318
f 925/223/292 926/144/292 927/229/292
f 928/143/292 926/144/292 925/223/292
f 929/148/318 930/101/318 931/227/318
f 932/169/318 930/101/318 929/148/318
f 930/101/318 932/169/318 933/102/318
f 934/142/320 935/106/320 936/143/320
f 936/143/320 935/106/320 937/105/320
f 935/106/320 934/142/320 938/228/320
f 939/142/280 940/230/280 941/145/280
f 940/230/280 939/142/280 942/213/280
f 939/142/280 943/145/280 944/142/280
f 939/142/280 945/145/280 943/145/280
f 946/143/280 947/144/280 948/144/280
f 948/144/280 949/143/280 946/143/280
f 947/144/280 950/143/280 951/144/280
f 947/144/280 952/143/280 950/143/280
f 953/144/280 950/143/280 954/143/280
f 954/143/280 955/144/280 953/144/280
f 956/143/280 957/144/280 955/144/280
f 956/143/280 955/144/280 958/143/280
f 959/143/280 960/144/280 961/144/280
f 961/144/280 962/143/280 959/143/280
f 963/221/432 964/184/433 965/183/433
f 964/184/433 963/221/432 966/222/432
f 967/153/434 968/154/434 969/160/435
f 969/160/435 968/154/434 970/159/434
f 971/132/436 972/231/437 973/232/437
f 972/231/437 971/132/436 974/134/436
f 975/214/438 972/231/439 976/218/438
f 975/214/438 977/232/439 972/231/439
f 978/193/440 979/115/441 980/118/442
f 978/193/440 980/118/442 981/233/426
f 982/148/443 983/189/444 984/234/419
f 983/189/444 982/148/443 985/191/445
f 986/154/446 987/212/446 988/159/447
f 988/159/447 987/212/446 989/224/447
f 990/213/448 991/160/449 992/223/450
f 991/160/449 990/213/448 993/153/451
f 994/212/447 995/154/447 996/159/447
f 994/212/447 996/159/447 997/224/452
f 998/153/449 999/223/449 1000/160/448
f 999/223/449 998/153/449 1001/213/449
f 1002/171/280 1003/174/316 1004/174/316
f 1003/174/316 1005/175/300 1004/174/316
f 1003/174/316 1006/175/300 1005/175/300
f 1002/171/280 1004/174/316 1007/171/280
f 1008/169/315 1002/171/280 1007/171/280
f 1008/169/315 1007/171/280 1009/169/315
f 1010/170/289 1008/169/315 1009/169/315
f 1010/170/289 1009/169/315 1011/170/289
f 1012/148/314 1010/170/289 1011/170/289
f 1012/148/314 1011/170/289 1013/148/314
f 1014/172/270 1012/148/314 1013/148/314
f 1014/172/270 1013/148/314 1015/172/270
f 1016/173/313 1014/172/270 1015/172/270
f 1016/173/313 1015/172/270 1017/173/313
f 1018/176/453 1016/173/313 1017/173/313
f 1018/176/453 1017/173/313 1019/176/453
f 1020/156/270 1021/155/270 1022/157/270
f 1022/157/270 1021/155/270 1023/158/270
f 1024/230/301 1025/213/301 1026/229/301
f 1026/229/301 1025/213/301 1027/223/301
f 1028/235/318 1029/147/318 1030/236/318
f 1031/237/318 1030/236/318 1029/147/318
f 1030/236/318 1031/237/318 1032/238/318
f 1033/239/320 1034/240/320 1035/241/320
f 1036/240/320 1037/239/320 1038/140/320
f 1036/240/320 1038/140/320 1039/242/320
f 1040/237/320 1041/236/320 1042/147/320
f 1042/147/320 1041/236/320 1043/235/320
f 1041/236/320 1040/237/320 1044/238/320
f 1045/240/318 1046/140/318 1047/242/318
f 1045/240/318 1048/239/318 1046/140/318
f 1049/239/318 1050/240/318 1051/241/318
f 1052/142/454 1053/106/454 1054/162/455
f 1055/139/455 1054/162/455 1053/106/454
f 1056/143/456 1054/162/455 1055/139/455
f 1057/105/457 1056/143/456 1055/139/455
f 1058/148/458 1059/138/459 1060/101/458
f 1059/138/459 1058/148/458 1061/170/459
f 1061/170/459 1062/102/460 1059/138/459
f 1062/102/460 1061/170/459 1063/169/460
f 1064/142/461 1065/106/461 1066/162/455
f 1067/139/455 1066/162/455 1065/106/461
f 1068/143/456 1066/162/455 1067/139/455
f 1069/105/457 1068/143/456 1067/139/455
f 1070/148/462 1071/138/463 1072/101/462
f 1071/138/463 1070/148/462 1073/170/459
f 1073/170/459 1074/102/464 1071/138/463
f 1074/102/464 1073/170/459 1075/169/460
f 1076/199/280 1077/198/280 1078/243/280
f 1078/243/280 1077/198/280 1079/244/280
f 1080/178/465 1081/177/466 1082/173/322
f 1081/177/466 1083/176/466 1082/173/322
f 1082/173/322 1084/179/270 1080/178/465
f 1084/179/270 1082/173/322 1085/172/270
f 1085/172/270 1086/106/467 1084/179/270
f 1086/106/467 1085/172/270 1087/148/321
f 1088/170/320 1086/106/467 1087/148/321
f 1086/106/467 1088/170/320 1089/139/320
f 1090/169/319 1089/139/320 1088/170/320
f 1089/139/320 1090/169/319 1091/105/468
f 1090/169/319 1092/180/280 1091/105/468
f 1092/180/280 1090/169/319 1093/171/280
f 1093/171/280 1094/174/317 1092/180/280
f 1092/180/280 1094/174/317 1095/134/317
f 1095/134/317 1094/174/317 1096/175/318
f 1097/181/318 1095/134/317 1096/175/318
f 1098/178/314 1099/177/469 1100/173/314
f 1099/177/469 1101/176/289 1100/173/314
f 1098/178/314 1100/173/314 1102/172/270
f 1103/179/270 1098/178/314 1102/172/270
f 1102/172/270 1104/106/470 1103/179/270
f 1104/106/470 1102/172/270 1105/148/470
f 1104/106/470 1105/148/470 1106/170/300
f 1107/139/300 1104/106/470 1106/170/300
f 1107/139/300 1106/170/300 1108/169/316
f 1109/105/316 1107/139/300 1108/169/316
f 1109/105/316 1108/169/316 1110/171/280
f 1111/180/280 1109/105/316 1110/171/280
f 1110/171/280 1112/134/471 1111/180/280
f 1112/134/471 1110/171/280 1113/174/315
f 1112/134/471 1113/174/315 1114/175/472
f 1115/181/289 1112/134/471 1114/175/472
f 1116/219/473 1117/215/473 1118/214/474
f 1118/214/474 1119/218/474 1116/219/473
f 1120/215/475 1121/219/475 1122/138/270
f 1122/138/270 1121/219/475 1123/139/270
f 1122/138/270 1123/139/270 1124/221/476
f 1124/221/476 1123/139/270 1125/222/476
f 1126/134/477 1127/105/478 1128/127/479
f 1126/134/477 1128/127/479 1129/151/480
f 1129/151/480 1128/127/479 1130/125/481
f 1129/151/480 1130/125/481 1131/149/482
f 1131/149/482 1130/125/481 1132/102/483
f 1131/149/482 1132/102/483 1133/132/484
f 1134/169/320 1135/171/320 1136/169/320
f 1135/171/320 1134/169/320 1137/171/320
f 1138/170/320 1134/169/320 1136/169/320
f 1139/174/320 1135/171/320 1137/171/320
f 1138/170/320 1136/169/320 1140/170/320
f 1135/171/320 1139/174/320 1141/174/320
f 1142/175/320 1141/174/320 1139/174/320
f 1141/174/320 1142/175/320 1143/175/320
f 1144/148/320 1138/170/320 1140/170/320
f 1144/148/320 1140/170/320 1145/148/320
f 1145/148/320 1146/172/320 1144/148/320
f 1145/148/320 1147/172/320 1146/172/320
f 1148/173/320 1146/172/320 1147/172/320
f 1146/172/320 1148/173/320 1149/173/320
f 1150/176/320 1149/173/320 1148/173/320
f 1149/173/320 1150/176/320 1151/176/320
f 1152/169/318 1153/171/318 1154/169/318
f 1153/171/318 1152/169/318 1155/171/318
f 1156/170/318 1152/169/318 1154/169/318
f 1157/174/318 1153/171/318 1155/171/318
f 1156/170/318 1154/169/318 1158/170/318
f 1153/171/318 1157/174/318 1159/174/318
f 1160/175/318 1159/174/318 1157/174/318
f 1159/174/318 1160/175/318 1161/175/318
f 1162/148/318 1156/170/318 1158/170/318
f 1162/148/318 1158/170/318 1163/148/318
f 1163/148/318 1164/172/318 1162/148/318
f 1163/148/318 1165/172/318 1164/172/318
f 1166/173/318 1164/172/318 1165/172/318
f 1164/172/318 1166/173/318 1167/173/318
f 1168/176/318 1167/173/318 1166/173/318
f 1167/173/318 1168/176/318 1169/176/318
f 1170/245/300 1171/104/300 1172/233/426
f 1172/233/426 1173/246/485 1170/245/300
f 1174/245/486 1175/234/419 1171/104/486
f 1175/234/419 1174/245/486 1176/247/487
f 1177/101/300 1178/245/488 1179/248/300
f 1178/245/488 1180/249/300 1179/248/300
f 1178/245/488 1177/101/300 1181/104/300
f 1182/106/300 1178/245/488 1181/104/300
f 1178/245/488 1182/106/300 1183/250/300
f 1184/251/300 1178/245/488 1183/250/300
f 1185/244/289 1186/157/289 1187/158/289
f 1185/244/289 1187/158/289 1188/243/289
f 1189/244/289 1190/158/289 1191/157/289
f 1190/158/289 1189/244/289 1192/243/289
f 1193/144/409 1194/143/489 1195/223/409
f 1193/144/409 1195/223/409 1196/229/489
f 1197/171/280 1198/174/315 1199/171/280
f 1198/174/315 1197/171/280 1200/174/315
f 1200/174/315 1201/175/289 1198/174/315
f 1201/175/289 1200/174/315 1202/175/289
f 1199/171/280 1203/169/316 1197/171/280
f 1203/169/316 1199/171/280 1204/169/316
f 1204/169/316 1205/170/300 1203/169/316
f 1206/170/300 1205/170/300 1204/169/316
f 1206/170/300 1207/148/313 1205/170/300
f 1208/148/313 1207/148/313 1206/170/300
f 1208/148/313 1209/172/270 1207/148/313
f 1209/172/270 1208/148/313 1210/172/270
f 1210/172/270 1211/173/314 1209/172/270
f 1212/173/314 1211/173/314 1210/172/270
f 1212/173/314 1213/176/490 1211/173/314
f 1214/176/490 1213/176/490 1212/173/314
f 1215/176/289 1216/173/314 1217/176/289
f 1216/173/314 1215/176/289 1218/173/314
f 1218/173/314 1219/172/270 1216/173/314
f 1219/172/270 1218/173/314 1220/172/270
f 1219/172/270 1220/172/270 1221/148/313
f 1221/148/313 1220/172/270 1222/148/313
f 1221/148/313 1222/148/313 1223/170/300
f 1223/170/300 1222/148/313 1224/170/300
f 1223/170/300 1224/170/300 1225/169/316
f 1225/169/316 1224/170/300 1226/169/316
f 1226/169/316 1227/171/280 1225/169/316
f 1227/171/280 1226/169/316 1228/171/280
f 1227/171/280 1228/171/280 1229/174/315
f 1229/174/315 1228/171/280 1230/174/315
f 1229/174/315 1230/174/315 1231/175/289
f 1231/175/289 1230/174/315 1232/175/289
f 1233/176/300 1234/173/313 1235/173/313
f 1233/176/300 1235/173/313 1236/176/300
f 1234/173/313 1237/172/270 1235/173/313
f 1234/173/313 1238/172/270 1237/172/270
f 1238/172/270 1239/148/314 1237/172/270
f 1238/172/270 1240/148/314 1239/148/314
f 1240/148/314 1241/170/289 1239/148/314
f 1240/148/314 1242/170/289 1241/170/289
f 1242/170/289 1243/169/315 1241/170/289
f 1242/170/289 1244/169/315 1243/169/315
f 1244/169/315 1245/171/280 1243/169/315
f 1244/169/315 1246/171/280 1245/171/280
f 1246/171/280 1247/174/316 1245/171/280
f 1246/171/280 1248/174/316 1247/174/316
f 1248/174/316 1249/175/300 1247/174/316
f 1248/174/316 1250/175/300 1249/175/300
f 1251/176/318 1252/176/318 1253/173/322
f 1253/173/322 1252/176/318 1254/173/322
f 1255/172/270 1253/173/322 1254/173/322
f 1256/172/270 1255/172/270 1254/173/322
f 1257/148/321 1255/172/270 1256/172/270
f 1258/148/321 1257/148/321 1256/172/270
f 1258/148/321 1259/170/320 1257/148/321
f 1258/148/321 1260/170/320 1259/170/320
f 1260/170/320 1261/169/319 1259/170/320
f 1260/170/320 1262/169/319 1261/169/319
f 1262/169/319 1263/171/280 1261/169/319
f 1263/171/280 1262/169/319 1264/171/280
f 1264/171/280 1265/174/317 1263/171/280
f 1265/174/317 1264/171/280 1266/174/317
f 1266/174/317 1267/175/318 1265/174/317
f 1267/175/318 1266/174/317 1268/175/318
f 1269/213/434 1270/230/434 1271/229/434
f 1269/213/434 1271/229/434 1272/223/434
f 1273/169/289 1274/171/289 1275/169/289
f 1274/171/289 1273/169/289 1276/171/289
f 1277/170/289 1273/169/289 1275/169/289
f 1278/174/289 1274/171/289 1276/171/289
f 1277/170/289 1275/169/289 1279/170/289
f 1274/171/289 1278/174/289 1280/174/289
f 1281/175/289 1280/174/289 1278/174/289
f 1280/174/289 1281/175/289 1282/175/289
f 1283/148/289 1277/170/289 1279/170/289
f 1283/148/289 1279/170/289 1284/148/289
f 1284/148/289 1285/172/289 1283/148/289
f 1284/148/289 1286/172/289 1285/172/289
f 1287/173/289 1285/172/289 1286/172/289
f 1285/172/289 1287/173/289 1288/173/289
f 1289/176/289 1288/173/289 1287/173/289
f 1288/173/289 1289/176/289 1290/176/289
f 1291/235/280 1292/236/491 1293/101/492
f 1291/235/280 1293/101/492 1294/102/280
f 1292/236/491 1295/252/493 1293/101/492
f 1295/252/493 1292/236/491 1296/238/493
f 1296/238/493 1297/182/286 1295/252/493
f 1297/182/286 1296/238/493 1298/237/286
f 1299/241/493 1300/106/494 1301/179/493
f 1301/179/493 1302/239/286 1299/241/493
f 1303/178/286 1302/239/286 1301/179/493
f 1300/106/494 1299/241/493 1304/240/492
f 1304/240/492 1305/105/280 1300/106/494
f 1305/105/280 1304/240/492 1306/242/280
f 1307/142/270 1308/145/270 1309/230/270
f 1309/230/270 1310/213/270 1307/142/270
f 1311/145/270 1312/142/270 1313/145/270
f 1313/145/270 1312/142/270 1314/142/270
f 1315/143/270 1316/144/270 1317/144/270
f 1316/144/270 1315/143/270 1318/143/270
f 1319/143/270 1317/144/270 1320/143/270
f 1320/143/270 1317/144/270 1321/144/270
f 1322/144/270 1323/143/270 1320/143/270
f 1323/143/270 1322/144/270 1324/144/270
f 1325/144/270 1326/143/270 1324/144/270
f 1324/144/270 1326/143/270 1327/143/270
f 1328/143/270 1329/144/270 1330/144/270
f 1329/144/270 1328/143/270 1331/143/270
f 1332/198/270 1333/243/270 1334/244/270
f 1332/198/270 1335/199/270 1333/243/270
f 1336/101/495 1337/102/270 1338/235/270
f 1336/101/495 1338/235/270 1339/236/496
f 1340/252/497 1336/101/495 1339/236/496
f 1340/252/497 1339/236/496 1341/238/498
f 1342/182/499 1340/252/497 1341/238/498
f 1342/182/499 1341/238/498 1343/237/281
f 1344/241/500 1345/240/495 1346/106/496
f 1345/240/495 1347/105/270 1346/106/496
f 1345/240/495 1348/242/270 1347/105/270
f 1344/241/500 1346/106/496 1349/179/498
f 1350/239/499 1344/241/500 1349/179/498
f 1350/239/499 1349/179/498 1351/178/281
f 1352/95/280 1353/162/280 1354/143/280
f 1353/162/280 1352/95/280 1355/97/280
f 1353/162/280 1355/97/280 1356/142/280
f 1352/95/280 1357/161/280 1355/97/280
f 1357/161/280 1358/145/280 1355/97/280
f 1357/161/280 1352/95/280 1359/144/280
f 1360/95/280 1361/162/280 1362/143/280
f 1361/162/280 1360/95/280 1363/97/280
f 1361/162/280 1363/97/280 1364/142/280
f 1360/95/280 1365/161/280 1363/97/280
f 1365/161/280 1366/145/280 1363/97/280
f 1365/161/280 1360/95/280 1367/144/280
f 1368/103/270 1369/193/270 1370/189/270
f 1369/193/270 1368/103/270 1371/105/270
f 1368/103/270 1370/189/270 1372/102/270
f 1369/193/270 1373/104/270 1370/189/270
f 1370/189/270 1373/104/270 1374/234/270
f 1373/104/270 1369/193/270 1375/233/270
f 1376/253/501 1377/254/501 1378/97/501
f 1376/253/501 1378/97/501 1379/95/501
f 1380/95/502 1381/97/502 1382/255/502
f 1380/95/502 1382/255/502 1383/256/502
f 1384/254/503 1385/144/503 1386/145/504
f 1385/144/503 1384/254/503 1387/253/503
f 1388/256/505 1389/255/505 1390/210/505
f 1388/256/505 1390/210/505 1391/206/506
f 1392/257/507 1393/258/508 1394/104/509
f 1392/257/507 1394/104/509 1395/103/510
f 1394/104/509 1396/259/511 1395/103/510
f 1396/259/511 1394/104/509 1397/260/512
f 1395/103/510 1398/259/511 1399/130/238
f 1399/130/238 1398/259/511 1400/261/513
f 1399/130/238 1401/257/514 1395/103/510
f 1402/262/243 1401/257/514 1399/130/238
f 1403/258/508 1404/245/240 1394/104/509
f 1404/245/240 1403/258/508 1405/263/515
f 1394/104/509 1404/245/240 1406/260/516
f 1406/260/516 1404/245/240 1407/264/239
o Cylinder_006_Cylinder_014_120470944380948
v 1.287948 1.078460 -0.047524
v 1.287948 1.078460 0.047524
v 1.287948 1.058774 -0.000000
v 1.287948 1.193194 -0.000000
v 1.287948 1.125984 0.067210
v 1.287948 1.173509 0.047524
v 1.287948 1.125984 -0.067210
v 1.287948 1.173509 -0.047524
v -0.867086 1.081531 -0.044371
v -0.867086 1.170273 -0.044371
v -0.867086 1.125902 -0.062750
v -0.867086 1.081531 0.044371
v -0.867086 1.063151 -0.000000
v -0.867086 1.170273 0.044371
v -0.867086 1.125902 0.062750
v -0.867086 1.188652 -0.000000
v -0.828837 1.202120 -0.076218
v -0.781725 1.125902 -0.130306
v -0.828837 1.125902 -0.107788
v -0.781725 1.218042 -0.092140
v -0.781725 1.256208 -0.000000
v -0.828837 1.049684 -0.076218
v -0.781725 1.033762 -0.092140
v -0.867086 1.125902 -0.062750
v -0.867086 1.170273 -0.044371
v -0.867086 1.188652 -0.000000
v -0.867086 1.081531 -0.044371
v -0.781725 0.995597 -0.000000
v -0.867086 1.063151 -0.000000
v -0.828837 1.018114 -0.000000
v -0.828837 1.233690 -0.000000
v -0.828837 1.202120 0.076218
v -0.867086 1.170273 0.044371
v -0.781725 1.218042 0.092140
v -0.867086 1.125902 0.062750
v -0.781725 1.125902 0.130306
v -0.828837 1.125902 0.107788
v -0.828837 1.049684 0.076218
v -0.867086 1.081531 0.044371
v -0.781725 1.033762 0.092140
v -0.867086 1.125902 0.062750
v -0.781725 1.125902 0.130306
v -0.828837 1.125902 0.107788
v 1.184002 1.125984 -0.139567
v 1.241371 1.044349 -0.081635
v 1.184002 1.027295 -0.098689
v 1.184002 0.986417 -0.000000
v 1.241371 1.125984 -0.115450
v 1.241371 1.207620 -0.081635
v 1.184002 1.224673 -0.098689
v 1.287948 1.125984 -0.067210
v 1.287948 1.078460 -0.047524
v 1.184002 1.265551 -0.000000
v 1.287948 1.058774 -0.000000
v 1.287948 1.173509 -0.047524
v 1.241371 1.010535 -0.000000
v 1.241371 1.044349 0.081635
v 1.287948 1.078460 0.047524
v 1.184002 1.027295 0.098689
v 1.287948 1.125984 0.067210
v 1.184002 1.125984 0.139567
v 1.241371 1.125984 0.115450
v 1.241371 1.241434 -0.000000
v 1.287948 1.193194 -0.000000
v 1.287948 1.173509 0.047524
v 1.241371 1.207620 0.081635
v 1.184002 1.224673 0.098689
v 1.287948 1.125984 0.067210
v 1.184002 1.125984 0.139567
v 1.241371 1.125984 0.115450
vn 0.8936 -0.3174 -0.3174
vn 0.8936 -0.3174 0.3174
vn 0.8936 -0.4489 0.0005
vn 0.8936 0.4489 0.0004
vn 0.8936 0.0005 0.4489
vn 0.8936 0.3174 0.3174
vn 0.8936 0.0004 -0.4489
vn 0.8936 0.3174 -0.3174
vn -0.9094 -0.2940 -0.2941
vn -0.9094 0.2941 -0.2940
vn -0.9095 0.0005 -0.4157
vn -0.9094 -0.2941 0.2940
vn -0.9095 -0.4157 0.0004
vn -0.9094 0.2940 0.2941
vn -0.9095 0.0004 0.4157
vn -0.9095 0.4157 0.0005
vn -0.5870 0.5725 -0.5725
vn -0.4312 0.0005 -0.9022
vn -0.5865 -0.0000 -0.8099
vn -0.4312 0.6380 -0.6380
vn -0.4312 0.9022 -0.0000
vn -0.5869 -0.5725 -0.5725
vn -0.4312 -0.6380 -0.6380
vn -0.9094 0.0005 -0.4159
vn -0.9094 0.2941 -0.2941
vn -0.9094 0.4159 0.0005
vn -0.9094 -0.2941 -0.2941
vn -0.4312 -0.9022 0.0003
vn -0.9094 -0.4159 0.0004
vn -0.5865 -0.8099 -0.0000
vn -0.5866 0.8099 0.0003
vn -0.5869 0.5725 0.5725
vn -0.9094 0.2941 0.2941
vn -0.4312 0.6380 0.6380
vn -0.9094 0.0005 0.4159
vn -0.4312 0.0006 0.9023
vn -0.5867 0.0005 0.8098
vn -0.5865 -0.5727 0.5727
vn -0.9094 -0.2941 0.2941
vn -0.4312 -0.6380 0.6380
vn -0.9095 0.0004 0.4158
vn -0.4312 0.0004 0.9022
vn -0.5867 0.0002 0.8098
vn 0.3875 -0.0000 -0.9219
vn 0.5431 -0.5937 -0.5937
vn 0.3875 -0.6518 -0.6518
vn 0.3876 -0.9218 -0.0000
vn 0.5431 -0.0000 -0.8397
vn 0.5431 0.5937 -0.5937
vn 0.3875 0.6518 -0.6519
vn 0.3875 0.9219 -0.0000
vn 0.8936 0.3174 -0.3175
vn 0.5432 -0.8396 0.0005
vn 0.5431 -0.5937 0.5937
vn 0.3875 -0.6518 0.6518
vn 0.3876 0.0004 0.9218
vn 0.5432 0.0003 0.8396
vn 0.5431 0.8397 -0.0000
vn 0.8936 0.4489 0.0005
vn 0.8936 0.3175 0.3174
vn 0.5431 0.5937 0.5937
vn 0.3875 0.6518 0.6518
vn 0.8936 0.0004 0.4489
vn 0.3876 0.0005 0.9218
vn 0.5432 0.0005 0.8396
vt 0.919706 0.080294
vt 0.919706 0.419706
vt 0.990000 0.250000
vt 0.510000 0.250000
vt 0.750000 0.490000
vt 0.580294 0.419706
vt 0.750000 0.010000
vt 0.580294 0.080294
vt 0.419706 0.080294
vt 0.080294 0.080294
vt 0.250000 0.010000
vt 0.419706 0.419706
vt 0.490000 0.250000
vt 0.080294 0.419706
vt 0.250000 0.490000
vt 0.010000 0.250000
vt 0.375000 1.000000
vt 0.500000 1.000000
vt 0.250000 1.000000
vt 0.625000 1.000000
vt 0.750000 1.000000
vt 0.125000 1.000000
vt 0.000000 1.000000
vt 0.875000 1.000000
vt 1.000000 1.000000
vt 0.500000 0.500000
vt 0.625000 0.500000
vt 0.750000 0.500000
vt 0.375000 0.500000
vt 0.250000 0.500000
vt 0.875000 0.500000
vt 1.000000 0.500000
vt 0.125000 0.500000
vt 0.000000 0.500000
s 1
f 1408/265/517 1409/266/518 1410/267/519
f 1408/265/517 1411/268/520 1409/266/518
f 1409/266/518 1411/268/520 1412/269/521
f 1412/269/521 1411/268/520 1413/270/522
f 1414/271/523 1411/268/520 1408/265/517
f 1411/268/520 1414/271/523 1415/272/524
f 1416/273/525 1417/274/526 1418/275/527
f 1417/274/526 1416/273/525 1419/276/528
f 1419/276/528 1416/273/525 1420/277/529
f 1417/274/526 1419/276/528 1421/278/530
f 1421/278/530 1419/276/528 1422/279/531
f 1417/274/526 1421/278/530 1423/280/532
f 1424/281/533 1425/282/534 1426/282/535
f 1425/282/534 1424/281/533 1427/281/536
f 1424/281/533 1428/283/537 1427/281/536
f 1426/282/535 1425/282/534 1429/284/538
f 1425/282/534 1430/284/539 1429/284/538
f 1424/281/533 1426/282/535 1431/282/540
f 1429/284/538 1431/282/540 1426/282/535
f 1432/281/541 1424/281/533 1431/282/540
f 1433/283/542 1424/281/533 1432/281/541
f 1431/282/540 1429/284/538 1434/284/543
f 1435/285/544 1429/284/538 1430/284/539
f 1429/284/538 1436/285/545 1434/284/543
f 1429/284/538 1435/285/544 1437/285/546
f 1429/284/538 1437/285/546 1436/285/545
f 1424/281/533 1433/283/542 1438/283/547
f 1428/283/537 1424/281/533 1438/283/547
f 1433/283/542 1439/286/548 1438/283/547
f 1439/286/548 1428/283/537 1438/283/547
f 1439/286/548 1433/283/542 1440/286/549
f 1428/283/537 1439/286/548 1441/286/550
f 1442/287/551 1439/286/548 1440/286/549
f 1443/287/552 1441/286/550 1439/286/548
f 1439/286/548 1442/287/551 1444/287/553
f 1444/287/553 1443/287/552 1439/286/548
f 1445/288/554 1436/285/545 1437/285/546
f 1437/285/546 1435/285/544 1445/288/554
f 1436/285/545 1445/288/554 1446/288/555
f 1435/285/544 1447/288/556 1445/288/554
f 1445/288/554 1448/289/557 1446/288/555
f 1449/289/558 1445/288/554 1447/288/556
f 1448/289/557 1445/288/554 1450/289/559
f 1445/288/554 1449/289/558 1450/289/559
f 1451/290/560 1452/291/561 1453/291/562
f 1452/291/561 1454/292/563 1453/291/562
f 1452/291/561 1451/290/560 1455/290/564
f 1451/290/560 1456/293/565 1455/290/564
f 1456/293/565 1451/290/560 1457/293/566
f 1452/291/561 1455/290/564 1458/290/523
f 1456/293/565 1458/290/523 1455/290/564
f 1459/291/517 1452/291/561 1458/290/523
f 1460/294/567 1456/293/565 1457/293/566
f 1461/292/519 1452/291/561 1459/291/517
f 1458/290/523 1456/293/565 1462/293/568
f 1452/291/561 1461/292/519 1463/292/569
f 1454/292/563 1452/291/561 1463/292/569
f 1461/292/519 1464/295/570 1463/292/569
f 1464/295/570 1454/292/563 1463/292/569
f 1464/295/570 1461/292/519 1465/295/518
f 1454/292/563 1464/295/570 1466/295/571
f 1467/296/521 1464/295/570 1465/295/518
f 1464/295/570 1468/296/572 1466/295/571
f 1464/295/570 1467/296/521 1469/296/573
f 1468/296/572 1464/295/570 1469/296/573
f 1470/294/574 1462/293/568 1456/293/565
f 1456/293/565 1460/294/567 1470/294/574
f 1462/293/568 1470/294/574 1471/294/575
f 1470/294/574 1472/297/576 1471/294/575
f 1470/294/574 1460/294/567 1473/297/577
f 1470/294/574 1473/297/577 1472/297/576
f 1460/294/567 1474/297/578 1473/297/577
f 1473/297/577 1475/298/579 1472/297/576
f 1476/298/580 1473/297/577 1474/297/578
f 1475/298/579 1473/297/577 1477/298/581
f 1473/297/577 1476/298/580 1477/298/581
o Cylinder_021_Cylinder_028_101512007898195
v -1.914653 0.443185 -0.000000
v -1.914653 0.485703 0.042519
v -1.914653 0.485703 -0.042519
v -1.914653 0.455638 0.030066
v -1.914653 0.455638 -0.030066
v -1.914653 0.528222 -0.000000
v -1.914653 0.515768 -0.030066
v -1.914653 0.515768 0.030066
v -0.369671 0.506602 -0.119235
v -0.426207 0.483183 -0.119235
v -0.416507 0.506602 -0.119235
v -0.393089 0.516302 -0.119235
v -0.369671 0.459765 -0.119235
v -0.359971 0.483183 -0.119235
v -0.416507 0.459765 -0.119235
v -0.393089 0.450065 -0.119235
v -0.369671 0.459765 0.119235
v -0.426207 0.483183 0.119235
v -0.416507 0.459765 0.119235
v -0.393089 0.450065 0.119235
v -0.369671 0.506602 0.119235
v -0.359971 0.483183 0.119235
v -0.416507 0.506602 0.119235
v -0.393089 0.516302 0.119235
v 1.036370 0.459765 -0.106914
v 0.989533 0.506602 -0.106914
v 1.036370 0.506602 -0.106914
v 1.012952 0.516302 -0.106914
v 1.046070 0.483183 -0.106914
v 0.989533 0.459765 -0.106914
v 0.979833 0.483183 -0.106914
v 1.012952 0.450065 -0.106914
v 0.989533 0.459765 0.106914
v 0.989533 0.506602 0.106914
v 0.979833 0.483183 0.106914
v 1.036370 0.459765 0.106914
v 1.012952 0.450065 0.106914
v 1.036370 0.506602 0.106914
v 1.012952 0.516302 0.106914
v 1.046070 0.483183 0.106914
v -1.914653 0.455638 0.030066
v -1.388424 0.455638 0.030066
v -1.388424 0.485703 0.042519
v -1.914653 0.485703 0.042519
v -1.914653 0.443185 -0.000000
v -1.388424 0.443185 -0.000000
v -1.914653 0.455638 -0.030066
v -1.388424 0.455638 -0.030066
v -1.914653 0.485703 -0.042519
v -1.388424 0.485703 -0.042519
v -1.914653 0.515768 -0.030066
v -1.388424 0.515768 -0.030066
v -1.914653 0.528222 -0.000000
v -1.388424 0.528222 -0.000000
v -1.914653 0.515768 0.030066
v -1.388424 0.515768 0.030066
v -1.914653 0.485703 0.042519
v -1.388424 0.485703 0.042519
v -0.416507 0.506602 -0.119235
v -0.393089 0.516302 0.119235
v -0.393089 0.516302 -0.119235
v -0.416507 0.506602 0.119235
v -0.426207 0.483183 -0.119235
v -0.426207 0.483183 0.119235
v -0.416507 0.459765 -0.119235
v -0.416507 0.459765 0.119235
v -0.393089 0.450065 -0.119235
v -0.393089 0.450065 0.119235
v -0.369671 0.459765 -0.119235
v -0.369671 0.459765 0.119235
v -0.359971 0.483183 -0.119235
v -0.359971 0.483183 0.119235
v -0.369671 0.506602 -0.119235
v -0.369671 0.506602 0.119235
v -0.393089 0.516302 -0.119235
v -0.393089 0.516302 0.119235
v -1.388424 0.485703 -0.042519
v -1.388424 0.485703 0.042519
v -1.388424 0.443185 -0.000000
v -1.388424 0.455638 0.030066
v -1.388424 0.455638 -0.030066
v -1.388424 0.528222 -0.000000
v -1.388424 0.515768 0.030066
v -1.388424 0.515768 -0.030066
v 0.989533 0.506602 -0.106914
v 1.012952 0.516302 0.106914
v 1.012952 0.516302 -0.106914
v 0.989533 0.506602 0.106914
v 0.979833 0.483183 -0.106914
v 0.979833 0.483183 0.106914
v 0.989533 0.459765 -0.106914
v 0.989533 0.459765 0.106914
v 1.012952 0.450065 -0.106914
v 1.012952 0.450065 0.106914
v 1.036370 0.459765 -0.106914
v 1.036370 0.459765 0.106914
v 1.046070 0.483183 -0.106914
v 1.046070 0.483183 0.106914
v 1.036370 0.506602 -0.106914
v 1.036370 0.506602 0.106914
v 1.012952 0.516302 -0.106914
v 1.012952 0.516302 0.106914
vn -1.0000 0.0005 0.0005
vn 0.0005 0.0005 -1.0000
vn 0.0005 0.0005 1.0000
vn -0.0000 -0.7071 0.7071
vn 0.0005 -1.0000 0.0005
vn -0.0000 -0.7071 -0.7071
vn -0.0000 0.7071 -0.7071
vn 0.0005 1.0000 0.0005
vn -0.0000 0.7071 0.7071
vn 0.0005 0.0006 1.0000
vn -0.5808 0.8140 0.0005
vn 0.0004 1.0000 0.0005
vn -0.5807 0.8141 -0.0000
vn -0.5808 -0.8140 -0.0000
vn -0.5808 -0.8140 0.0005
vn 0.5807 -0.8141 0.0005
vn 0.5807 -0.8141 -0.0000
vn 1.0000 0.0005 0.0005
vn 0.5808 0.8140 -0.0000
vn 0.5807 0.8141 0.0005
vn -0.5807 0.8141 0.0005
vn -0.5807 -0.8141 -0.0000
vn -0.5807 -0.8141 0.0005
vn 0.5808 0.8140 0.0005
vt 0.750000 1.000000
vt 0.000000 1.000000
vt 0.500000 1.000000
vt 0.875000 1.000000
vt 0.625000 1.000000
vt 0.250000 1.000000
vt 0.375000 1.000000
vt 0.125000 1.000000
vt 0.080294 0.419706
vt 0.490000 0.250000
vt 0.419706 0.419706
vt 0.250000 0.490000
vt 0.080294 0.080294
vt 0.010000 0.250000
vt 0.419706 0.080294
vt 0.250000 0.010000
vt 0.580294 0.080294
vt 0.990000 0.250000
vt 0.919706 0.080294
vt 0.750000 0.010000
vt 0.580294 0.419706
vt 0.510000 0.250000
vt 0.919706 0.419706
vt 0.750000 0.490000
vt 0.875000 0.500000
vt 1.000000 0.500000
vt 1.000000 1.000000
vt 0.750000 0.500000
vt 0.625000 0.500000
vt 0.500000 0.500000
vt 0.375000 0.500000
vt 0.250000 0.500000
vt 0.125000 0.500000
vt 0.000000 0.500000
s 1
f 1478/299/582 1479/300/582 1480/301/582
f 1479/300/582 1478/299/582 1481/302/582
f 1478/299/582 1480/301/582 1482/303/582
f 1479/300/582 1483/304/582 1480/301/582
f 1480/301/582 1483/304/582 1484/305/582
f 1483/304/582 1479/300/582 1485/306/582
f 1486/307/583 1487/308/583 1488/309/583
f 1486/307/583 1488/309/583 1489/310/583
f 1487/308/583 1486/307/583 1490/311/583
f 1490/311/583 1486/307/583 1491/312/583
f 1487/308/583 1490/311/583 1492/313/583
f 1492/313/583 1490/311/583 1493/314/583
f 1494/315/584 1495/316/584 1496/317/584
f 1494/315/584 1496/317/584 1497/318/584
f 1494/315/584 1498/319/584 1495/316/584
f 1498/319/584 1494/315/584 1499/320/584
f 1498/319/584 1500/321/584 1495/316/584
f 1500/321/584 1498/319/584 1501/322/584
f 1502/311/583 1503/309/583 1504/307/583
f 1504/307/583 1503/309/583 1505/310/583
f 1502/311/583 1504/307/583 1506/312/583
f 1502/311/583 1507/313/583 1503/309/583
f 1503/309/583 1507/313/583 1508/308/583
f 1507/313/583 1502/311/583 1509/314/583
f 1510/317/584 1511/321/584 1512/316/584
f 1511/321/584 1510/317/584 1513/315/584
f 1513/315/584 1510/317/584 1514/318/584
f 1515/319/584 1511/321/584 1513/315/584
f 1511/321/584 1515/319/584 1516/322/584
f 1515/319/584 1513/315/584 1517/320/584
f 1518/302/585 1519/323/585 1520/324/584
f 1518/302/585 1520/324/584 1521/325/584
f 1522/299/586 1519/323/585 1518/302/585
f 1522/299/586 1523/326/586 1519/323/585
f 1524/303/587 1523/326/586 1522/299/586
f 1524/303/587 1525/327/587 1523/326/586
f 1526/301/583 1525/327/587 1524/303/587
f 1526/301/583 1527/328/583 1525/327/587
f 1528/305/588 1527/328/583 1526/301/583
f 1528/305/588 1529/329/588 1527/328/583
f 1529/329/588 1528/305/588 1530/304/589
f 1529/329/588 1530/304/589 1531/330/589
f 1531/330/589 1530/304/589 1532/306/590
f 1531/330/589 1532/306/590 1533/331/590
f 1534/300/591 1533/331/590 1532/306/590
f 1534/300/591 1535/332/591 1533/331/590
f 1536/302/592 1537/324/593 1538/325/593
f 1537/324/593 1536/302/592 1539/323/594
f 1540/299/582 1539/323/594 1536/302/592
f 1539/323/594 1540/299/582 1541/326/582
f 1542/303/595 1541/326/582 1540/299/582
f 1541/326/582 1542/303/595 1543/327/596
f 1544/301/586 1543/327/596 1542/303/595
f 1543/327/596 1544/301/586 1545/328/586
f 1546/305/597 1545/328/586 1544/301/586
f 1545/328/586 1546/305/597 1547/329/598
f 1548/304/599 1547/329/598 1546/305/597
f 1547/329/598 1548/304/599 1549/330/599
f 1550/306/600 1549/330/599 1548/304/599
f 1549/330/599 1550/306/600 1551/331/601
f 1552/300/589 1551/331/601 1550/306/600
f 1551/331/601 1552/300/589 1553/332/589
f 1554/328/599 1555/332/599 1556/326/599
f 1556/326/599 1555/332/599 1557/323/599
f 1554/328/599 1556/326/599 1558/327/599
f 1554/328/599 1559/330/599 1555/332/599
f 1555/332/599 1559/330/599 1560/331/599
f 1559/330/599 1554/328/599 1561/329/599
f 1562/302/602 1563/324/593 1564/325/593
f 1563/324/593 1562/302/602 1565/323/594
f 1566/299/582 1565/323/594 1562/302/602
f 1565/323/594 1566/299/582 1567/326/582
f 1568/303/603 1567/326/582 1566/299/582
f 1567/326/582 1568/303/603 1569/327/604
f 1570/301/586 1569/327/604 1568/303/603
f 1569/327/604 1570/301/586 1571/328/586
f 1572/305/597 1571/328/586 1570/301/586
f 1571/328/586 1572/305/597 1573/329/598
f 1574/304/599 1573/329/598 1572/305/597
f 1573/329/598 1574/304/599 1575/330/599
f 1576/306/600 1575/330/599 1574/304/599
f 1575/330/599 1576/306/600 1577/331/605
f 1578/300/589 1577/331/605 1576/306/600
f 1577/331/605 1578/300/589 1579/332/589
o Plane_001_Plane_001_113789227660955
v -3.884950 0.720611 -0.046832
v -3.884950 0.673779 -0.066230
v -3.884950 0.673779 -0.045347
v -3.884950 0.626947 -0.046832
v -3.884950 0.705844 -0.032065
v -3.884950 0.641714 -0.032065
v -3.884950 0.719126 -0.000000
v -3.884950 0.628432 -0.000000
v -3.884950 0.740009 -0.000000
v -3.884950 0.607548 -0.000000
v -3.884950 0.720611 0.046832
v -3.884950 0.626947 0.046832
v -3.884950 0.705844 0.032065
v -3.884950 0.673779 0.045347
v -3.884950 0.673779 0.066230
v -3.884950 0.641714 0.032065
v -3.884950 0.673779 0.045347
v -3.884950 0.673779 0.066230
v -3.884950 0.628432 -0.000000
v -3.884950 0.641714 0.032065
v -3.796337 0.673779 -0.000000
v -3.884950 0.673779 0.045347
v -3.796337 0.673779 -0.000000
v -3.884950 0.641714 -0.032065
v -3.796337 0.673779 -0.000000
v -3.884950 0.673779 -0.045347
v -3.796337 0.673779 -0.000000
v -3.884950 0.705844 -0.032065
v -3.796337 0.673779 -0.000000
v -3.884950 0.719126 -0.000000
v -3.796337 0.673779 -0.000000
v -3.884950 0.705844 0.032065
v -3.796337 0.673779 -0.000000
v -3.884950 0.673779 0.045347
v -3.796337 0.673779 -0.000000
v 1.270201 1.238353 0.117520
v 1.270201 1.252269 -0.000000
v 1.270201 1.287031 -0.000000
v 1.270201 1.238353 -0.117520
v 1.270201 1.213771 0.092938
v 1.270201 1.120832 0.166199
v 1.270201 1.120832 0.131434
v 1.270201 1.213771 -0.092938
v 1.270201 1.120832 -0.166199
v 1.270201 1.120832 -0.131434
v 1.270201 1.027894 -0.092938
v 1.270201 1.003312 -0.117520
v 1.270201 0.954633 -0.000000
v 1.270201 0.989398 -0.000000
v 1.270201 1.027894 0.092938
v 1.270201 1.003312 0.117520
v 1.270201 1.120832 0.166199
v 1.270201 1.120832 0.131434
v 1.177225 0.520395 -0.102415
v 1.042480 0.426660 0.102415
v 1.042479 0.426660 -0.102415
v 1.177226 0.520395 0.102415
v 1.147932 0.616026 0.102415
v 1.147932 0.616026 -0.102415
v 0.925618 0.528013 -0.093345
v 1.033535 0.071808 0.093345
v 1.033535 0.071808 -0.093345
v 0.925618 0.528013 0.093345
v 1.033535 0.071808 -0.093345
v 1.033535 0.071808 0.093345
v 1.040962 0.040410 -0.093345
v 1.040962 0.040410 0.093345
v 1.055819 -0.022392 -0.093345
v 1.055819 -0.022392 0.093345
v -2.126238 0.574441 0.099338
v -2.126238 0.624109 -0.119912
v -2.126238 0.533293 -0.000000
v -2.126238 0.574441 -0.099338
v -2.126238 0.673779 0.140486
v -2.126238 0.773117 0.099338
v -2.126238 0.814265 -0.000000
v -2.126238 0.773117 -0.099338
v -2.126238 0.673779 -0.140486
v 0.419406 0.616026 -0.113794
v 0.419406 0.616026 0.113794
v 0.419406 0.310805 -0.113794
v 0.419406 0.310805 0.113794
v 1.055819 -0.022392 0.093345
v 0.728809 -0.099745 0.093345
v 1.055819 -0.022392 -0.093345
v 0.728809 -0.099745 -0.093345
v -1.859091 0.753927 -0.077836
v -1.859091 0.766539 -0.102063
v -1.858513 0.753249 -0.079471
v -1.844093 0.733939 -0.115566
v -1.844093 0.721905 -0.092453
v -1.859091 0.701340 -0.129070
v -1.859091 0.689307 -0.105956
v -1.844093 0.733939 0.115566
v -1.858513 0.753249 0.079471
v -1.844093 0.721905 0.092453
v -1.859091 0.766539 0.102063
v -1.859091 0.753927 0.077836
v -1.859091 0.701340 0.129070
v -1.859091 0.689307 0.105956
v -1.844093 0.617128 -0.088923
v -1.859091 0.635942 -0.124813
v -1.844093 0.602966 -0.111153
v -1.859091 0.650105 -0.102582
v -1.859091 0.572224 -0.093988
v -1.844093 0.617128 -0.088923
v -1.859091 0.589251 -0.067262
v -1.844093 0.617128 0.088923
v -1.859091 0.635942 0.124813
v -1.859091 0.650105 0.102582
v -1.844093 0.602966 0.111153
v -1.844093 0.617128 0.088923
v -1.859091 0.572224 0.093988
v -1.859091 0.589251 0.067261
v 0.128114 0.637330 -0.011979
v 0.128114 0.673779 -0.140486
v 0.128114 0.748504 -0.109533
v 0.128114 0.637330 -0.125388
v 0.128114 0.748504 -0.011980
v -1.566166 0.753927 -0.077836
v -1.566166 0.766539 -0.102063
v -1.565587 0.753249 -0.079471
v -1.551168 0.733939 -0.115566
v -1.551168 0.721905 -0.092453
v -1.566166 0.701340 -0.129070
v -1.566166 0.689307 -0.105956
v -1.551168 0.617128 -0.088923
v -1.566166 0.635942 -0.124813
v -1.551168 0.602966 -0.111153
v -1.566166 0.650105 -0.102582
v -1.566166 0.572224 -0.093988
v -1.551168 0.617128 -0.088923
v -1.566166 0.589251 -0.067262
v -1.551168 0.733939 0.115566
v -1.565587 0.753249 0.079471
v -1.551168 0.721905 0.092453
v -1.566166 0.766539 0.102063
v -1.566166 0.753927 0.077836
v -1.566166 0.701340 0.129070
v -1.566166 0.689307 0.105956
v -1.551168 0.617128 0.088923
v -1.566166 0.635942 0.124813
v -1.566166 0.650105 0.102582
v -1.551168 0.602966 0.111153
v -1.551168 0.617128 0.088923
v -1.566166 0.572224 0.093988
v -1.566166 0.589251 0.067261
v -1.273241 0.753927 -0.077836
v -1.273241 0.766539 -0.102063
v -1.272662 0.753249 -0.079471
v -1.258243 0.733939 -0.115566
v -1.258243 0.721905 -0.092453
v -1.273241 0.701340 -0.129070
v -1.273241 0.689307 -0.105956
v -1.258243 0.733939 0.115566
v -1.272662 0.753249 0.079471
v -1.258243 0.721905 0.092453
v -1.273241 0.766539 0.102063
v -1.273241 0.753927 0.077836
v -1.273241 0.701340 0.129070
v -1.273241 0.689307 0.105956
v -1.258243 0.617128 -0.088923
v -1.273241 0.635942 -0.124813
v -1.258243 0.602966 -0.111153
v -1.273241 0.650105 -0.102582
v -1.273241 0.572224 -0.093988
v -1.258243 0.617128 -0.088923
v -1.273241 0.589251 -0.067262
v -1.258243 0.617128 0.088923
v -1.273241 0.635942 0.124813
v -1.273241 0.650105 0.102582
v -1.258243 0.602966 0.111153
v -1.258243 0.617128 0.088923
v -1.273241 0.572224 0.093988
v -1.273241 0.589251 0.067261
v -0.981213 1.005657 0.115175
v -0.855217 1.005657 0.115175
v -0.981213 1.120832 0.162882
v -0.855217 1.120832 0.162882
v -0.855217 0.957951 -0.000000
v -0.981213 0.957951 -0.000000
v -0.855217 1.005657 -0.115175
v -0.981213 1.005657 -0.115175
v -0.855217 1.120832 -0.162882
v -0.981213 1.120832 -0.162882
v -0.855217 1.236009 -0.115175
v -0.981213 1.236009 -0.115175
v -0.855217 1.283716 -0.000000
v -0.981213 1.283716 -0.000000
v -0.855217 1.236009 0.115175
v -0.981213 1.236009 0.115175
v -0.855217 1.120832 0.162882
v -0.981213 1.120832 0.162882
v 1.270201 1.003312 0.117520
v 1.117340 1.120832 0.166199
v 1.117340 1.003312 0.117520
v 1.270201 1.120832 0.166199
v 1.270201 0.954633 -0.000000
v 1.117340 0.954633 -0.000000
v 1.270201 1.003312 -0.117520
v 1.117340 1.003312 -0.117520
v 1.270201 1.120832 -0.166199
v 1.117340 1.120832 -0.166199
v 1.270201 1.238353 -0.117520
v 1.117340 1.238353 -0.117520
v 1.270201 1.287031 -0.000000
v 1.117340 1.287031 -0.000000
v 1.270201 1.238353 0.117520
v 1.117340 1.238353 0.117520
v 1.270201 1.120832 0.166199
v 1.117340 1.120832 0.166199
v -0.236922 1.049746 0.071087
v 0.222552 1.049746 0.071087
v 0.222552 1.120832 0.100532
v -0.236922 1.120832 0.100532
v 0.682026 1.120832 0.100532
v 0.682026 1.049746 0.071087
v -0.236922 1.020301 -0.000000
v 0.222552 1.020301 -0.000000
v 0.682026 1.049746 0.071087
v 0.682026 1.020301 -0.000000
v -0.236922 1.049746 -0.071087
v 0.222552 1.049746 -0.071087
v 0.682026 1.020301 -0.000000
v 0.682026 1.049746 -0.071087
v -0.236922 1.120832 -0.100532
v 0.222552 1.120832 -0.100532
v 0.682026 1.049746 -0.071087
v 0.682026 1.120832 -0.100532
v -0.236922 1.191919 -0.071087
v 0.222552 1.191919 -0.071087
v 0.682026 1.120832 -0.100532
v 0.682026 1.191919 -0.071087
v -0.236922 1.221364 -0.000000
v 0.222552 1.221364 -0.000000
v 0.682026 1.191919 -0.071087
v 0.682026 1.221364 -0.000000
v -0.236922 1.191919 0.071087
v 0.222552 1.191919 0.071087
v -0.236922 1.120832 0.100532
v 0.682026 1.221364 -0.000000
v 0.682026 1.191919 0.071087
v 0.222552 1.120832 0.100532
v 0.682026 1.191919 0.071087
v 0.682026 1.120832 0.100532
v 1.042480 0.426660 0.102415
v 0.368532 0.426660 0.102415
v 1.042479 0.426660 -0.102415
v 0.368532 0.426660 -0.102415
v -0.236922 1.191919 0.071087
v -0.768011 1.120832 0.148075
v -0.236922 1.120832 0.100532
v -0.855217 1.120832 0.148075
v -0.855217 1.225537 0.104704
v -0.768011 1.225537 0.104704
v -0.855217 1.268907 -0.000000
v -0.768011 1.268907 -0.000000
v -0.236922 1.221364 -0.000000
v -0.855217 1.225537 -0.104704
v -0.236922 1.191919 -0.071087
v -0.768011 1.225537 -0.104704
v -0.855217 1.120832 -0.148075
v -0.768011 1.120832 -0.148075
v -0.236922 1.120832 -0.100532
v -0.855217 1.016129 -0.104704
v -0.236922 1.049746 -0.071087
v -0.768011 1.016129 -0.104704
v -0.855217 0.972759 -0.000000
v -0.768011 0.972759 -0.000000
v -0.236922 1.020301 -0.000000
v -0.855217 1.016129 0.104704
v -0.236922 1.049746 0.071087
v -0.768011 1.016129 0.104704
v -0.855217 1.120832 0.148075
v -0.768011 1.120832 0.148075
v -0.236922 1.120832 0.100532
v -0.981213 1.005657 -0.115175
v -0.981213 1.120832 -0.130306
v -0.981213 1.120832 -0.162882
v -0.981213 1.212973 -0.092140
v -0.981213 1.028693 -0.092140
v -0.981213 1.236009 -0.115175
v -0.981213 0.957951 -0.000000
v -0.981213 1.251138 -0.000000
v -0.981213 0.990528 -0.000000
v -0.981213 1.283716 -0.000000
v -0.981213 1.028693 0.092140
v -0.981213 1.236009 0.115175
v -0.981213 1.005657 0.115175
v -0.981213 1.120832 0.130306
v -0.981213 1.120832 0.162882
v -0.981213 1.212973 0.092140
v -0.981213 1.120832 0.162882
v -0.981213 1.120832 0.130306
v -0.980315 0.753927 -0.077836
v -0.980315 0.766539 -0.102063
v -0.979737 0.753249 -0.079471
v -0.965317 0.733939 -0.115566
v -0.965317 0.721905 -0.092453
v -0.980315 0.701340 -0.129070
v -0.980315 0.689307 -0.105956
v -0.965317 0.617128 -0.088923
v -0.980315 0.635942 -0.124813
v -0.965317 0.602966 -0.111153
v -0.980315 0.650105 -0.102582
v -0.980315 0.572224 -0.093987
v -0.965317 0.617128 -0.088923
v -0.980315 0.589251 -0.067262
v -0.965317 0.733939 0.115566
v -0.979737 0.753249 0.079471
v -0.965317 0.721905 0.092453
v -0.980315 0.766539 0.102063
v -0.980315 0.753927 0.077836
v -0.980315 0.701340 0.129070
v -0.980315 0.689307 0.105956
v -0.965317 0.617128 0.088923
v -0.980315 0.635942 0.124813
v -0.980315 0.650105 0.102582
v -0.965317 0.602966 0.111153
v -0.965317 0.617128 0.088923
v -0.980315 0.572224 0.093987
v -0.980315 0.589251 0.067261
v -0.853643 0.990528 -0.000000
v -0.981213 0.990528 -0.000000
v -0.853643 1.028693 0.092140
v -0.981213 1.028693 0.092140
v -0.853643 1.120832 0.130306
v -0.981213 1.120832 0.130306
v -0.981213 1.028693 -0.092140
v -0.853643 1.028693 -0.092140
v -0.981213 1.120832 -0.130306
v -0.853643 1.120832 -0.130306
v -0.981213 1.212973 -0.092140
v -0.853643 1.212973 -0.092140
v -0.981213 1.251138 -0.000000
v -0.853643 1.251138 -0.000000
v -0.981213 1.212973 0.092140
v -0.853643 1.212973 0.092140
v -0.981213 1.120832 0.130306
v -0.853643 1.120832 0.130306
v -2.126238 0.533293 -0.000000
v -1.273241 0.572224 0.093988
v -1.423220 0.572224 0.093988
v -1.130295 0.572224 0.093988
v -1.566166 0.572224 0.093988
v -0.980315 0.572224 0.093987
v -1.716145 0.572224 0.093988
v -1.859091 0.572224 0.093988
v -0.837367 0.572224 0.093987
v -2.009069 0.572224 0.093988
v -2.126238 0.574441 0.099338
v -2.126238 0.533293 -0.000000
v -0.687389 0.572224 -0.093987
v 2.184174 0.533293 -0.000000
v 2.184174 0.574441 -0.099338
v -0.837367 0.572224 -0.093987
v -0.980315 0.572224 -0.093987
v -1.130295 0.572224 -0.093988
v -1.273241 0.572224 -0.093988
v -1.423220 0.572224 -0.093988
v -1.566166 0.572224 -0.093988
v -1.716145 0.572224 -0.093988
v -1.859091 0.572224 -0.093988
v -0.687389 0.572224 0.093987
v 2.184174 0.533293 -0.000000
v 2.184174 0.574441 0.099338
v -2.126238 0.673779 0.140486
v -2.024067 0.602966 0.111153
v -2.009069 0.635942 0.124813
v -1.859091 0.635942 0.124813
v -1.716145 0.635942 0.124813
v -1.844093 0.602966 0.111153
v -1.731141 0.602966 0.111153
v -1.566166 0.635942 0.124813
v -1.423220 0.635942 0.124813
v -1.551168 0.602966 0.111153
v -1.438216 0.602966 0.111153
v -1.273241 0.635942 0.124813
v -1.130295 0.635942 0.124813
v -1.258243 0.602966 0.111153
v -1.145291 0.602966 0.111153
v -0.980315 0.635942 0.124813
v -1.716145 0.572224 0.093988
v -1.844093 0.602966 0.111153
v -1.859091 0.572224 0.093988
v -1.731141 0.602966 0.111153
v -1.423220 0.572224 0.093988
v -1.551168 0.602966 0.111153
v -1.566166 0.572224 0.093988
v -1.438216 0.602966 0.111153
v -1.130295 0.572224 0.093988
v -1.258243 0.602966 0.111153
v -1.273241 0.572224 0.093988
v -1.145291 0.602966 0.111153
v -0.980315 0.572224 0.093987
v -0.852366 0.602966 0.111153
v -0.965317 0.602966 0.111153
v -0.837367 0.572224 0.093987
v -1.551168 0.602966 -0.111153
v -1.438216 0.602966 -0.111153
v -1.423220 0.572224 -0.093988
v -1.566166 0.572224 -0.093988
v -1.844093 0.602966 -0.111153
v -1.731141 0.602966 -0.111153
v -1.716145 0.572224 -0.093988
v -1.859091 0.572224 -0.093988
v -1.258243 0.602966 -0.111153
v -1.145291 0.602966 -0.111153
v -1.130295 0.572224 -0.093988
v -1.273241 0.572224 -0.093988
v -0.852366 0.602966 -0.111153
v -0.980315 0.572224 -0.093987
v -0.965317 0.602966 -0.111153
v -0.837367 0.572224 -0.093987
v -0.965317 0.602966 0.111153
v -0.852366 0.602966 0.111153
v -0.837367 0.635942 0.124813
v -0.687389 0.635942 0.124813
v 2.184174 0.673779 0.140486
v -0.672392 0.602966 0.111153
v 2.184174 0.624109 0.119912
v 2.184174 0.574441 0.099338
v -0.687389 0.572224 0.093987
v -2.009069 0.572224 -0.093988
v -2.126238 0.574441 -0.099338
v -2.126238 0.624109 -0.119912
v -2.024067 0.602966 -0.111153
v -2.009069 0.635942 -0.124813
v -2.126238 0.673779 -0.140486
v -1.859091 0.635942 -0.124813
v -1.716145 0.635942 -0.124813
v -1.844093 0.602966 -0.111153
v -1.731141 0.602966 -0.111153
v -1.566166 0.635942 -0.124813
v -1.423220 0.635942 -0.124813
v -1.551168 0.602966 -0.111153
v -1.438216 0.602966 -0.111153
v -1.273241 0.635942 -0.124813
v -1.130295 0.635942 -0.124813
v -1.258243 0.602966 -0.111153
v -1.145291 0.602966 -0.111153
v -0.980315 0.635942 -0.124813
v 0.128114 0.673779 -0.140486
v -0.852366 0.602966 -0.111153
v -0.965317 0.602966 -0.111153
v -0.837367 0.635942 -0.124813
v -0.687389 0.635942 -0.124813
v -0.672392 0.602966 -0.111153
v 0.128114 0.637330 -0.125388
v -0.687389 0.572224 -0.093987
v 0.748462 0.637330 -0.125388
v 2.184174 0.574441 -0.099338
v 0.924523 0.637330 -0.125388
v 1.206079 0.637330 -0.125388
v 2.184174 0.673779 -0.140486
v 1.206079 0.673779 -0.140486
v 1.206079 0.673779 -0.140486
v 2.184174 0.773117 -0.099338
v 1.175150 0.701636 -0.128947
v 0.748462 0.748504 -0.109533
v 0.924523 0.701636 -0.128947
v -0.687389 0.766537 -0.102063
v 0.128114 0.748504 -0.109533
v -2.126238 0.773117 -0.099338
v -0.672392 0.733939 -0.115566
v 0.128114 0.673779 -0.140486
v -0.687389 0.701340 -0.129070
v -0.837367 0.701340 -0.129070
v -0.980315 0.701340 -0.129070
v -0.852366 0.733939 -0.115566
v -2.126238 0.673779 -0.140486
v -0.837367 0.766537 -0.102063
v -0.965317 0.733939 -0.115566
v -0.980315 0.766539 -0.102063
v -1.130295 0.766539 -0.102063
v -1.258243 0.733939 -0.115566
v -1.273241 0.766539 -0.102063
v -1.423220 0.766539 -0.102063
v -1.551168 0.733939 -0.115566
v -1.566166 0.766539 -0.102063
v -1.716145 0.766539 -0.102063
v -1.844093 0.733939 -0.115566
v -1.859091 0.766539 -0.102063
v -2.009069 0.766539 -0.102063
v -2.024067 0.733939 -0.115566
v -2.024067 0.602966 0.111153
v -2.126238 0.574441 0.099338
v -2.009069 0.572224 0.093988
v 0.419406 0.616026 0.113794
v 0.347863 0.274752 0.113794
v 0.419406 0.310805 0.113794
v -0.394518 0.413279 0.113794
v -0.511688 0.616026 0.113794
v -0.511688 0.539033 0.113794
v -0.687389 0.701340 0.129070
v -0.672392 0.733939 0.115566
v -2.126238 0.673779 0.140486
v 2.184174 0.773117 0.099338
v -0.687389 0.766537 0.102063
v -0.837367 0.701340 0.129070
v -0.852366 0.733939 0.115566
v -0.980315 0.701340 0.129070
v -2.126238 0.773117 0.099338
v -0.837367 0.766537 0.102063
v -0.965317 0.733939 0.115566
v -0.980315 0.766539 0.102063
v -1.130295 0.766539 0.102063
v -1.258243 0.733939 0.115566
v -1.273241 0.766539 0.102063
v -1.423220 0.766539 0.102063
v -1.551168 0.733939 0.115566
v -1.566166 0.766539 0.102063
v -1.716145 0.766539 0.102063
v -1.844093 0.733939 0.115566
v -1.859091 0.766539 0.102063
v -2.009069 0.766539 0.102063
v -2.024067 0.733939 0.115566
v -0.852366 0.733939 0.115566
v -0.965317 0.733939 0.115566
v -0.980315 0.701340 0.129070
v -0.837367 0.766537 0.102063
v -1.716145 0.766539 0.102063
v -1.844093 0.733939 0.115566
v -1.731141 0.733939 0.115566
v -1.859091 0.701340 0.129070
v -1.130295 0.766539 0.102063
v -1.258243 0.733939 0.115566
v -1.145291 0.733939 0.115566
v -1.273241 0.701340 0.129070
v -1.423220 0.766539 0.102063
v -1.551168 0.733939 0.115566
v -1.438216 0.733939 0.115566
v -1.566166 0.701340 0.129070
v -2.126238 0.673779 0.140486
v -1.566166 0.701340 0.129070
v -1.716145 0.701340 0.129070
v -1.423220 0.701340 0.129070
v -1.273241 0.701340 0.129070
v -1.130295 0.701340 0.129070
v -0.980315 0.701340 0.129070
v -1.731141 0.733939 0.115566
v -1.859091 0.701340 0.129070
v -1.716145 0.701340 0.129070
v -2.009069 0.701340 0.129070
v -1.423220 0.701340 0.129070
v -1.566166 0.701340 0.129070
v -1.438216 0.733939 0.115566
v -1.273241 0.701340 0.129070
v -1.130295 0.701340 0.129070
v -1.145291 0.733939 0.115566
v -2.126238 0.773117 0.099338
v -0.980315 0.766539 0.102063
v -0.837367 0.766537 0.102063
v -1.716145 0.766539 0.102063
v -1.859091 0.766539 0.102063
v -1.566166 0.766539 0.102063
v -1.423220 0.766539 0.102063
v -1.273241 0.766539 0.102063
v -1.130295 0.766539 0.102063
v -2.009069 0.572224 -0.093988
v -2.126238 0.574441 -0.099338
v -2.024067 0.602966 -0.111153
v -0.511688 0.539033 -0.113794
v -0.511688 0.539033 0.113794
v -0.511688 0.616026 -0.113794
v -0.511688 0.616026 0.113794
v -0.394518 0.413279 0.113794
v -0.394518 0.413279 -0.113794
v 0.347863 0.274752 0.113794
v 0.347863 0.274752 -0.113794
v 0.419406 0.310805 -0.113794
v 0.419406 0.310805 0.113794
v 0.419406 0.616026 -0.113794
v -0.394518 0.413279 -0.113794
v -0.511688 0.616026 -0.113794
v -0.511688 0.539033 -0.113794
v 0.347863 0.274752 -0.113794
v 0.419406 0.310805 -0.113794
v -0.852366 0.733939 -0.115566
v -0.965317 0.733939 -0.115566
v -0.837367 0.766537 -0.102063
v -0.980315 0.701340 -0.129070
v -1.844093 0.733939 -0.115566
v -1.716145 0.766539 -0.102063
v -1.731141 0.733939 -0.115566
v -1.859091 0.701340 -0.129070
v -1.258243 0.733939 -0.115566
v -1.130295 0.766539 -0.102063
v -1.145291 0.733939 -0.115566
v -1.273241 0.701340 -0.129070
v -1.551168 0.733939 -0.115566
v -1.423220 0.766539 -0.102063
v -1.438216 0.733939 -0.115566
v -1.566166 0.701340 -0.129070
v -1.716145 0.701340 -0.129070
v -1.859091 0.701340 -0.129070
v -1.731141 0.733939 -0.115566
v -2.009069 0.701340 -0.129070
v -1.273241 0.701340 -0.129070
v -1.130295 0.701340 -0.129070
v -1.145291 0.733939 -0.115566
v -1.423220 0.701340 -0.129070
v -1.566166 0.701340 -0.129070
v -1.438216 0.733939 -0.115566
v -1.566166 0.701340 -0.129070
v -2.126238 0.673779 -0.140486
v -1.716145 0.701340 -0.129070
v -1.423220 0.701340 -0.129070
v -1.273241 0.701340 -0.129070
v -1.130295 0.701340 -0.129070
v -0.980315 0.701340 -0.129070
v -0.837367 0.701340 -0.129070
v 0.128114 0.673779 -0.140486
v -0.980315 0.766539 -0.102063
v -2.126238 0.773117 -0.099338
v -0.837367 0.766537 -0.102063
v -1.716145 0.766539 -0.102063
v -1.859091 0.766539 -0.102063
v -1.566166 0.766539 -0.102063
v -1.423220 0.766539 -0.102063
v -1.273241 0.766539 -0.102063
v -1.130295 0.766539 -0.102063
v 1.042480 0.426660 0.102415
v 0.368532 0.520395 0.102415
v 0.368532 0.426660 0.102415
v 1.177226 0.520395 0.102415
v 1.147932 0.616026 0.102415
v 0.368532 0.616026 0.102415
v 2.166873 0.279277 0.095233
v 2.061420 0.080086 0.095234
v 2.178591 0.080086 0.095234
v 2.073136 0.279277 0.095233
v 2.166873 0.595636 0.114279
v 2.073136 0.595636 0.114279
v 1.932534 0.279277 0.095233
v 1.721626 0.126956 0.095234
v 1.581022 0.349577 0.095233
v 1.627891 0.126956 0.095234
v 1.452136 0.220690 0.095233
v 1.475570 0.572202 0.095233
v 1.288097 0.572202 0.095233
v 1.551977 0.087136 0.095234
v 1.434314 0.155055 0.095234
v 1.473668 0.090750 0.095234
v 1.042479 0.426660 -0.102415
v 0.368532 0.520395 -0.102415
v 1.177225 0.520395 -0.102415
v 0.368532 0.426660 -0.102415
v 1.147932 0.616026 -0.102415
v 0.368532 0.616026 -0.102415
v 1.033535 0.071808 0.093345
v 0.630010 0.458086 0.093345
v 0.737924 0.001882 0.093345
v 0.925618 0.528013 0.093345
v 1.033535 0.071808 0.093345
v 0.737924 0.001882 0.093345
v 1.040962 0.040410 0.093345
v 0.713953 -0.036945 0.093345
v 1.040962 0.040410 0.093345
v 0.728809 -0.099745 0.093345
v 1.055819 -0.022392 0.093345
v 0.713953 -0.036945 0.093345
v 2.061420 0.080086 -0.095233
v 2.073136 0.279277 -0.095233
v 2.166873 0.279277 -0.095233
v 2.178591 0.080086 -0.095233
v 2.073136 0.595636 -0.114280
v 2.166873 0.595636 -0.114280
v 1.932534 0.279277 -0.095233
v 1.721626 0.126956 -0.095233
v 1.581022 0.349577 -0.095233
v 1.627891 0.126956 -0.095233
v 1.452136 0.220690 -0.095233
v 1.475570 0.572202 -0.095234
v 1.288097 0.572202 -0.095234
v 1.551977 0.087136 -0.095233
v 1.434314 0.155055 -0.095233
v 1.473668 0.090750 -0.095233
v 1.033535 0.071808 -0.093345
v 0.630010 0.458086 -0.093345
v 0.925618 0.528013 -0.093345
v 0.737924 0.001882 -0.093345
v 1.040962 0.040410 -0.093345
v 0.737924 0.001882 -0.093345
v 1.033535 0.071808 -0.093345
v 0.713953 -0.036945 -0.093345
v 1.055819 -0.022392 -0.093345
v 0.728809 -0.099745 -0.093345
v 1.040962 0.040410 -0.093345
v 0.713953 -0.036945 -0.093345
v -2.126238 0.814265 -0.000000
v 2.184174 0.814265 -0.000000
v -2.126238 0.773117 0.099338
v -2.126238 0.673779 0.140486
v -2.024067 0.733939 0.115566
v -2.009069 0.701340 0.129070
v -2.126238 0.773117 -0.099338
v -2.024067 0.733939 -0.115566
v -2.126238 0.673779 -0.140486
v -2.009069 0.701340 -0.129070
v 2.184174 0.773117 -0.099338
v -2.126238 0.814265 -0.000000
v 2.184174 0.814265 -0.000000
v -3.884950 0.626947 0.046832
v -0.556447 0.626947 0.046832
v -0.556447 0.673779 0.066230
v -3.884950 0.673779 0.066230
v -3.884950 0.607548 -0.000000
v -0.556447 0.607548 -0.000000
v -3.884950 0.626947 -0.046832
v -0.556447 0.626947 -0.046832
v -3.884950 0.673779 -0.066230
v -0.556447 0.673779 -0.066230
v -3.884950 0.720611 -0.046832
v -0.556447 0.720611 -0.046832
v -3.884950 0.740009 -0.000000
v -0.556447 0.740009 -0.000000
v -3.884950 0.720611 0.046832
v -0.556447 0.720611 0.046832
v -3.884950 0.673779 0.066230
v -0.556447 0.673779 0.066230
v 1.175150 0.701636 -0.011979
v 0.924523 0.701636 -0.011979
v 1.175150 0.701636 -0.128947
v 0.924523 0.701636 -0.128947
v -1.566166 0.635942 -0.124813
v -1.716145 0.650105 -0.102582
v -1.716145 0.635942 -0.124813
v -1.566166 0.650105 -0.102582
v -1.273241 0.635942 -0.124813
v -1.423220 0.650105 -0.102582
v -1.423220 0.635942 -0.124813
v -1.273241 0.650105 -0.102582
v -0.980315 0.635942 -0.124813
v -1.130295 0.650105 -0.102582
v -1.130295 0.635942 -0.124813
v -0.980315 0.650105 -0.102582
v -0.687389 0.635942 -0.124813
v -0.837367 0.650105 -0.102582
v -0.837367 0.635942 -0.124813
v -0.687389 0.650105 -0.102582
v -1.859091 0.635942 -0.124813
v -2.009069 0.650105 -0.102582
v -2.009069 0.635942 -0.124813
v -1.859091 0.650105 -0.102582
v -0.687389 0.753927 0.077836
v -0.837367 0.766537 0.102063
v -0.837367 0.753927 0.077836
v -0.687389 0.766537 0.102063
v -0.837367 0.635942 0.124813
v -0.852366 0.617128 0.088923
v -0.837367 0.650105 0.102582
v -0.852366 0.602966 0.111153
v -0.687389 0.635942 0.124813
v -0.687389 0.650105 0.102582
v 0.128114 0.748504 -0.011980
v 0.748462 0.748504 -0.011980
v 0.748462 0.637330 -0.011979
v 0.128114 0.637330 -0.011979
v 0.924523 0.701636 -0.011979
v 0.924523 0.637330 -0.011979
v 1.175150 0.701636 -0.011979
v 0.924523 0.637330 -0.011979
v 1.206079 0.637330 -0.011979
v 1.206079 0.675442 -0.011979
v -1.566166 0.753927 -0.077836
v -1.716145 0.766539 -0.102063
v -1.566166 0.766539 -0.102063
v -1.716145 0.753927 -0.077836
v -1.273241 0.753927 -0.077836
v -1.423220 0.766539 -0.102063
v -1.273241 0.766539 -0.102063
v -1.423220 0.753927 -0.077836
v -1.130295 0.766539 -0.102063
v -0.980315 0.766539 -0.102063
v -0.980315 0.753927 -0.077836
v -1.130295 0.753927 -0.077836
v -0.687389 0.753927 -0.077836
v -0.837367 0.766537 -0.102063
v -0.687389 0.766537 -0.102063
v -0.837367 0.753927 -0.077836
v -1.859091 0.753927 -0.077836
v -2.009069 0.766539 -0.102063
v -1.859091 0.766539 -0.102063
v -2.009069 0.753927 -0.077836
v 0.748462 0.748504 -0.011980
v 0.128114 0.748504 -0.011980
v 0.748462 0.748504 -0.109533
v 0.128114 0.748504 -0.109533
v -0.837367 0.635942 -0.124813
v -0.852366 0.617128 -0.088923
v -0.852366 0.602966 -0.111153
v -0.837367 0.650105 -0.102582
v -1.130295 0.635942 0.124813
v -1.145291 0.617128 0.088923
v -1.130295 0.650105 0.102582
v -1.145291 0.602966 0.111153
v -0.980315 0.635942 0.124813
v -0.980315 0.650105 0.102582
v -1.423220 0.753927 -0.077836
v -2.089776 0.786166 -0.000000
v -1.566166 0.753927 -0.077836
v -1.423796 0.753249 -0.079471
v -1.565587 0.753249 -0.079471
v -1.716145 0.753927 -0.077836
v -1.273241 0.753927 -0.077836
v -1.859091 0.753927 -0.077836
v -1.716721 0.753249 -0.079471
v -1.858513 0.753249 -0.079471
v -2.009069 0.753927 -0.077836
v -2.089776 0.753249 -0.079471
v -2.009647 0.753249 -0.079471
v -0.543147 0.786166 -0.000000
v -1.130871 0.753249 -0.079471
v -1.272662 0.753249 -0.079471
v -1.130295 0.753927 -0.077836
v -0.980315 0.753927 -0.077836
v -0.837946 0.753249 -0.079471
v -0.979737 0.753249 -0.079471
v -0.837367 0.753927 -0.077836
v -0.687389 0.753927 -0.077836
v -0.543147 0.753249 -0.079471
v -0.686812 0.753249 -0.079471
v -0.980315 0.753927 0.077836
v -0.543147 0.786166 -0.000000
v -0.837367 0.753927 0.077836
v -0.837946 0.753249 0.079471
v -0.979737 0.753249 0.079471
v -0.687389 0.753927 0.077836
v -1.130295 0.753927 0.077836
v -0.543147 0.753249 0.079471
v -0.686812 0.753249 0.079471
v -1.273241 0.753927 0.077836
v -1.130871 0.753249 0.079471
v -1.272662 0.753249 0.079471
v -2.089776 0.786166 -0.000000
v -1.423220 0.753927 0.077836
v -1.566166 0.753927 0.077836
v -1.423796 0.753249 0.079471
v -1.565587 0.753249 0.079471
v -1.716145 0.753927 0.077836
v -1.859091 0.753927 0.077836
v -1.716721 0.753249 0.079471
v -1.858513 0.753249 0.079471
v -2.009069 0.753927 0.077836
v -2.089776 0.753249 0.079471
v -2.009647 0.753249 0.079471
v -0.837367 0.766537 -0.102063
v -0.837946 0.753249 -0.079471
v -0.852366 0.733939 -0.115566
v -0.837367 0.753927 -0.077836
v -0.852366 0.721905 -0.092453
v -0.837367 0.701340 -0.129070
v -0.837367 0.689307 -0.105956
v -0.837367 0.753927 0.077836
v -0.837367 0.766537 0.102063
v -0.837946 0.753249 0.079471
v -0.852366 0.733939 0.115566
v -0.852366 0.721905 0.092453
v -0.837367 0.701340 0.129070
v -0.837367 0.689307 0.105956
v -1.716145 0.701340 -0.129070
v -1.566166 0.689307 -0.105956
v -1.566166 0.701340 -0.129070
v -1.716145 0.689307 -0.105956
v -1.423220 0.701340 -0.129070
v -1.273241 0.689307 -0.105956
v -1.273241 0.701340 -0.129070
v -1.423220 0.689307 -0.105956
v -1.130295 0.701340 -0.129070
v -0.980315 0.689307 -0.105956
v -0.980315 0.701340 -0.129070
v -1.130295 0.689307 -0.105956
v -0.837367 0.701340 -0.129070
v -0.687389 0.689307 -0.105956
v -0.687389 0.701340 -0.129070
v -0.837367 0.689307 -0.105956
v -2.009069 0.701340 -0.129070
v -1.859091 0.689307 -0.105956
v -1.859091 0.701340 -0.129070
v -2.009069 0.689307 -0.105956
v -1.566166 0.589251 0.067261
v -1.716145 0.589251 0.067261
v -1.716145 0.572224 0.093988
v -1.566166 0.572224 0.093988
v -1.273241 0.589251 0.067261
v -1.423220 0.589251 0.067261
v -1.423220 0.572224 0.093988
v -1.273241 0.572224 0.093988
v -1.130295 0.589251 0.067261
v -0.980315 0.572224 0.093987
v -0.980315 0.589251 0.067261
v -1.130295 0.572224 0.093988
v -0.687389 0.589251 0.067261
v -0.837367 0.589251 0.067261
v -0.837367 0.572224 0.093987
v -0.687389 0.572224 0.093987
v -1.859091 0.589251 0.067261
v -2.009069 0.589251 0.067261
v -2.009069 0.572224 0.093988
v -1.859091 0.572224 0.093988
v -0.855217 1.225537 -0.104704
v -0.855217 1.283716 -0.000000
v -0.855217 1.268907 -0.000000
v -0.855217 1.225537 0.104704
v -0.855217 1.236009 -0.115175
v -0.855217 1.236009 0.115175
v -0.855217 1.120832 0.162882
v -0.855217 1.120832 0.148075
v -0.855217 1.120832 -0.162882
v -0.855217 1.120832 -0.148075
v -0.855217 1.005657 -0.115175
v -0.855217 1.016129 -0.104704
v -0.855217 0.957951 -0.000000
v -0.855217 0.972759 -0.000000
v -0.855217 1.016129 0.104704
v -0.855217 1.005657 0.115175
v -0.855217 1.120832 0.148075
v -0.855217 1.120832 0.162882
v -1.716145 0.572224 -0.093988
v -1.566166 0.589251 -0.067262
v -1.566166 0.572224 -0.093988
v -1.716145 0.589251 -0.067262
v -1.423220 0.572224 -0.093988
v -1.273241 0.589251 -0.067262
v -1.273241 0.572224 -0.093988
v -1.423220 0.589251 -0.067262
v -0.980315 0.572224 -0.093987
v -1.130295 0.589251 -0.067262
v -0.980315 0.589251 -0.067262
v -1.130295 0.572224 -0.093988
v -0.837367 0.572224 -0.093987
v -0.687389 0.589251 -0.067262
v -0.687389 0.572224 -0.093987
v -0.837367 0.589251 -0.067262
v -2.009069 0.572224 -0.093988
v -1.859091 0.589251 -0.067262
v -1.859091 0.572224 -0.093988
v -2.009069 0.589251 -0.067262
v -1.566166 0.689307 0.105956
v -1.716145 0.689307 0.105956
v -1.716145 0.701340 0.129070
v -1.566166 0.701340 0.129070
v -1.273241 0.689307 0.105956
v -1.423220 0.689307 0.105956
v -1.423220 0.701340 0.129070
v -1.273241 0.701340 0.129070
v -1.130295 0.701340 0.129070
v -0.980315 0.689307 0.105956
v -1.130295 0.689307 0.105956
v -0.980315 0.701340 0.129070
v -0.687389 0.689307 0.105956
v -0.837367 0.689307 0.105956
v -0.837367 0.701340 0.129070
v -0.687389 0.701340 0.129070
v -1.859091 0.689307 0.105956
v -2.009069 0.689307 0.105956
v -2.009069 0.701340 0.129070
v -1.859091 0.701340 0.129070
v -0.837367 0.572224 0.093987
v -0.852366 0.617128 0.088923
v -0.852366 0.602966 0.111153
v -0.837367 0.589251 0.067261
v -1.145291 0.721905 -0.092453
v -1.258243 0.721905 -0.092453
v -1.130295 0.689307 -0.105956
v -1.130871 0.753249 -0.079471
v -1.272662 0.753249 -0.079471
v -1.273241 0.689307 -0.105956
v -0.543147 0.673779 -0.112388
v -0.980315 0.689307 -0.105956
v -2.089776 0.673779 -0.112388
v -1.423220 0.689307 -0.105956
v -0.837367 0.689307 -0.105956
v -0.687389 0.689307 -0.105956
v -0.852366 0.721905 -0.092453
v -0.672392 0.721905 -0.092453
v -0.543147 0.753249 -0.079471
v -0.686812 0.753249 -0.079471
v -0.965317 0.721905 -0.092453
v -0.837946 0.753249 -0.079471
v -0.979737 0.753249 -0.079471
v -1.551168 0.721905 -0.092453
v -1.438216 0.721905 -0.092453
v -1.423796 0.753249 -0.079471
v -1.565587 0.753249 -0.079471
v -1.566166 0.689307 -0.105956
v -1.716145 0.689307 -0.105956
v -1.859091 0.689307 -0.105956
v -2.009069 0.689307 -0.105956
v -1.844093 0.721905 -0.092453
v -2.024067 0.721905 -0.092453
v -2.089776 0.753249 -0.079471
v -2.009647 0.753249 -0.079471
v -1.731141 0.721905 -0.092453
v -1.716721 0.753249 -0.079471
v -1.858513 0.753249 -0.079471
v -0.837367 0.572224 -0.093987
v -0.852366 0.617128 -0.088923
v -0.837367 0.589251 -0.067262
v -0.852366 0.602966 -0.111153
v 0.748462 0.637330 -0.125388
v 0.128114 0.637330 -0.125388
v 0.128114 0.637330 -0.011979
v 0.748462 0.637330 -0.011979
v 1.206079 0.637330 -0.125388
v 0.924523 0.637330 -0.125388
v 0.924523 0.637330 -0.011979
v 1.206079 0.637330 -0.011979
v 0.924523 0.637330 -0.125388
v 0.748462 0.637330 -0.125388
v 0.748462 0.637330 -0.011979
v 0.924523 0.637330 -0.011979
v -2.089776 0.753249 0.079471
v -2.024067 0.721905 0.092453
v -2.089776 0.673779 0.112388
v -2.009647 0.753249 0.079471
v -2.009069 0.689307 0.105956
v -1.859091 0.689307 0.105956
v -1.716145 0.689307 0.105956
v -1.844093 0.721905 0.092453
v -1.731141 0.721905 0.092453
v -1.716721 0.753249 0.079471
v -1.858513 0.753249 0.079471
v -1.566166 0.689307 0.105956
v -1.423220 0.689307 0.105956
v -1.551168 0.721905 0.092453
v -1.273241 0.689307 0.105956
v -1.438216 0.721905 0.092453
v -1.423796 0.753249 0.079471
v -1.565587 0.753249 0.079471
v -0.543147 0.673779 0.112388
v -1.130295 0.689307 0.105956
v -1.258243 0.721905 0.092453
v -1.145291 0.721905 0.092453
v -1.130871 0.753249 0.079471
v -1.272662 0.753249 0.079471
v -0.980315 0.689307 0.105956
v -0.837367 0.689307 0.105956
v -0.852366 0.721905 0.092453
v -0.687389 0.689307 0.105956
v -0.965317 0.721905 0.092453
v -0.837946 0.753249 0.079471
v -0.979737 0.753249 0.079471
v -0.672392 0.721905 0.092453
v -0.543147 0.753249 0.079471
v -0.686812 0.753249 0.079471
v -0.687389 0.753927 -0.077836
v -0.687389 0.766537 -0.102063
v -0.686812 0.753249 -0.079471
v -0.672392 0.733939 -0.115566
v -0.672392 0.721905 -0.092453
v -0.687389 0.701340 -0.129070
v -0.687389 0.689307 -0.105956
v -0.672392 0.733939 0.115566
v -0.686812 0.753249 0.079471
v -0.672392 0.721905 0.092453
v -0.687389 0.766537 0.102063
v -0.687389 0.753927 0.077836
v -0.687389 0.701340 0.129070
v -0.687389 0.689307 0.105956
v -0.672392 0.617128 -0.088923
v -0.687389 0.635942 -0.124813
v -0.672392 0.602966 -0.111153
v -0.687389 0.650105 -0.102582
v -0.687389 0.572224 -0.093987
v -0.672392 0.617128 -0.088923
v -0.687389 0.589251 -0.067262
v -0.672392 0.617128 0.088923
v -0.687389 0.635942 0.124813
v -0.687389 0.650105 0.102582
v -0.672392 0.602966 0.111153
v -0.672392 0.617128 0.088923
v -0.687389 0.572224 0.093987
v -0.687389 0.589251 0.067261
v -1.130295 0.753927 0.077836
v -1.130295 0.766539 0.102063
v -1.130871 0.753249 0.079471
v -0.980315 0.753927 0.077836
v -0.980315 0.766539 0.102063
v -1.145291 0.733939 0.115566
v -1.145291 0.721905 0.092453
v -1.130295 0.701340 0.129070
v -1.130295 0.689307 0.105956
v -1.423220 0.635942 0.124813
v -1.438216 0.617128 0.088923
v -1.423220 0.650105 0.102582
v -1.438216 0.602966 0.111153
v -1.273241 0.635942 0.124813
v -1.273241 0.650105 0.102582
v -2.009069 0.650105 -0.102582
v -1.859091 0.650105 -0.102582
v -2.089776 0.673779 -0.112388
v -2.024067 0.617128 -0.088923
v -2.089776 0.594308 -0.079471
v -2.009069 0.589251 -0.067262
v -1.716145 0.650105 -0.102582
v -1.844093 0.617128 -0.088923
v -1.731141 0.617128 -0.088923
v -1.716145 0.589251 -0.067262
v -1.859091 0.589251 -0.067262
v -1.566166 0.650105 -0.102582
v -1.423220 0.650105 -0.102582
v -1.551168 0.617128 -0.088923
v -1.273241 0.650105 -0.102582
v -1.438216 0.617128 -0.088923
v -1.423220 0.589251 -0.067262
v -1.566166 0.589251 -0.067262
v -0.543147 0.673779 -0.112388
v -1.130295 0.650105 -0.102582
v -1.258243 0.617128 -0.088923
v -1.145291 0.617128 -0.088923
v -1.130295 0.589251 -0.067262
v -1.273241 0.589251 -0.067262
v -0.980315 0.650105 -0.102582
v -0.837367 0.650105 -0.102582
v -0.687389 0.650105 -0.102582
v -0.852366 0.617128 -0.088923
v -0.672392 0.617128 -0.088923
v -0.543147 0.594308 -0.079471
v -0.687389 0.589251 -0.067262
v -0.965317 0.617128 -0.088923
v -0.980315 0.589251 -0.067262
v -0.837367 0.589251 -0.067262
v -1.145291 0.617128 0.088923
v -1.258243 0.617128 0.088923
v -1.130295 0.650105 0.102582
v -1.130295 0.589251 0.067261
v -1.273241 0.589251 0.067261
v -1.273241 0.650105 0.102582
v -0.543147 0.673779 0.112388
v -0.980315 0.650105 0.102582
v -2.089776 0.673779 0.112388
v -1.423220 0.650105 0.102582
v -0.837367 0.650105 0.102582
v -0.687389 0.650105 0.102582
v -0.852366 0.617128 0.088923
v -0.672392 0.617128 0.088923
v -0.543147 0.594308 0.079471
v -0.687389 0.589251 0.067261
v -0.965317 0.617128 0.088923
v -0.980315 0.589251 0.067261
v -0.837367 0.589251 0.067261
v -1.551168 0.617128 0.088923
v -1.438216 0.617128 0.088923
v -1.423220 0.589251 0.067261
v -1.566166 0.589251 0.067261
v -1.566166 0.650105 0.102582
v -1.716145 0.650105 0.102582
v -1.859091 0.650105 0.102582
v -2.009069 0.650105 0.102582
v -1.844093 0.617128 0.088923
v -2.024067 0.617128 0.088923
v -2.089776 0.594308 0.079471
v -2.009069 0.589251 0.067261
v -1.731141 0.617128 0.088923
v -1.716145 0.589251 0.067261
v -1.859091 0.589251 0.067261
v -1.273241 0.589251 -0.067262
v -2.089778 0.561391 -0.000000
v -0.543147 0.561391 -0.000000
v -1.130295 0.589251 -0.067262
v -0.980315 0.589251 -0.067262
v -0.837367 0.589251 -0.067262
v -0.687389 0.589251 -0.067262
v -0.543147 0.594308 -0.079471
v -1.423220 0.589251 -0.067262
v -1.566166 0.589251 -0.067262
v -1.716145 0.589251 -0.067262
v -1.859091 0.589251 -0.067262
v -2.009069 0.589251 -0.067262
v -2.089776 0.594308 -0.079471
v -1.273241 0.589251 0.067261
v -0.543147 0.561391 -0.000000
v -2.089778 0.561391 -0.000000
v -1.130295 0.589251 0.067261
v -0.980315 0.589251 0.067261
v -0.837367 0.589251 0.067261
v -0.687389 0.589251 0.067261
v -0.543147 0.594308 0.079471
v -1.423220 0.589251 0.067261
v -1.566166 0.589251 0.067261
v -1.716145 0.589251 0.067261
v -1.859091 0.589251 0.067261
v -2.009069 0.589251 0.067261
v -2.089776 0.594308 0.079471
v -1.716145 0.635942 0.124813
v -1.731141 0.617128 0.088923
v -1.716145 0.650105 0.102582
v -1.731141 0.602966 0.111153
v -1.566166 0.635942 0.124813
v -1.566166 0.650105 0.102582
v -2.009069 0.753927 0.077836
v -2.009069 0.766539 0.102063
v -2.009647 0.753249 0.079471
v -1.859091 0.753927 0.077836
v -1.859091 0.766539 0.102063
v -2.024067 0.733939 0.115566
v -2.024067 0.721905 0.092453
v -1.423220 0.753927 0.077836
v -1.423220 0.766539 0.102063
v -1.423796 0.753249 0.079471
v -1.273241 0.753927 0.077836
v -1.273241 0.766539 0.102063
v -1.438216 0.733939 0.115566
v -1.438216 0.721905 0.092453
v -1.423220 0.701340 0.129070
v -1.423220 0.689307 0.105956
v -2.009069 0.635942 0.124813
v -2.024067 0.617128 0.088923
v -2.009069 0.650105 0.102582
v -2.024067 0.602966 0.111153
v -1.859091 0.635942 0.124813
v -1.859091 0.650105 0.102582
v -0.543147 0.786166 -0.000000
v -0.543147 0.561391 -0.000000
v -0.543147 0.673779 0.112388
v -0.543147 0.594308 0.079471
v -0.543147 0.753249 0.079471
v -0.543147 0.673779 -0.112388
v -0.543147 0.594308 -0.079471
v -0.543147 0.753249 -0.079471
v -1.130295 0.635942 -0.124813
v -1.145291 0.617128 -0.088923
v -1.145291 0.602966 -0.111153
v -1.130295 0.650105 -0.102582
v -1.716145 0.753927 0.077836
v -1.716145 0.766539 0.102063
v -1.716721 0.753249 0.079471
v -1.566166 0.753927 0.077836
v -1.566166 0.766539 0.102063
v -1.731141 0.733939 0.115566
v -1.731141 0.721905 0.092453
v -1.716145 0.701340 0.129070
v -1.716145 0.689307 0.105956
v -1.130295 0.572224 0.093988
v -1.145291 0.617128 0.088923
v -1.145291 0.602966 0.111153
v -1.130295 0.589251 0.067261
v -1.130295 0.572224 -0.093988
v -1.145291 0.617128 -0.088923
v -1.130295 0.589251 -0.067262
v -1.145291 0.602966 -0.111153
v -1.130295 0.766539 -0.102063
v -1.130871 0.753249 -0.079471
v -1.145291 0.733939 -0.115566
v -1.130295 0.753927 -0.077836
v -1.145291 0.721905 -0.092453
v -1.130295 0.701340 -0.129070
v -1.130295 0.689307 -0.105956
v 1.119576 0.989398 -0.000000
v 1.270201 1.027894 0.092938
v 1.270201 0.989398 -0.000000
v 1.119576 1.027894 0.092938
v 1.270201 1.120832 0.131434
v 1.119576 1.120832 0.131434
v 1.119576 1.027894 -0.092938
v 1.270201 1.027894 -0.092938
v 1.119576 1.120832 -0.131434
v 1.270201 1.120832 -0.131434
v 1.119576 1.213771 -0.092938
v 1.270201 1.213771 -0.092938
v 1.119576 1.252269 -0.000000
v 1.270201 1.252269 -0.000000
v 1.119576 1.213771 0.092938
v 1.270201 1.213771 0.092938
v 1.119576 1.120832 0.131434
v 1.270201 1.120832 0.131434
v 0.748462 0.748504 -0.109533
v 0.924523 0.701636 -0.128947
v 0.924523 0.701636 -0.011979
v 0.748462 0.748504 -0.011980
v 1.932534 0.279277 -0.095233
v 1.932534 0.279277 0.095233
v 2.073136 0.279277 -0.095233
v 2.073136 0.279277 0.095233
v 1.581022 0.349577 -0.095233
v 1.581022 0.349577 0.095233
v 1.475570 0.572202 -0.095234
v 1.475570 0.572202 0.095233
v 2.073136 0.279277 0.095233
v 2.073136 0.595636 0.114279
v 2.073136 0.595636 -0.114280
v -1.423220 0.635942 -0.124813
v -1.438216 0.617128 -0.088923
v -1.438216 0.602966 -0.111153
v -1.423220 0.650105 -0.102582
v -1.423220 0.572224 -0.093988
v -1.438216 0.617128 -0.088923
v -1.423220 0.589251 -0.067262
v -1.438216 0.602966 -0.111153
v -1.423220 0.572224 0.093988
v -1.438216 0.617128 0.088923
v -1.438216 0.602966 0.111153
v -1.423220 0.589251 0.067261
v -1.423220 0.766539 -0.102063
v -1.423796 0.753249 -0.079471
v -1.438216 0.733939 -0.115566
v -1.423220 0.753927 -0.077836
v -1.438216 0.721905 -0.092453
v -1.423220 0.701340 -0.129070
v -1.423220 0.689307 -0.105956
v 1.452136 0.220690 -0.095233
v 1.288097 0.572202 0.095233
v 1.288097 0.572202 -0.095234
v 1.452136 0.220690 0.095233
v 1.434314 0.155055 -0.095233
v 1.434314 0.155055 0.095234
v 1.473668 0.090750 -0.095233
v 1.473668 0.090750 0.095234
v 1.551977 0.087136 -0.095233
v 1.551977 0.087136 0.095234
v 1.627891 0.126956 -0.095233
v 1.627891 0.126956 0.095234
v 1.721626 0.126956 -0.095233
v 1.721626 0.126956 0.095234
v 2.061420 0.080086 -0.095233
v 2.061420 0.080086 0.095234
v 2.178591 0.080086 -0.095233
v 2.178591 0.080086 0.095234
v -1.716145 0.635942 -0.124813
v -1.731141 0.617128 -0.088923
v -1.731141 0.602966 -0.111153
v -1.716145 0.650105 -0.102582
v -1.716145 0.572224 -0.093988
v -1.731141 0.617128 -0.088923
v -1.716145 0.589251 -0.067262
v -1.731141 0.602966 -0.111153
v -1.716145 0.572224 0.093988
v -1.731141 0.617128 0.088923
v -1.731141 0.602966 0.111153
v -1.716145 0.589251 0.067261
v -1.716145 0.766539 -0.102063
v -1.716721 0.753249 -0.079471
v -1.731141 0.733939 -0.115566
v -1.716145 0.753927 -0.077836
v -1.731141 0.721905 -0.092453
v -1.716145 0.701340 -0.129070
v -1.716145 0.689307 -0.105956
v -2.009069 0.766539 -0.102063
v -2.009647 0.753249 -0.079471
v -2.024067 0.733939 -0.115566
v -2.024067 0.721905 -0.092453
v -2.009069 0.753927 -0.077836
v -2.009069 0.635942 -0.124813
v -2.024067 0.617128 -0.088923
v -2.024067 0.602966 -0.111153
v -2.009069 0.650105 -0.102582
v -2.024067 0.721905 -0.092453
v -2.009069 0.701340 -0.129070
v -2.024067 0.733939 -0.115566
v -2.009069 0.689307 -0.105956
v -2.009069 0.572224 -0.093988
v -2.024067 0.617128 -0.088923
v -2.009069 0.589251 -0.067262
v -2.024067 0.602966 -0.111153
v -2.024067 0.721905 0.092453
v -2.009069 0.701340 0.129070
v -2.009069 0.689307 0.105956
v -2.024067 0.733939 0.115566
v -2.009069 0.572224 0.093988
v -2.024067 0.617128 0.088923
v -2.024067 0.602966 0.111153
v -2.009069 0.589251 0.067261
v 1.206079 0.673779 -0.140486
v 1.206079 0.675442 -0.011979
v 1.175150 0.701636 -0.128947
v 1.175150 0.701636 -0.011979
v 0.728809 -0.099745 -0.093345
v 0.728809 -0.099745 0.093345
v 0.713953 -0.036945 -0.093345
v 0.713953 -0.036945 0.093345
v 0.737924 0.001882 0.093345
v 0.630010 0.458086 0.093345
v 0.737924 0.001882 -0.093345
v 0.630010 0.458086 -0.093345
v 0.713953 -0.036945 -0.093345
v 0.713953 -0.036945 0.093345
v 0.737924 0.001882 -0.093345
v 0.737924 0.001882 0.093345
v 1.117340 1.120832 -0.147088
v 0.682026 1.049746 -0.071087
v 0.682026 1.120832 -0.100532
v 0.682026 1.191919 -0.071087
v 1.117340 1.016825 -0.104007
v 1.117340 1.224840 -0.104007
v 1.117340 0.973744 -0.000000
v 1.117340 1.267921 -0.000000
v 0.682026 1.020301 -0.000000
v 0.682026 1.221364 -0.000000
v 0.682026 1.049746 0.071087
v 0.682026 1.191919 0.071087
v 1.117340 1.016825 0.104007
v 1.117340 1.120832 0.147088
v 0.682026 1.120832 0.100532
v 1.117340 1.224840 0.104007
v 1.117340 1.120832 0.147088
v 0.682026 1.120832 0.100532
v 1.117340 1.238353 -0.117520
v 1.117340 1.267921 -0.000000
v 1.117340 1.287031 -0.000000
v 1.117340 1.238353 0.117520
v 1.117340 1.224840 -0.104007
v 1.117340 1.224840 0.104007
v 1.117340 1.120832 0.166199
v 1.117340 1.120832 0.147088
v 1.117340 1.120832 -0.166199
v 1.117340 1.120832 -0.147088
v 1.117340 1.016825 -0.104007
v 1.117340 1.003312 -0.117520
v 1.117340 0.954633 -0.000000
v 1.117340 0.973744 -0.000000
v 1.117340 1.016825 0.104007
v 1.117340 1.003312 0.117520
v 1.117340 1.120832 0.166199
v 1.117340 1.120832 0.147088
v 1.206079 0.637330 -0.125388
v 1.206079 0.675442 -0.011979
v 1.206079 0.673779 -0.140486
v 1.206079 0.637330 -0.011979
vn -1.0000 0.0005 0.0005
vn -0.4556 0.8902 0.0005
vn -0.4556 0.6295 -0.6294
vn -1.0000 0.0005 0.0004
vn -0.4556 0.6294 -0.6295
vn -0.4556 0.0007 -0.8902
vn -1.0000 0.0005 0.0002
vn -0.4556 0.6295 0.6294
vn -0.4556 0.8902 0.0007
vn -0.4556 0.0007 0.8902
vn -0.4556 0.6294 0.6295
vn -0.4556 -0.6294 0.6295
vn -0.4556 0.0005 0.8902
vn -0.4556 -0.8902 0.0007
vn -0.4556 -0.6295 0.6294
vn -1.0000 0.0005 0.0007
vn -0.4556 -0.6295 -0.6294
vn -0.4556 -0.8902 0.0005
vn -1.0000 0.0002 0.0005
vn -0.4556 0.0003 -0.8902
vn -0.4556 -0.6294 -0.6295
vn -1.0000 0.0003 0.0005
vn 1.0000 0.0005 0.0005
vn 0.9451 -0.3268 0.0004
vn 0.5711 -0.8209 -0.0000
vn 0.9451 -0.3268 0.0005
vn 0.9562 0.2927 0.0003
vn 0.9562 0.2929 -0.0000
vn 0.9732 0.2301 0.0003
vn 0.9732 0.2300 0.0004
vn 0.9732 0.2299 0.0006
vn 0.9731 0.2302 -0.0000
vn -1.0000 -0.0000 -0.0000
vn 0.2301 -0.9732 0.0003
vn 0.2300 -0.9732 0.0004
vn 0.2300 -0.9732 0.0005
vn 0.2302 -0.9731 -0.0000
vn -0.3989 -0.8133 -0.4235
vn -0.5367 -0.7486 -0.3892
vn -0.9197 -0.3482 -0.1813
vn -0.9998 -0.0193 -0.0101
vn -0.9998 0.0194 0.0101
vn -0.5650 0.7321 0.3805
vn -0.5367 0.7487 0.3892
vn -0.9998 -0.0188 0.0103
vn -0.9197 -0.3483 0.1813
vn -0.9998 0.0191 -0.0103
vn -0.5367 -0.7486 0.3893
vn -0.3990 -0.8134 0.4234
vn -0.5650 0.7322 -0.3804
vn -0.5367 0.7487 -0.3892
vn -1.0000 -0.0083 0.0054
vn -0.5780 -0.6884 0.4382
vn -0.9996 0.0249 -0.0161
vn -0.5212 -0.7196 0.4588
vn -0.5416 0.7088 -0.4519
vn -0.5360 0.7119 -0.4539
vn -1.0000 -0.0083 -0.0054
vn -0.5780 -0.6884 -0.4383
vn -0.5212 -0.7196 -0.4588
vn -0.9996 0.0249 0.0161
vn -0.5417 0.7088 0.4519
vn -0.5360 0.7118 0.4539
vn 0.7071 0.7071 0.0005
vn 0.7808 -0.6248 0.0005
vn 0.7808 0.6248 0.0005
vn 0.7071 -0.7071 -0.0000
vn -0.3990 -0.8133 -0.4235
vn -0.9998 0.0191 0.0103
vn -0.5417 0.7088 -0.4519
vn -1.0000 -0.0083 0.0053
vn -0.9998 0.0194 -0.0101
vn -0.3989 -0.8133 0.4235
vn -0.9998 -0.0193 0.0101
vn 0.0003 -0.7071 0.7071
vn -0.0000 -0.7071 0.7071
vn 0.0005 0.0003 1.0000
vn 0.0005 -1.0000 0.0005
vn -0.0000 -0.7071 -0.7071
vn 0.0005 0.0005 -1.0000
vn -0.0000 0.7071 -0.7071
vn 0.0005 1.0000 0.0005
vn -0.0000 0.7071 0.7071
vn 0.0003 0.7071 0.7071
vn 0.0005 0.0005 1.0000
vn 0.0003 0.7071 -0.7071
vn 0.0005 -0.7071 0.7071
vn -0.0542 0.0005 0.9985
vn -0.0542 -0.7060 0.7061
vn 0.0003 -1.0000 0.0003
vn -0.0542 -0.7062 0.7060
vn -0.0542 -0.9985 0.0005
vn 0.0005 -0.7071 -0.7071
vn -0.0542 -0.7062 -0.7060
vn 0.0003 0.0003 -1.0000
vn -0.0542 -0.7060 -0.7061
vn -0.0542 0.0005 -0.9985
vn 0.0004 0.7071 -0.7071
vn -0.0542 0.7060 -0.7062
vn 0.0003 1.0000 0.0003
vn -0.0542 0.7062 -0.7060
vn -0.0542 0.9985 0.0005
vn 0.0006 0.7071 0.7071
vn -0.0542 0.7062 0.7059
vn -0.0542 0.7060 0.7062
vn 0.0892 0.7043 0.7043
vn 0.0445 0.0005 0.9990
vn 0.0894 0.0005 0.9960
vn 0.0441 0.7064 0.7064
vn 0.0441 0.9990 -0.0000
vn 0.0894 0.9960 0.0005
vn 0.0892 0.7043 -0.7043
vn 0.0441 0.7064 -0.7064
vn 0.0444 0.0004 -0.9990
vn 0.0894 0.0005 -0.9960
vn 0.0898 -0.7043 -0.7043
vn 0.0441 -0.7064 -0.7064
vn 0.0441 -0.9990 -0.0000
vn 0.0894 -0.9960 0.0005
vn 0.0892 -0.7043 0.7043
vn 0.0441 -0.7064 0.7064
vn 0.0005 0.0004 1.0000
vn 0.0445 0.0004 0.9990
vn -0.3989 -0.8134 -0.4235
vn -0.5367 -0.7487 -0.3892
vn -0.9199 -0.3479 -0.1811
vn -0.9198 0.3481 0.1812
vn -0.5417 0.7088 -0.4518
vn -0.9998 -0.0194 0.0101
vn -0.9199 -0.3479 0.1811
vn -0.5367 -0.7487 0.3892
vn -0.9196 0.3486 -0.1812
vn -0.9198 0.3481 -0.1812
vn -0.0000 0.0005 -1.0000
vn -0.0000 0.0004 -1.0000
vn 0.0005 0.0004 -1.0000
vn 0.0005 -0.8425 0.5387
vn 0.0083 -0.8418 0.5398
vn 0.0034 -0.7110 0.7032
vn 0.0005 -1.0000 0.0002
vn -0.0005 -0.8290 -0.5592
vn 0.0005 -1.0000 0.0004
vn -0.0005 -0.7125 -0.7017
vn 0.0005 -0.8425 -0.5387
vn 0.0005 -0.8285 0.5600
vn -0.0005 -0.7120 0.7022
vn -0.0005 -0.0074 1.0000
vn 0.0132 -0.4305 0.9025
vn -0.0005 -0.3963 0.9181
vn -0.0005 -0.4423 0.8969
vn -0.0005 -0.4431 -0.8965
vn 0.0083 -0.8418 -0.5398
vn 0.0034 -0.7120 -0.7022
vn -0.0005 -0.3983 -0.9173
vn 0.0132 -0.4313 -0.9021
vn 0.0034 -0.7119 -0.7023
vn -0.0005 -0.0083 -1.0000
vn -0.0005 -0.8289 -0.5593
vn -0.0005 -0.7124 -0.7018
vn -0.0005 0.0777 -0.9970
vn 0.0005 0.7071 -0.7071
vn -0.0000 0.3827 -0.9239
vn 0.0006 0.3825 -0.9240
vn 0.0005 0.3826 -0.9239
vn -0.0005 -0.0082 -1.0000
vn 0.0006 0.3826 -0.9239
vn 0.0007 0.3826 -0.9239
vn -0.0000 0.3828 -0.9238
vn 0.0003 0.3826 -0.9239
vn 0.0083 -0.8417 0.5398
vn -0.0000 0.3827 0.9239
vn -0.0005 -0.0073 1.0000
vn 0.0005 0.3826 0.9239
vn 0.0005 0.7071 0.7071
vn 0.0006 0.3826 0.9239
vn 0.0003 0.3826 0.9239
vn -0.0000 0.3828 0.9238
vn 0.0009 0.3826 0.9239
vn -0.0004 -0.0073 1.0000
vn 0.0083 -0.8417 -0.5398
vn -0.9305 -0.3663 -0.0000
vn -0.4819 -0.8762 0.0002
vn -0.4823 -0.8760 0.0005
vn 0.1403 -0.9901 0.0004
vn 0.4499 -0.8931 0.0003
vn -0.0004 -0.0083 -1.0000
vn 0.0004 0.3825 -0.9239
vn 0.0003 -0.0297 0.9996
vn -0.0000 -0.0200 0.9998
vn 0.0005 -0.0601 0.9982
vn 0.0006 -0.0601 0.9982
vn -0.0000 -0.0000 1.0000
vn -0.0000 -0.0200 -0.9998
vn 0.0003 -0.0297 -0.9996
vn 0.0005 -0.0601 -0.9982
vn 0.0006 -0.0601 -0.9982
vn -0.0000 -0.0000 -1.0000
vn 0.0005 1.0000 0.0004
vn -0.3512 -0.9363 -0.0000
vn -0.1295 -0.9916 0.0005
vn -0.3785 -0.9256 0.0024
vn -0.1255 -0.9921 0.0005
vn 0.5213 -0.7196 0.4587
vn 0.5781 -0.6882 0.4384
vn -0.5213 -0.7197 0.4585
vn -0.3990 -0.8133 0.4235
vn 0.0006 -0.8870 0.4618
vn 0.0005 -0.8869 0.4619
vn -0.5367 -0.7485 0.3896
vn 0.5777 -0.6884 -0.4386
vn 1.0000 -0.0083 -0.0054
vn 0.5211 -0.7198 -0.4586
vn 0.9996 0.0249 0.0161
vn -0.5781 -0.6882 -0.4384
vn -0.5213 -0.7196 -0.4587
vn -0.3990 -0.8134 -0.4234
vn 0.5367 -0.7484 -0.3896
vn 0.3990 -0.8133 -0.4235
vn 0.0006 -0.8870 -0.4618
vn 0.0005 -0.8869 -0.4619
vn -0.1295 -0.9916 -0.0000
vn 0.7071 -0.7071 0.0005
vn -0.1343 -0.9909 0.0005
vn 0.7809 -0.6246 -0.0000
vn 0.5780 -0.6884 0.4383
vn 1.0000 -0.0083 0.0054
vn 0.9996 0.0249 -0.0161
vn -0.0000 -0.9239 0.3827
vn -0.0000 -1.0000 0.0005
vn 0.0007 -0.9239 0.3826
vn 0.0005 -0.9239 0.3826
vn -0.0000 -0.9238 0.3828
vn 0.0006 -0.9239 0.3826
vn 0.0004 -0.9239 0.3826
vn 0.0005 -1.0000 0.0006
vn 0.0003 -0.9239 0.3826
vn 0.0005 -0.9239 -0.3826
vn -0.0000 -0.9239 -0.3827
vn -0.0000 -0.9238 -0.3828
vn 0.0006 -0.9240 -0.3825
vn 0.0003 -0.9239 -0.3826
vn 0.0006 -0.9239 -0.3826
vn 0.9198 -0.3482 -0.1812
vn 0.9197 -0.3483 -0.1813
vn 0.9998 -0.0193 -0.0101
vn 0.9196 -0.3484 -0.1813
vn 0.9998 0.0194 0.0101
vn 0.5651 0.7321 0.3804
vn 0.5367 0.7487 0.3892
vn 0.9196 -0.3484 0.1813
vn 0.9198 -0.3482 0.1812
vn 0.9197 -0.3483 0.1813
vn 0.9998 -0.0193 0.0101
vn 0.9998 0.0194 -0.0101
vn 0.5651 0.7321 -0.3805
vn 0.5367 0.7487 -0.3892
vn -0.5367 0.7486 0.3892
vn -0.5651 0.7318 0.3809
vn 0.5367 0.7484 0.3896
vn 0.0005 0.8870 0.4618
vn -0.0000 0.8870 0.4617
vn 0.0007 0.8870 0.4618
vn -0.5360 0.7120 0.4536
vn 0.5360 0.7118 0.4539
vn 0.5417 0.7089 0.4516
vn -0.5417 0.7088 0.4518
vn 0.5417 0.7089 0.4517
vn 0.5417 0.7088 -0.4518
vn -0.5360 0.7118 -0.4539
vn -0.5417 0.7089 -0.4516
vn 0.5360 0.7120 -0.4536
vn -0.5417 0.7089 -0.4517
vn 0.5417 0.7088 -0.4519
vn -0.5367 0.7484 -0.3896
vn 0.5367 0.7486 -0.3892
vn 0.5651 0.7318 -0.3809
vn -0.5651 0.7321 -0.3804
vn 0.0005 0.8870 -0.4618
vn -0.0000 0.8870 -0.4617
vn 0.0007 0.8870 -0.4618
vn 0.5417 0.7088 0.4518
vn 0.9996 0.0250 0.0161
vn 0.5359 0.7119 0.4539
vn -0.0000 -0.3827 0.9239
vn 0.0005 -0.3826 0.9239
vn 0.0006 -0.3826 0.9239
vn 0.0003 -0.3826 0.9239
vn -0.0000 0.0317 0.9995
vn 0.0005 0.0317 0.9995
vn 0.5359 0.7118 -0.4539
vn 0.9996 0.0250 -0.0161
vn 0.7809 0.6246 0.0005
vn 0.7071 0.7071 -0.0000
vn -0.7809 0.6246 -0.0000
vn -0.7071 0.7071 0.0005
vn 0.0003 -0.3826 -0.9239
vn -0.0000 -0.3827 -0.9239
vn -0.0000 0.0317 -0.9995
vn 0.0005 -0.3826 -0.9239
vn 0.0005 0.0317 -0.9995
vn -0.5366 -0.7487 -0.3892
vn -0.9198 -0.3480 -0.1811
vn -0.9998 -0.0194 -0.0101
vn -0.9197 -0.3482 0.1812
vn -0.5366 -0.7487 0.3892
vn 0.3990 -0.8132 0.4236
vn 0.5367 -0.7484 0.3897
vn 0.9198 -0.3480 0.1811
vn -0.5367 -0.7484 0.3896
vn 0.9998 0.0193 -0.0101
vn 0.0005 0.4411 0.8975
vn -0.0000 0.0318 0.9995
vn 0.0005 0.4411 0.8974
vn 0.0005 0.7061 0.7081
vn 0.0005 0.8406 0.5417
vn 0.0005 0.4412 0.8974
vn 0.0005 0.8348 0.5506
vn 0.0005 0.0318 0.9995
vn 0.0005 0.7163 0.6978
vn 0.0005 0.8379 0.5458
vn 0.0005 0.4412 -0.8974
vn 0.0005 0.4411 -0.8975
vn 0.0005 0.8348 -0.5506
vn -0.0000 0.0318 -0.9995
vn 0.0005 0.0318 -0.9995
vn 0.0005 0.7163 -0.6978
vn 0.0005 0.8379 -0.5458
vn 0.0005 0.4411 -0.8974
vn 0.0005 0.7061 -0.7081
vn 0.0005 0.8406 -0.5417
vn 0.0005 0.8349 0.5504
vn -0.0000 1.0000 0.0005
vn 0.0005 0.8380 0.5457
vn 0.0005 0.7164 0.6977
vn 0.0005 0.8406 0.5416
vn -0.0000 0.7061 0.7081
vn 0.0005 0.8349 -0.5504
vn 0.0005 1.0000 0.0003
vn -0.0000 1.0000 0.0003
vn 0.0005 0.8380 -0.5457
vn -0.0000 0.7164 -0.6977
vn 0.0005 0.8406 -0.5416
vn 0.5780 -0.6884 -0.4382
vn 0.5213 -0.7195 -0.4589
vn 0.3989 -0.8133 0.4236
vn 0.5366 -0.7485 0.3896
vn 0.9199 -0.3479 0.1811
vn 0.9998 -0.0191 0.0103
vn 0.9998 0.0190 -0.0102
vn 0.5650 0.7321 -0.3805
vn 0.3992 -0.8132 0.4235
vn 0.5417 0.7088 0.4519
vn 0.9996 0.0249 0.0162
vn 0.5359 0.7119 -0.4539
vn 0.5367 -0.7486 -0.3892
vn 0.9198 -0.3480 -0.1811
vn 0.9998 0.0193 0.0101
vn -0.1345 -0.9909 0.0005
vn -0.1256 -0.9921 0.0005
vn -0.1296 -0.9916 0.0005
vn 0.0981 0.9952 0.0006
vn 0.0983 0.9952 0.0004
vn -0.7208 0.6932 -0.0000
vn -0.7208 0.6932 0.0005
vn 0.6153 0.7883 0.0005
vn 0.6153 0.7883 0.0007
vn 0.9036 0.4283 0.0003
vn 0.9035 0.4285 0.0005
vn -0.7206 0.6934 0.0005
vn -0.9963 -0.0856 -0.0000
vn -0.9063 -0.4226 0.0007
vn -0.9963 -0.0857 -0.0000
vn -0.9900 -0.1411 0.0006
vn -0.9899 -0.1415 -0.0000
vn -0.5088 -0.8609 -0.0000
vn -0.5089 -0.8608 -0.0000
vn 0.2168 -0.9762 -0.0000
vn 0.2165 -0.9763 0.0003
vn 0.2392 -0.9710 -0.0000
vn -0.0689 -0.9976 0.0006
vn -0.0688 -0.9976 0.0004
vn -0.0686 -0.9976 0.0003
vn -0.0689 -0.9976 0.0005
vn 0.3989 -0.8133 -0.4235
vn 0.5367 -0.7487 -0.3892
vn 0.9199 -0.3479 -0.1811
vn 0.9998 -0.0191 -0.0103
vn 0.9998 0.0190 0.0102
vn 0.5212 -0.7196 0.4588
vn 0.9998 0.0191 0.0103
vn 0.9198 0.3481 0.1812
vn 0.9998 -0.0190 -0.0102
vn 0.5360 0.7118 -0.4539
vn 0.9998 0.0191 -0.0103
vn 0.9198 0.3481 -0.1812
vn 0.9998 -0.0190 0.0102
vn 0.5360 0.7119 0.4539
vn -0.9026 -0.4305 0.0025
vn -0.9090 -0.4168 0.0019
vn -0.3787 -0.9255 0.0024
vn -0.3512 -0.9363 0.0024
vn -0.9732 -0.2301 0.0003
vn -0.9731 -0.2302 -0.0000
vn -0.9732 -0.2299 0.0006
vn -0.9732 -0.2300 0.0005
vn -0.8509 0.5253 -0.0000
vn -0.8509 0.5254 0.0003
vn -0.1061 0.0004 -0.9944
vn -0.0543 -0.7061 -0.7061
vn -0.0543 0.7061 -0.7061
vn -0.1063 -0.7031 -0.7031
vn -0.1063 0.7031 -0.7031
vn -0.1062 -0.9943 0.0003
vn -0.1063 0.9943 -0.0000
vn -0.0543 -0.7061 0.7061
vn -0.0543 0.7061 0.7061
vn -0.1060 -0.7031 0.7031
vn -0.1060 0.0004 0.9944
vn -0.0542 0.0004 0.9985
vn -0.1063 0.7031 0.7031
vn -0.1060 0.0005 0.9944
vn -0.7809 0.6247 0.0005
vn -0.9091 -0.4167 0.0025
vn -0.7071 0.7071 -0.0000
vt 0.375000 1.000000
vt 0.500000 1.000000
vt 0.625000 1.000000
vt 0.250000 1.000000
vt 0.750000 1.000000
vt 0.125000 1.000000
vt 0.875000 1.000000
vt 0.000000 1.000000
vt 1.000000 1.000000
vt 0.125000 0.500000
vt 0.250000 0.500000
vt 0.375000 0.500000
vt 0.000000 0.500000
vt 0.500000 0.500000
vt 0.625000 0.500000
vt 0.750000 0.500000
vt 0.875000 0.500000
vt 1.000000 0.500000
vt 0.625000 0.750000
vt 0.625000 0.250000
vt 0.375000 0.000000
vt 0.375000 0.250000
vt 0.625000 0.000000
vt 0.562500 1.000000
vt 0.425976 0.000000
vt 0.425976 0.250000
vt 0.125000 0.750000
vt 0.375000 0.750000
vt 0.625000 0.158302
vt 0.625000 0.131979
vt 0.620181 0.157206
vt 0.500000 0.134943
vt 0.500000 0.160055
vt 0.375000 0.137906
vt 0.375000 0.163019
vt 0.500000 0.158894
vt 0.625000 0.139464
vt 0.500000 0.133491
vt 0.625000 0.164867
vt 0.375000 0.131525
vt 0.413497 0.154760
vt 0.375000 0.541576
vt 0.375000 0.534238
vt 0.375000 0.537997
vt 0.875000 0.750000
vt 1.000000 0.750000
vt 0.750000 0.750000
vt 0.500000 0.750000
vt 0.250000 0.750000
vt 0.000000 0.750000
vt 0.413498 0.154760
vt 0.625000 0.900819
vt 0.631733 0.918451
vt 0.631733 0.884472
vt 0.625000 0.934798
vt 0.625000 0.866840
vt 0.631733 0.952430
vt 0.625000 0.968777
vt 0.631733 0.850493
vt 0.631733 0.986409
vt 0.625000 0.832861
vt 0.589106 0.988148
vt 0.547611 0.986409
vt 0.547611 0.969011
vt 0.547611 0.952430
vt 0.589106 0.967272
vt 0.589106 0.954169
vt 0.547611 0.935033
vt 0.547611 0.918451
vt 0.589106 0.933293
vt 0.589106 0.920191
vt 0.547611 0.901054
vt 0.547611 0.884472
vt 0.589106 0.899314
vt 0.589106 0.886212
vt 0.547611 0.867075
vt 0.625000 0.952665
vt 0.625000 0.918686
vt 0.625000 0.884707
vt 0.589106 0.852233
vt 0.589106 0.865335
vt 0.625000 0.850728
vt 0.547611 0.850493
vt 0.547611 0.833096
vt 0.589106 0.831357
vt 0.562500 0.500000
vt 0.500000 0.692288
vt 0.544860 0.692239
vt 0.545337 0.599916
vt 0.545443 0.579498
vt 0.545615 0.546847
vt 0.500000 0.546859
vt 0.497908 0.546859
vt 0.464942 0.550446
vt 0.405967 0.599941
vt 0.464941 0.579519
vt 0.383278 0.833096
vt 0.405961 0.692288
vt 0.424299 0.831357
vt 0.465320 0.833096
vt 0.465320 0.850493
vt 0.442957 0.866127
vt 0.424299 0.852233
vt 0.412071 0.851714
vt 0.424299 0.865335
vt 0.383278 0.867075
vt 0.405194 0.885402
vt 0.424299 0.899314
vt 0.383278 0.901054
vt 0.405194 0.919381
vt 0.424299 0.933293
vt 0.383278 0.935033
vt 0.405193 0.953359
vt 0.424299 0.967272
vt 0.383278 0.969011
vt 0.383278 0.986409
vt 0.424299 0.988148
vt 0.625000 0.986643
vt 0.375000 0.271975
vt 0.424299 0.954170
vt 0.442957 0.968063
vt 0.424299 0.886212
vt 0.442957 0.900105
vt 0.424299 0.920191
vt 0.442957 0.934084
vt 0.465320 0.952430
vt 0.465320 0.918451
vt 0.465320 0.884472
vt 0.465320 0.986409
vt 0.146975 0.500000
vt 0.146975 0.750000
vt 0.375000 0.978025
vt 0.425976 1.000000
vt 1.000000 0.000000
vt 0.500000 0.000000
vt 0.000000 0.000000
vt 0.446706 0.987198
vt 0.818856 0.500000
vt 0.818856 0.538841
vt 0.625000 0.610536
vt 0.625000 0.585133
vt 0.625000 0.591698
vt 0.625000 0.618021
vt 0.500000 0.591106
vt 0.500000 0.616509
vt 0.625000 0.341252
vt 0.375000 0.341252
vt 0.625000 0.306144
vt 0.375000 0.306144
vt 0.625000 0.253084
vt 0.622903 0.250000
vt 0.625000 0.534238
vt 0.372429 0.776561
vt 0.372429 0.824479
vt 0.375000 0.776755
vt 0.375000 0.824285
vt 0.372429 0.874753
vt 0.372429 0.726287
vt 0.372429 0.922671
vt 0.375000 0.874947
vt 0.375000 0.922477
vt 0.372429 0.972946
vt 0.375000 0.973139
vt 0.375000 0.678562
vt 0.375000 0.726093
vt 0.372429 0.678369
vt 0.372429 0.628094
vt 0.375000 0.580370
vt 0.375000 0.627900
vt 0.372429 0.580176
vt 0.372429 0.529902
vt 0.375000 0.529708
vt 0.620181 0.592794
vt 0.500000 0.615057
vt 0.500000 0.589945
vt 0.375000 0.612094
vt 0.375000 0.586981
vt 0.125000 0.612094
vt 0.125000 0.586981
vt 0.125000 0.587935
vt 0.125000 0.618475
vt 0.391871 0.621676
vt 0.375000 0.587935
vt 0.424299 0.683396
vt 0.424299 0.721259
vt 0.475575 0.678369
vt 0.475575 0.726287
vt 0.475575 0.628094
vt 0.475575 0.776561
vt 0.475575 0.580176
vt 0.475575 0.529902
vt 0.424299 0.585204
vt 0.424299 0.524874
vt 0.424299 0.623067
vt 0.424299 0.819451
vt 0.424299 0.781588
vt 0.475575 0.824479
vt 0.475575 0.874753
vt 0.475575 0.922671
vt 0.475575 0.972946
vt 0.424299 0.917644
vt 0.424299 0.977973
vt 0.424299 0.879781
vt 0.216252 0.537997
vt 0.216252 0.500000
vt 0.125000 0.537997
vt 0.181144 0.537997
vt 0.181144 0.500000
vt 0.620180 0.157206
vt 0.620182 0.592794
vt 0.537237 0.972946
vt 0.537237 0.922671
vt 0.589106 0.977973
vt 0.625000 0.974494
vt 0.537237 0.874753
vt 0.589106 0.917644
vt 0.589106 0.879781
vt 0.625000 0.876302
vt 0.625000 0.921123
vt 0.537237 0.824479
vt 0.537237 0.776561
vt 0.589106 0.819451
vt 0.537237 0.726287
vt 0.589106 0.781588
vt 0.625000 0.778109
vt 0.625000 0.822930
vt 0.537237 0.678369
vt 0.589106 0.721259
vt 0.589106 0.683396
vt 0.625000 0.679917
vt 0.625000 0.724738
vt 0.537237 0.628094
vt 0.537237 0.580176
vt 0.537237 0.529902
vt 0.589106 0.585204
vt 0.589106 0.524874
vt 0.625000 0.528353
vt 0.589106 0.623067
vt 0.625000 0.626546
vt 0.625000 0.581725
vt 0.644205 0.726286
vt 0.644205 0.628094
vt 0.644205 0.529902
vt 0.644205 0.824479
vt 0.644205 0.922671
vt 0.391872 0.621676
vt 0.783748 0.534238
vt 0.783748 0.500000
vt 0.391871 0.621677
vt 0.431719 0.613438
vt 0.622903 0.208587
vt 0.625000 0.213764
vt 0.375000 0.212003
vt 0.375000 0.208424
s 1
f 1580/333/606 1581/334/606 1582/334/606
f 1583/335/606 1582/334/606 1581/334/606
f 1580/333/606 1582/334/606 1584/333/606
f 1582/334/606 1583/335/606 1585/335/606
f 1586/336/606 1580/333/606 1584/333/606
f 1583/335/606 1587/337/606 1585/335/606
f 1580/333/606 1586/336/606 1588/336/606
f 1583/335/606 1589/337/606 1587/337/606
f 1586/336/606 1590/338/606 1588/336/606
f 1591/339/606 1587/337/606 1589/337/606
f 1590/338/606 1586/336/606 1592/338/606
f 1593/340/606 1590/338/606 1592/338/606
f 1590/338/606 1593/340/606 1594/340/606
f 1587/337/606 1591/339/606 1595/339/606
f 1591/339/606 1596/341/606 1595/339/606
f 1596/341/606 1591/339/606 1597/341/606
f 1598/337/607 1599/339/608 1600/337/609
f 1599/339/610 1601/341/611 1602/339/612
f 1603/335/613 1598/337/614 1604/335/606
f 1605/334/615 1603/335/616 1606/334/606
f 1607/333/617 1605/334/618 1608/333/606
f 1609/336/619 1607/333/620 1610/336/621
f 1611/338/622 1609/336/623 1612/338/624
f 1613/340/625 1611/338/626 1614/340/627
f 1615/342/628 1616/343/628 1617/343/628
f 1618/344/628 1617/343/628 1616/343/628
f 1616/343/628 1615/342/628 1619/342/628
f 1620/345/628 1619/342/628 1615/342/628
f 1619/342/628 1620/345/628 1621/345/628
f 1618/344/628 1616/343/628 1622/344/628
f 1622/344/628 1623/346/628 1618/344/628
f 1623/346/628 1622/344/628 1624/346/628
f 1625/347/628 1623/346/628 1624/346/628
f 1623/346/628 1625/347/628 1626/347/628
f 1627/348/628 1626/347/628 1625/347/628
f 1627/348/628 1625/347/628 1628/348/628
f 1629/349/628 1627/348/628 1628/348/628
f 1627/348/628 1629/349/628 1630/349/628
f 1631/350/628 1630/349/628 1629/349/628
f 1629/349/628 1632/350/628 1631/350/628
f 1633/347/629 1634/351/630 1635/347/630
f 1634/351/630 1633/347/629 1636/351/631
f 1633/347/629 1637/351/632 1636/351/631
f 1638/347/633 1637/351/632 1633/347/629
f 1639/352/634 1640/353/634 1641/354/635
f 1640/353/634 1639/352/634 1642/355/635
f 1643/354/634 1644/353/636 1645/354/637
f 1645/354/637 1644/353/636 1646/353/637
f 1645/354/637 1646/353/637 1647/354/635
f 1647/354/635 1646/353/637 1648/353/637
f 1649/335/606 1650/356/638 1651/337/606
f 1651/337/606 1650/356/638 1652/335/606
f 1653/334/606 1650/356/638 1649/335/606
f 1654/333/606 1650/356/638 1653/334/606
f 1650/356/638 1654/333/606 1655/336/606
f 1650/356/638 1655/336/606 1656/333/606
f 1650/356/638 1656/333/606 1657/334/606
f 1658/355/628 1659/352/628 1660/357/628
f 1660/357/628 1659/352/628 1661/358/628
f 1662/359/639 1663/360/640 1664/342/641
f 1665/344/642 1664/342/641 1663/360/640
f 1666/361/643 1667/362/644 1668/363/645
f 1667/362/644 1669/364/646 1668/363/645
f 1668/363/645 1669/364/646 1670/365/647
f 1671/366/648 1670/365/647 1669/364/646
f 1670/365/647 1671/366/648 1672/367/649
f 1673/364/650 1674/363/651 1675/365/652
f 1674/363/651 1673/364/650 1676/362/653
f 1676/362/653 1677/361/654 1674/363/651
f 1675/365/652 1678/366/655 1673/364/650
f 1678/366/655 1675/365/652 1679/367/656
f 1680/368/657 1681/369/658 1682/370/659
f 1681/369/658 1680/368/657 1683/371/660
f 1684/372/661 1685/368/657 1682/370/659
f 1685/368/657 1684/372/661 1686/373/662
f 1687/368/663 1688/369/664 1689/371/665
f 1688/369/664 1687/368/663 1690/370/666
f 1691/368/663 1692/372/667 1690/370/666
f 1692/372/667 1691/368/663 1693/373/668
f 1694/344/669 1695/374/628 1696/375/670
f 1695/374/628 1694/344/669 1697/376/671
f 1696/375/670 1698/344/672 1694/344/669
f 1699/361/673 1700/362/644 1701/363/645
f 1700/362/644 1702/364/646 1701/363/645
f 1701/363/645 1702/364/646 1703/365/674
f 1704/366/648 1703/365/674 1702/364/646
f 1703/365/674 1704/366/648 1705/367/649
f 1706/368/657 1707/369/658 1708/370/659
f 1707/369/658 1706/368/657 1709/371/660
f 1710/372/675 1711/368/676 1708/370/659
f 1711/368/676 1710/372/675 1712/373/662
f 1713/364/650 1714/363/651 1715/365/677
f 1714/363/651 1713/364/650 1716/362/653
f 1716/362/653 1717/361/678 1714/363/651
f 1715/365/677 1718/366/655 1713/364/650
f 1718/366/655 1715/365/677 1719/367/656
f 1720/368/663 1721/369/664 1722/371/665
f 1721/369/664 1720/368/663 1723/370/666
f 1724/368/663 1725/372/667 1723/370/666
f 1725/372/667 1724/368/663 1726/373/668
f 1727/361/673 1728/362/644 1729/363/645
f 1728/362/644 1730/364/646 1729/363/645
f 1729/363/645 1730/364/646 1731/365/674
f 1732/366/648 1731/365/674 1730/364/646
f 1731/365/674 1732/366/648 1733/367/649
f 1734/364/679 1735/363/651 1736/365/652
f 1735/363/651 1734/364/679 1737/362/653
f 1737/362/653 1738/361/678 1735/363/651
f 1736/365/652 1739/366/655 1734/364/679
f 1739/366/655 1736/365/652 1740/367/656
f 1741/368/657 1742/369/658 1743/370/659
f 1742/369/658 1741/368/657 1744/371/660
f 1745/372/675 1746/368/657 1743/370/659
f 1746/368/657 1745/372/675 1747/373/662
f 1748/368/663 1749/369/664 1750/371/665
f 1749/369/664 1748/368/663 1751/370/666
f 1752/368/663 1753/372/667 1751/370/666
f 1753/372/667 1752/368/663 1754/373/668
f 1755/339/680 1756/339/681 1757/341/682
f 1756/339/681 1758/341/682 1757/341/682
f 1759/337/683 1756/339/681 1755/339/680
f 1760/337/683 1759/337/683 1755/339/680
f 1761/335/684 1759/337/683 1760/337/683
f 1762/335/684 1761/335/684 1760/337/683
f 1763/334/685 1761/335/684 1762/335/684
f 1764/334/685 1763/334/685 1762/335/684
f 1765/333/686 1763/334/685 1764/334/685
f 1766/333/686 1765/333/686 1764/334/685
f 1766/333/686 1767/336/687 1765/333/686
f 1767/336/687 1766/333/686 1768/336/687
f 1768/336/687 1769/338/688 1767/336/687
f 1769/338/688 1768/336/687 1770/338/689
f 1771/340/690 1769/338/688 1770/338/689
f 1772/340/690 1771/340/690 1770/338/689
f 1773/349/681 1774/350/682 1775/349/681
f 1774/350/682 1773/349/681 1776/350/682
f 1775/349/681 1777/348/683 1773/349/681
f 1777/348/683 1775/349/681 1778/348/683
f 1778/348/683 1779/347/684 1777/348/683
f 1779/347/684 1778/348/683 1780/347/684
f 1780/347/684 1781/346/685 1779/347/684
f 1781/346/685 1780/347/684 1782/346/685
f 1782/346/685 1783/344/686 1781/346/685
f 1783/344/686 1782/346/685 1784/344/691
f 1783/344/686 1784/344/691 1785/343/687
f 1784/344/691 1786/343/687 1785/343/687
f 1785/343/687 1786/343/687 1787/342/688
f 1786/343/687 1788/342/688 1787/342/688
f 1788/342/688 1789/345/690 1787/342/688
f 1789/345/690 1788/342/688 1790/345/690
f 1791/339/681 1792/377/692 1793/378/682
f 1791/339/681 1793/378/682 1794/341/682
f 1792/377/692 1795/350/693 1793/378/682
f 1792/377/692 1796/349/694 1795/350/693
f 1797/337/683 1792/377/692 1791/339/681
f 1797/337/683 1798/379/695 1792/377/692
f 1798/379/695 1799/349/696 1792/377/692
f 1798/379/695 1800/348/697 1799/349/696
f 1801/335/684 1798/379/695 1797/337/683
f 1801/335/684 1802/351/698 1798/379/695
f 1802/351/698 1803/348/697 1798/379/695
f 1802/351/698 1804/347/699 1803/348/697
f 1805/334/685 1802/351/698 1801/335/684
f 1805/334/685 1806/380/700 1802/351/698
f 1806/380/700 1807/347/701 1802/351/698
f 1806/380/700 1808/346/702 1807/347/701
f 1809/333/686 1806/380/700 1805/334/685
f 1809/333/686 1810/360/703 1806/380/700
f 1810/360/703 1811/346/702 1806/380/700
f 1810/360/703 1812/344/704 1811/346/702
f 1813/336/687 1810/360/703 1809/333/686
f 1810/360/703 1813/336/687 1814/381/705
f 1815/344/706 1810/360/703 1814/381/705
f 1815/344/706 1814/381/705 1816/343/707
f 1817/338/688 1814/381/705 1813/336/687
f 1814/381/705 1817/338/688 1818/359/708
f 1819/340/690 1818/359/708 1817/338/688
f 1820/343/707 1814/381/705 1818/359/708
f 1820/343/707 1818/359/708 1821/342/709
f 1819/340/690 1822/382/690 1818/359/708
f 1822/382/690 1823/342/710 1818/359/708
f 1822/382/690 1824/345/693 1823/342/710
f 1825/351/683 1826/377/683 1827/347/683
f 1828/349/683 1827/347/683 1826/377/683
f 1829/338/711 1830/340/712 1831/340/713
f 1832/340/690 1830/340/712 1833/338/688
f 1830/340/712 1834/338/714 1833/338/688
f 1830/340/712 1829/338/711 1834/338/714
f 1834/338/714 1835/336/687 1833/338/688
f 1829/338/711 1836/336/715 1834/338/714
f 1835/336/687 1834/338/714 1836/336/715
f 1836/336/715 1829/338/711 1837/336/716
f 1836/336/715 1838/333/686 1835/336/687
f 1839/333/717 1836/336/715 1837/336/716
f 1838/333/686 1836/336/715 1840/333/718
f 1836/336/715 1839/333/717 1840/333/718
f 1838/333/686 1840/333/718 1841/334/685
f 1840/333/718 1839/333/717 1842/334/719
f 1840/333/718 1842/334/719 1841/334/685
f 1843/334/720 1842/334/719 1839/333/717
f 1841/334/685 1842/334/719 1844/335/684
f 1845/335/721 1842/334/719 1843/334/720
f 1842/334/719 1846/335/722 1844/335/684
f 1842/334/719 1845/335/721 1846/335/722
f 1844/335/684 1846/335/722 1847/337/683
f 1846/335/722 1845/335/721 1848/337/723
f 1846/335/722 1848/337/723 1847/337/683
f 1849/337/724 1848/337/723 1845/335/721
f 1847/337/683 1848/337/723 1850/339/681
f 1851/339/725 1848/337/723 1849/337/724
f 1848/337/723 1852/339/726 1850/339/681
f 1848/337/723 1851/339/725 1852/339/726
f 1850/339/681 1852/339/726 1853/341/727
f 1852/339/726 1854/341/728 1853/341/727
f 1852/339/726 1851/339/725 1854/341/728
f 1855/341/713 1854/341/728 1851/339/725
f 1856/335/606 1857/334/606 1858/334/606
f 1859/333/606 1858/334/606 1857/334/606
f 1857/334/606 1856/335/606 1860/335/606
f 1858/334/606 1859/333/606 1861/333/606
f 1862/337/606 1860/335/606 1856/335/606
f 1863/336/606 1861/333/606 1859/333/606
f 1860/335/606 1862/337/606 1864/337/606
f 1861/333/606 1863/336/606 1865/336/606
f 1862/337/606 1866/339/606 1864/337/606
f 1863/336/606 1867/338/606 1865/336/606
f 1862/337/606 1868/339/606 1866/339/606
f 1868/339/606 1869/341/606 1866/339/606
f 1869/341/606 1868/339/606 1870/341/606
f 1867/338/606 1863/336/606 1871/338/606
f 1872/340/606 1867/338/606 1871/338/606
f 1871/338/606 1873/340/606 1872/340/606
f 1874/361/729 1875/362/730 1876/363/731
f 1875/362/730 1877/364/646 1876/363/731
f 1876/363/731 1877/364/646 1878/365/647
f 1879/366/732 1878/365/647 1877/364/646
f 1878/365/647 1879/366/732 1880/367/732
f 1881/368/657 1882/369/658 1883/370/659
f 1882/369/658 1881/368/657 1884/371/660
f 1885/372/733 1886/368/657 1883/370/659
f 1886/368/657 1885/372/733 1887/383/662
f 1888/364/734 1889/363/735 1890/365/677
f 1889/363/735 1888/364/734 1891/362/736
f 1891/362/736 1892/361/678 1889/363/735
f 1890/365/677 1893/366/737 1888/364/734
f 1893/366/737 1890/365/677 1894/367/738
f 1895/368/663 1896/369/664 1897/371/665
f 1896/369/664 1895/368/663 1898/370/666
f 1899/368/663 1900/372/667 1898/370/666
f 1900/372/667 1899/368/663 1901/383/668
f 1902/337/687 1903/337/687 1904/339/686
f 1903/337/687 1905/339/686 1904/339/686
f 1905/339/686 1906/341/739 1904/339/686
f 1906/341/739 1905/339/686 1907/341/685
f 1908/335/688 1903/337/687 1902/337/687
f 1909/335/688 1908/335/688 1902/337/687
f 1909/335/688 1910/334/690 1908/335/688
f 1910/334/690 1909/335/688 1911/334/690
f 1911/334/690 1912/333/681 1910/334/690
f 1912/333/681 1911/334/690 1913/333/681
f 1913/333/681 1914/336/683 1912/333/681
f 1914/336/683 1913/333/681 1915/336/683
f 1915/336/683 1916/338/684 1914/336/683
f 1916/338/684 1915/336/683 1917/338/684
f 1917/338/684 1918/340/740 1916/338/684
f 1918/340/740 1917/338/684 1919/340/741
f 1920/337/683 1921/384/742 1922/385/742
f 1920/337/683 1923/386/742 1921/384/742
f 1924/387/742 1920/337/683 1922/385/742
f 1923/386/742 1920/337/683 1925/388/742
f 1926/389/742 1920/337/683 1924/387/742
f 1927/390/742 1920/337/683 1926/389/742
f 1925/388/742 1920/337/683 1928/391/742
f 1920/337/683 1927/390/742 1929/392/743
f 1920/337/683 1929/392/743 1930/335/744
f 1931/337/745 1932/393/746 1933/348/747
f 1932/393/746 1934/347/748 1933/348/747
f 1931/337/745 1935/391/749 1932/393/746
f 1935/391/749 1931/337/745 1936/388/749
f 1931/337/745 1937/386/749 1936/388/749
f 1937/386/749 1931/337/745 1938/384/749
f 1938/384/749 1931/337/745 1939/385/749
f 1939/385/749 1931/337/745 1940/387/749
f 1940/387/749 1931/337/745 1941/389/749
f 1931/337/745 1942/390/749 1941/389/749
f 1928/391/742 1920/337/683 1943/393/750
f 1943/393/750 1920/337/683 1944/348/683
f 1943/393/750 1944/348/683 1945/347/751
f 1946/334/752 1930/335/744 1947/394/753
f 1946/334/752 1947/394/753 1948/395/754
f 1948/395/754 1949/396/754 1946/334/752
f 1950/397/754 1946/334/752 1949/396/754
f 1951/398/755 1950/397/754 1949/396/754
f 1950/397/754 1951/398/755 1952/399/755
f 1946/334/752 1950/397/754 1953/400/754
f 1954/401/754 1946/334/752 1953/400/754
f 1955/402/755 1954/401/754 1953/400/754
f 1954/401/754 1955/402/755 1956/403/755
f 1957/404/754 1946/334/752 1954/401/754
f 1946/334/752 1957/404/754 1958/405/754
f 1957/404/754 1959/406/755 1958/405/754
f 1958/405/754 1959/406/755 1960/407/755
f 1946/334/752 1958/405/754 1961/408/754
f 1962/409/742 1963/398/755 1964/390/742
f 1963/398/755 1962/409/742 1965/399/755
f 1966/410/742 1967/402/755 1968/387/742
f 1967/402/755 1966/410/742 1969/403/755
f 1970/411/742 1971/406/755 1972/384/742
f 1971/406/755 1970/411/742 1973/407/755
f 1974/388/742 1975/412/755 1976/413/755
f 1975/412/755 1974/388/742 1977/414/742
f 1978/402/756 1979/403/756 1980/410/749
f 1978/402/756 1980/410/749 1981/387/749
f 1982/398/756 1983/399/756 1984/409/749
f 1982/398/756 1984/409/749 1985/390/749
f 1986/406/756 1987/407/756 1988/411/749
f 1986/406/756 1988/411/749 1989/384/749
f 1990/412/756 1991/388/749 1992/413/756
f 1991/388/749 1990/412/756 1993/414/749
f 1961/408/754 1994/413/755 1995/412/755
f 1995/412/755 1996/415/754 1961/408/754
f 1946/334/752 1961/408/754 1996/415/754
f 1946/334/752 1996/415/754 1997/416/754
f 1946/334/752 1997/416/754 1998/346/752
f 1999/417/754 1998/346/752 1997/416/754
f 1998/346/752 1999/417/754 2000/418/754
f 2000/418/754 1999/417/754 2001/347/751
f 2001/347/751 1999/417/754 2002/393/750
f 1942/390/749 1931/337/745 2003/392/757
f 1931/337/745 2004/335/758 2003/392/757
f 2005/356/759 2006/394/760 2004/335/761
f 2006/394/760 2005/356/759 2007/395/759
f 2008/334/762 2007/395/759 2005/356/759
f 2008/334/762 2009/396/759 2007/395/759
f 2009/396/759 2008/334/762 2010/397/759
f 2010/397/759 2011/398/756 2009/396/759
f 2011/398/756 2010/397/759 2012/399/756
f 2010/397/759 2008/334/762 2013/400/759
f 2008/334/762 2014/401/759 2013/400/759
f 2014/401/759 2015/402/756 2013/400/759
f 2015/402/756 2014/401/759 2016/403/756
f 2014/401/759 2008/334/762 2017/404/759
f 2017/404/759 2008/334/762 2018/405/759
f 2018/405/759 2019/406/756 2017/404/759
f 2019/406/756 2018/405/759 2020/407/756
f 2018/405/759 2008/334/762 2021/408/759
f 2021/408/759 2008/334/762 2022/419/762
f 2021/408/759 2023/412/756 2024/413/756
f 2023/412/756 2021/408/759 2025/415/759
f 2022/419/762 2025/415/759 2021/408/759
f 2025/415/759 2022/419/762 2026/416/759
f 2026/416/759 2022/419/762 2027/417/759
f 2028/420/759 2027/417/759 2022/419/762
f 2027/417/759 2028/420/759 2029/393/763
f 2030/421/759 2029/393/763 2028/420/759
f 2030/421/759 2031/347/764 2029/393/763
f 2032/422/759 2031/347/764 2030/421/759
f 2031/347/764 2032/422/759 2033/423/759
f 2033/423/759 2034/346/762 2031/347/764
f 2034/346/762 2033/423/759 2035/424/765
f 2036/425/765 2037/344/766 2034/346/762
f 2037/344/766 2036/425/765 2038/426/767
f 2039/427/767 2037/344/766 2038/426/767
f 2039/427/767 2038/426/767 2040/428/768
f 2039/427/767 2041/429/769 2037/344/766
f 2041/429/769 2039/427/767 2042/430/767
f 2041/429/769 2043/333/766 2037/344/766
f 2041/429/769 2042/430/767 2044/431/767
f 2045/419/770 2044/431/767 2042/430/767
f 2044/431/767 2045/419/770 2046/432/769
f 2045/419/770 2047/433/769 2046/432/769
f 2048/434/771 2049/435/771 2047/433/771
f 2048/434/767 2045/419/762 2050/334/762
f 2051/436/767 2043/333/766 2041/429/769
f 2051/436/772 2052/437/772 2053/438/772
f 2054/439/773 2043/333/766 2053/438/773
f 2055/440/774 2056/441/774 2054/439/774
f 2057/442/767 2043/333/766 2056/441/767
f 2057/442/767 2058/443/767 2059/444/767
f 2060/445/773 2043/333/766 2059/444/773
f 2060/445/769 2061/446/769 2062/447/769
f 2043/333/766 2062/447/773 2063/448/769
f 2043/333/766 2063/448/769 2064/449/767
f 2065/394/753 2066/335/744 2067/450/775
f 2068/352/690 2069/451/690 2070/358/690
f 2069/451/690 2068/352/690 2071/344/690
f 2071/344/690 2068/352/690 2072/347/690
f 2071/344/690 2072/347/690 2073/346/690
f 2074/432/776 1998/346/777 2075/431/778
f 2074/432/776 2076/334/777 1998/346/777
f 2077/344/779 2075/431/778 1998/346/777
f 2075/431/778 2077/344/779 2078/429/776
f 2079/433/778 2076/334/777 2074/432/776
f 2080/435/780 2081/434/776 2079/433/778
f 2081/434/776 2076/334/777 2079/433/778
f 2082/333/779 2078/429/776 2077/344/779
f 2082/333/779 2083/436/778 2078/429/776
f 2084/437/781 2083/436/781 2085/438/781
f 2082/333/779 2086/439/778 2085/438/778
f 2087/440/781 2086/439/781 2088/441/781
f 2082/333/779 2089/442/778 2088/441/778
f 2090/443/781 2089/442/781 2091/444/781
f 2082/333/779 2092/445/782 2091/444/782
f 2093/446/781 2092/445/781 2094/447/781
f 2094/447/778 2082/333/779 2095/448/776
f 2082/333/779 2096/449/776 2095/448/776
f 2097/435/778 2098/437/776 2099/434/778
f 2098/437/776 2097/435/778 2100/436/781
f 2101/445/780 2102/446/778 2103/452/781
f 2104/453/778 2103/452/781 2102/446/778
f 2105/439/778 2106/440/781 2107/454/778
f 2108/455/778 2107/454/778 2106/440/781
f 2109/442/783 2110/443/776 2111/456/781
f 2112/457/778 2111/456/781 2110/443/776
f 2113/334/777 2114/457/778 2115/458/778
f 2116/459/776 2113/334/784 2117/455/776
f 2118/460/778 2113/334/777 2119/434/778
f 2120/452/781 2121/453/778 2122/458/780
f 2076/334/777 2122/458/780 2121/453/778
f 2076/334/777 2121/453/778 2123/461/778
f 2076/334/777 2124/459/778 2125/457/781
f 2126/456/776 2125/457/781 2124/459/778
f 2127/455/778 2076/334/777 2128/460/780
f 2129/454/781 2127/455/778 2128/460/780
f 2130/333/779 2131/438/778 2132/436/778
f 2133/445/782 2130/333/779 2134/447/782
f 2130/333/779 2135/444/780 2136/442/780
f 2130/333/779 2137/441/782 2138/439/782
f 2139/450/785 2140/335/761 2141/394/760
f 2142/380/786 2143/346/786 2144/351/606
f 2144/351/606 2143/346/786 2145/347/606
f 2142/380/786 2146/344/787 2143/346/786
f 2147/360/788 2146/344/787 2142/380/786
f 2147/360/788 2148/462/789 2146/344/787
f 2147/360/788 2149/463/789 2148/462/789
f 2150/359/790 2148/462/789 2149/463/789
f 2148/462/789 2150/359/790 2151/342/790
f 2152/335/685 2153/360/685 2154/351/685
f 2154/351/685 2153/360/685 2155/380/685
f 2153/360/685 2152/335/685 2156/464/685
f 2156/464/685 2152/335/685 2157/465/685
f 2158/435/767 2159/437/767 2160/436/767
f 2159/437/767 2158/435/767 2161/434/767
f 2162/446/769 2163/445/769 2164/452/769
f 2164/452/769 2165/453/769 2162/446/769
f 2166/440/769 2167/439/767 2168/454/769
f 2168/454/769 2169/455/767 2166/440/769
f 2170/443/774 2171/442/769 2172/456/769
f 2172/456/769 2173/457/769 2170/443/774
f 2174/458/774 2050/334/762 2175/453/769
f 2175/453/769 2176/452/767 2174/458/774
f 2050/334/762 2177/461/769 2175/453/769
f 2050/334/791 2178/455/769 2179/460/771
f 2178/455/769 2180/454/774 2179/460/771
f 2181/459/771 2050/334/762 2182/457/769
f 2182/457/769 2183/456/767 2181/459/771
f 2184/457/774 2185/334/762 2186/458/774
f 2185/334/762 2187/459/767 2188/455/767
f 2185/334/762 2189/460/772 2190/434/772
f 2191/433/767 2192/419/762 2190/434/767
f 2193/438/769 2194/333/766 2195/436/769
f 2194/333/766 2196/445/792 2197/447/792
f 2198/444/792 2194/333/766 2199/442/792
f 2200/441/773 2194/333/766 2201/439/773
f 2202/351/690 2203/377/690 2204/377/690
f 2205/351/690 2203/377/690 2202/351/690
f 2206/351/690 2203/377/690 2205/351/690
f 2203/377/690 2206/351/690 2207/377/690
f 2208/340/793 2209/341/690 2210/341/690
f 2209/341/690 2208/340/793 2211/334/794
f 2208/340/793 2212/340/795 2211/334/794
f 2211/334/794 2212/340/795 2213/334/796
f 2214/341/690 2209/341/690 2211/334/794
f 2209/341/690 2214/341/690 2215/341/690
f 2216/341/690 2215/341/690 2214/341/690
f 2215/341/690 2216/341/690 2217/341/690
f 2218/341/797 2217/341/690 2216/341/690
f 2219/341/690 2218/341/797 2216/341/690
f 2218/341/797 2219/341/690 2220/341/690
f 2217/341/690 2218/341/797 2221/341/690
f 2222/341/690 2221/341/690 2218/341/797
f 2221/341/690 2222/341/690 2223/341/690
f 2224/347/685 2225/349/685 2226/347/685
f 2225/349/685 2224/347/685 2227/349/685
f 2226/347/685 2225/349/685 2228/347/685
f 2229/349/685 2228/347/685 2225/349/685
f 2230/333/690 2231/351/690 2232/360/690
f 2231/351/690 2230/333/690 2233/335/690
f 2234/333/690 2235/360/690 2236/333/690
f 2237/360/690 2236/333/690 2235/360/690
f 2238/333/690 2239/360/690 2240/333/690
f 2239/360/690 2238/333/690 2241/360/690
f 2242/466/685 2243/467/798 2244/468/799
f 2242/466/685 2244/468/799 2245/466/685
f 2246/467/800 2244/468/799 2243/467/798
f 2247/468/801 2244/468/799 2246/467/800
f 2243/467/798 2242/466/685 2248/466/685
f 2248/466/685 2242/466/685 2249/466/685
f 2249/466/685 2250/466/685 2248/466/685
f 2249/466/685 2251/466/685 2250/466/685
f 2252/466/802 2250/466/685 2251/466/685
f 2250/466/685 2252/466/802 2253/466/685
f 2252/466/802 2254/466/685 2253/466/685
f 2255/466/685 2252/466/802 2251/466/685
f 2252/466/802 2255/466/685 2256/466/685
f 2256/466/685 2255/466/685 2257/466/685
f 2258/354/685 2259/347/685 2260/352/685
f 2259/347/685 2258/354/685 2261/344/685
f 2262/354/685 2263/344/685 2264/354/685
f 2263/344/685 2262/354/685 2265/344/685
f 2266/354/685 2267/344/685 2268/354/685
f 2269/344/685 2268/354/685 2267/344/685
f 2270/336/687 2077/344/779 2271/343/687
f 2077/344/779 2270/336/687 2272/333/779
f 2273/334/777 2274/449/780 2272/333/779
f 2273/334/777 2275/469/778 2274/449/780
f 2276/333/703 2277/449/769 2278/334/770
f 2277/449/769 2279/469/771 2278/334/770
f 2280/344/766 2276/333/766 2281/336/803
f 2280/344/766 2281/336/803 2282/343/803
f 2283/339/681 2284/349/681 2285/350/727
f 2283/339/681 2285/350/727 2286/341/727
f 2287/337/683 2284/349/681 2283/339/681
f 2287/337/683 2288/348/683 2284/349/681
f 2289/335/684 2288/348/683 2287/337/683
f 2289/335/684 2290/347/684 2288/348/683
f 2291/334/685 2290/347/684 2289/335/684
f 2291/334/685 2292/346/685 2290/347/684
f 2293/333/686 2292/346/685 2291/334/685
f 2293/333/686 2294/344/686 2292/346/685
f 2295/336/687 2294/344/686 2293/333/686
f 2294/344/686 2295/336/687 2296/343/687
f 2297/338/688 2296/343/687 2295/336/687
f 2296/343/687 2297/338/688 2298/342/688
f 2299/340/690 2298/342/688 2297/338/688
f 2299/340/690 2300/345/690 2298/342/688
f 2301/470/804 2302/470/805 2303/471/806
f 2304/471/807 2303/471/806 2302/470/805
f 2305/472/658 2306/473/808 2307/472/809
f 2306/473/808 2305/472/658 2308/473/810
f 2309/472/658 2310/473/808 2311/472/809
f 2310/473/808 2309/472/658 2312/473/810
f 2313/472/658 2314/473/808 2315/472/809
f 2314/473/808 2313/472/658 2316/473/810
f 2317/472/658 2318/473/808 2319/472/809
f 2318/473/808 2317/472/658 2320/473/810
f 2321/472/658 2322/473/808 2323/472/809
f 2322/473/808 2321/472/658 2324/473/810
f 2325/474/811 2326/475/812 2327/474/813
f 2326/475/812 2325/474/811 2328/475/814
f 2329/472/815 2330/476/816 2331/473/817
f 2330/476/816 2329/472/815 2332/477/818
f 2331/473/817 2333/472/819 2329/472/815
f 2333/472/819 2331/473/817 2334/473/820
f 2335/347/685 2336/478/685 2337/479/685
f 2335/347/685 2337/479/685 2338/344/685
f 2339/480/685 2337/479/685 2336/478/685
f 2337/479/685 2339/480/685 2340/481/685
f 2341/482/685 2342/481/685 2339/480/685
f 2341/482/685 2343/354/685 2342/481/685
f 2343/354/685 2341/482/685 2344/483/685
f 2345/474/821 2346/475/822 2347/475/644
f 2346/475/822 2345/474/821 2348/474/823
f 2349/474/821 2350/475/822 2351/475/644
f 2350/475/822 2349/474/821 2352/474/823
f 2353/475/822 2354/475/644 2355/474/821
f 2353/475/822 2355/474/821 2356/474/823
f 2357/474/821 2358/475/824 2359/475/644
f 2358/475/824 2357/474/821 2360/474/825
f 2361/474/821 2362/475/822 2363/475/644
f 2362/475/822 2361/474/821 2364/474/823
f 2365/347/826 2366/347/827 2367/484/828
f 2368/484/829 2367/484/828 2366/347/827
f 2369/472/830 2370/476/831 2371/477/832
f 2370/476/831 2369/472/830 2372/473/808
f 2373/472/815 2374/476/816 2375/473/817
f 2374/476/816 2373/472/815 2376/477/818
f 2375/473/817 2377/472/819 2373/472/815
f 2375/473/817 2378/473/820 2377/472/819
f 2379/485/833 2380/336/834 2381/486/835
f 2381/486/835 2382/487/833 2379/485/833
f 2382/487/833 2381/486/835 2383/488/836
f 2380/336/834 2384/489/833 2381/486/835
f 2385/490/835 2380/336/834 2379/485/833
f 2386/491/836 2384/489/833 2380/336/834
f 2384/489/833 2386/491/836 2387/492/833
f 2387/492/833 2386/491/836 2388/493/837
f 2380/336/834 2389/494/836 2386/491/836
f 2390/333/838 2389/494/836 2380/336/834
f 2389/494/836 2390/333/838 2391/495/839
f 2380/336/834 2385/490/835 2392/343/840
f 2393/496/836 2385/490/835 2394/497/839
f 2385/490/835 2393/496/836 2395/498/836
f 2392/343/840 2385/490/835 2395/498/836
f 2395/498/836 2396/499/841 2392/343/840
f 2397/500/837 2396/499/841 2398/501/836
f 2396/499/841 2397/500/837 2399/502/833
f 2392/343/840 2396/499/841 2399/502/833
f 2399/502/833 2400/503/833 2392/343/840
f 2400/503/833 2401/344/838 2392/343/840
f 2401/344/838 2400/503/833 2402/504/836
f 2403/499/842 2404/343/834 2405/502/843
f 2403/499/842 2405/502/843 2406/500/844
f 2406/500/844 2407/501/842 2403/499/842
f 2404/343/834 2408/503/843 2405/502/843
f 2409/498/843 2404/343/834 2403/499/842
f 2410/344/843 2408/503/843 2404/343/834
f 2408/503/843 2410/344/843 2411/504/844
f 2404/343/834 2409/498/843 2412/490/842
f 2413/496/843 2412/490/842 2409/498/843
f 2412/490/842 2413/496/843 2414/497/844
f 2412/490/842 2415/336/683 2404/343/834
f 2416/485/843 2415/336/683 2412/490/842
f 2415/336/683 2416/485/843 2417/486/842
f 2418/487/843 2417/486/842 2416/485/843
f 2417/486/842 2418/487/843 2419/488/844
f 2415/336/683 2417/486/842 2420/489/843
f 2415/336/683 2420/489/843 2421/491/845
f 2422/492/843 2421/491/845 2420/489/843
f 2421/491/845 2422/492/843 2423/493/842
f 2415/336/683 2421/491/845 2424/494/846
f 2424/494/846 2425/333/847 2415/336/683
f 2425/333/847 2424/494/846 2426/495/844
f 2427/475/848 2428/505/849 2429/506/850
f 2427/475/848 2430/474/851 2428/505/849
f 2428/505/849 2431/507/852 2429/506/850
f 2431/507/852 2432/508/853 2429/506/850
f 2432/508/853 2431/507/852 2433/509/854
f 2434/474/855 2435/475/856 2436/505/857
f 2436/505/857 2435/475/856 2437/506/858
f 2437/506/858 2438/507/859 2436/505/857
f 2439/508/860 2438/507/859 2437/506/858
f 2438/507/859 2439/508/860 2440/509/861
f 2441/510/853 2442/511/862 2443/510/863
f 2442/511/862 2441/510/853 2444/511/864
f 2445/510/853 2446/511/862 2447/510/863
f 2446/511/862 2445/510/853 2448/511/864
f 2449/510/853 2450/511/865 2451/510/866
f 2450/511/865 2449/510/853 2452/511/864
f 2453/510/853 2454/511/862 2455/510/863
f 2454/511/862 2453/510/853 2456/511/864
f 2457/510/867 2458/511/862 2459/510/863
f 2458/511/862 2457/510/867 2460/511/865
f 2461/512/868 2462/512/869 2463/513/870
f 2461/512/868 2463/513/870 2464/513/871
f 2465/512/868 2466/512/869 2467/513/870
f 2465/512/868 2467/513/870 2468/513/871
f 2469/512/869 2470/513/667 2471/512/868
f 2470/513/667 2469/512/869 2472/513/870
f 2473/512/868 2474/512/869 2475/513/872
f 2473/512/868 2475/513/872 2476/513/667
f 2477/512/868 2478/512/869 2479/513/870
f 2477/512/868 2479/513/870 2480/513/871
f 2481/333/628 2482/336/628 2483/336/628
f 2482/336/628 2484/338/628 2483/336/628
f 2482/336/628 2481/333/628 2485/333/628
f 2482/336/628 2486/338/628 2484/338/628
f 2487/340/628 2484/338/628 2486/338/628
f 2484/338/628 2487/340/628 2488/340/628
f 2489/334/628 2485/333/628 2481/333/628
f 2489/334/628 2481/333/628 2490/334/628
f 2491/335/628 2489/334/628 2490/334/628
f 2491/335/628 2490/334/628 2492/335/628
f 2493/337/628 2491/335/628 2492/335/628
f 2492/335/628 2494/337/628 2493/337/628
f 2495/339/628 2493/337/628 2494/337/628
f 2493/337/628 2495/339/628 2496/339/628
f 2497/341/628 2496/339/628 2495/339/628
f 2496/339/628 2497/341/628 2498/341/628
f 2499/513/873 2500/512/874 2501/513/875
f 2500/512/874 2499/513/873 2502/512/876
f 2503/513/873 2504/512/874 2505/513/875
f 2504/512/874 2503/513/873 2506/512/876
f 2507/513/877 2508/512/876 2509/512/874
f 2508/512/876 2507/513/877 2510/513/873
f 2511/513/878 2512/512/874 2513/513/877
f 2512/512/874 2511/513/878 2514/512/876
f 2515/513/873 2516/512/874 2517/513/875
f 2516/512/874 2515/513/873 2518/512/876
f 2519/511/879 2520/511/880 2521/510/881
f 2519/511/879 2521/510/881 2522/510/882
f 2523/511/879 2524/511/880 2525/510/881
f 2523/511/879 2525/510/881 2526/510/882
f 2527/510/881 2528/511/883 2529/511/880
f 2528/511/883 2527/510/881 2530/510/884
f 2531/511/879 2532/511/880 2533/510/881
f 2531/511/879 2533/510/881 2534/510/882
f 2535/511/879 2536/511/883 2537/510/885
f 2535/511/879 2537/510/885 2538/510/882
f 2539/514/886 2540/476/816 2541/477/887
f 2540/476/816 2539/514/886 2542/515/888
f 2543/516/889 2544/517/890 2545/518/891
f 2546/496/889 2544/517/890 2543/516/889
f 2544/517/890 2546/496/889 2547/497/889
f 2545/518/891 2544/517/890 2548/519/892
f 2549/346/893 2545/518/891 2548/519/892
f 2549/346/893 2550/520/889 2545/518/891
f 2548/519/892 2551/334/894 2549/346/893
f 2552/521/890 2551/334/894 2548/519/892
f 2550/520/889 2549/346/893 2553/522/890
f 2553/522/890 2549/346/893 2554/523/890
f 2555/524/889 2550/520/889 2553/522/890
f 2549/346/893 2556/525/890 2554/523/890
f 2557/344/890 2556/525/890 2549/346/893
f 2556/525/890 2557/344/890 2558/504/890
f 2550/520/889 2555/524/889 2559/526/889
f 2560/500/890 2559/526/889 2555/524/889
f 2559/526/889 2560/500/890 2561/501/890
f 2562/527/890 2552/521/890 2563/528/890
f 2564/487/891 2562/527/890 2563/528/890
f 2562/527/890 2564/487/891 2565/488/890
f 2552/521/890 2562/527/890 2566/529/889
f 2566/529/889 2551/334/894 2552/521/890
f 2567/530/890 2551/334/894 2566/529/889
f 2551/334/894 2567/530/890 2568/531/889
f 2551/334/894 2568/531/889 2569/532/890
f 2567/530/890 2570/533/890 2568/531/889
f 2571/534/889 2551/334/894 2569/532/890
f 2551/334/894 2571/534/889 2572/333/892
f 2573/495/892 2572/333/892 2571/534/889
f 2570/533/890 2567/530/890 2574/535/890
f 2574/535/890 2575/492/891 2570/533/890
f 2570/533/890 2575/492/891 2576/493/889
f 2577/514/873 2578/476/831 2579/515/895
f 2578/476/831 2577/514/873 2580/477/896
f 2581/536/687 2582/536/897 2583/537/898
f 2581/536/687 2583/537/898 2584/537/687
f 2585/538/899 2586/538/687 2587/342/687
f 2585/538/899 2587/342/687 2588/342/900
f 2589/539/687 2590/539/687 2591/540/687
f 2589/539/687 2591/540/687 2592/540/687
f 2593/333/901 2594/534/902 2595/334/903
f 2594/534/902 2593/333/901 2596/495/901
f 2594/534/902 2597/532/904 2595/334/903
f 2595/334/903 2597/532/904 2598/531/902
f 2599/530/901 2595/334/903 2598/531/902
f 2600/533/904 2599/530/901 2598/531/902
f 2599/530/901 2600/533/904 2601/535/904
f 2601/535/904 2600/533/904 2602/492/904
f 2602/492/904 2600/533/904 2603/493/902
f 2595/334/903 2599/530/901 2604/529/902
f 2595/334/903 2604/529/902 2605/521/904
f 2606/527/904 2605/521/904 2604/529/902
f 2595/334/903 2605/521/904 2607/519/901
f 2605/521/904 2606/527/904 2608/528/904
f 2608/528/904 2606/527/904 2609/487/904
f 2609/487/904 2606/527/904 2610/488/902
f 2607/519/901 2611/346/905 2595/334/903
f 2612/518/904 2611/346/905 2607/519/901
f 2607/519/901 2613/517/904 2612/518/904
f 2612/518/904 2613/517/904 2614/516/904
f 2613/517/904 2615/496/901 2614/516/904
f 2615/496/901 2613/517/904 2616/497/901
f 2617/520/901 2611/346/905 2612/518/904
f 2611/346/905 2617/520/901 2618/522/902
f 2617/520/901 2619/524/902 2618/522/902
f 2611/346/905 2618/522/902 2620/523/904
f 2619/524/902 2617/520/901 2621/526/902
f 2621/526/902 2622/500/904 2619/524/902
f 2622/500/904 2621/526/902 2623/501/902
f 2624/525/904 2611/346/905 2620/523/904
f 2611/346/905 2624/525/904 2625/344/904
f 2626/504/904 2625/344/904 2624/525/904
f 2627/361/673 2628/362/906 2629/541/907
f 2628/362/906 2630/364/908 2629/541/907
f 2629/541/907 2630/364/908 2631/365/647
f 2631/365/647 2630/364/908 2632/366/648
f 2632/366/648 2633/367/649 2631/365/647
f 2634/364/679 2635/541/909 2636/365/677
f 2635/541/909 2634/364/679 2637/362/910
f 2637/362/910 2638/361/678 2635/541/909
f 2639/366/655 2634/364/679 2636/365/677
f 2640/367/656 2639/366/655 2636/365/677
f 2641/368/657 2642/369/658 2643/370/659
f 2642/369/658 2641/368/657 2644/371/660
f 2645/372/733 2646/368/657 2643/370/659
f 2646/368/657 2645/372/733 2647/373/662
f 2648/368/663 2649/369/664 2650/371/665
f 2649/369/664 2648/368/663 2651/370/666
f 2652/368/663 2653/372/871 2651/370/666
f 2653/372/871 2652/368/663 2654/373/668
f 2655/474/911 2656/475/912 2657/542/913
f 2658/474/811 2656/475/912 2655/474/911
f 2656/475/912 2658/474/811 2659/475/914
f 2657/542/913 2656/475/912 2660/506/858
f 2660/506/858 2661/507/915 2657/542/913
f 2662/508/860 2661/507/915 2660/506/858
f 2661/507/915 2662/508/860 2663/509/861
f 2664/472/815 2665/476/816 2666/473/817
f 2665/476/816 2664/472/815 2667/477/818
f 2666/473/817 2668/472/819 2664/472/815
f 2668/472/819 2666/473/817 2669/473/820
f 2670/543/916 2671/544/916 2672/334/917
f 2673/545/918 2670/543/916 2672/334/917
f 2673/545/918 2674/335/919 2675/546/920
f 2674/335/919 2673/545/918 2672/334/917
f 2676/547/916 2672/334/917 2671/544/916
f 2677/548/921 2676/547/916 2671/544/916
f 2676/547/916 2677/548/921 2678/549/921
f 2678/549/921 2677/548/921 2679/550/922
f 2679/550/922 2677/548/921 2680/551/922
f 2681/552/916 2672/334/917 2676/547/916
f 2672/334/917 2681/552/916 2682/553/916
f 2683/554/921 2682/553/916 2681/552/916
f 2672/334/917 2682/553/916 2684/555/916
f 2682/553/916 2683/554/921 2685/556/921
f 2685/556/921 2683/554/921 2686/557/922
f 2686/557/922 2683/554/921 2687/558/922
f 2684/555/916 2688/346/923 2672/334/917
f 2689/559/916 2688/346/923 2684/555/916
f 2684/555/916 2690/560/921 2689/559/916
f 2689/559/916 2690/560/921 2691/561/921
f 2690/560/921 2692/562/922 2691/561/921
f 2692/562/922 2690/560/921 2693/563/922
f 2694/564/921 2688/346/923 2689/559/916
f 2688/346/923 2694/564/921 2695/565/916
f 2688/346/923 2695/565/916 2696/566/916
f 2694/564/921 2697/567/921 2695/565/916
f 2698/568/918 2688/346/923 2696/566/916
f 2688/346/923 2698/568/918 2699/347/924
f 2700/569/925 2699/347/924 2698/568/918
f 2697/567/921 2694/564/921 2701/570/921
f 2701/570/921 2702/571/922 2697/567/921
f 2697/567/921 2702/571/922 2703/572/922
f 2704/561/926 2705/560/926 2706/559/927
f 2707/562/928 2705/560/926 2704/561/926
f 2705/560/926 2707/562/928 2708/563/928
f 2706/559/927 2705/560/926 2709/555/927
f 2710/346/929 2706/559/927 2709/555/927
f 2710/346/929 2711/564/927 2706/559/927
f 2709/555/927 2712/334/930 2710/346/929
f 2713/553/927 2712/334/930 2709/555/927
f 2711/564/927 2710/346/929 2714/565/927
f 2714/565/927 2710/346/929 2715/566/927
f 2716/567/926 2711/564/927 2714/565/927
f 2717/568/926 2715/566/927 2710/346/929
f 2718/347/931 2717/568/926 2710/346/929
f 2717/568/926 2718/347/931 2719/569/932
f 2711/564/927 2716/567/926 2720/570/926
f 2720/570/926 2716/567/926 2721/571/928
f 2721/571/928 2716/567/926 2722/572/928
f 2723/554/926 2713/553/927 2724/556/926
f 2725/557/928 2723/554/926 2724/556/926
f 2723/554/926 2725/557/928 2726/558/928
f 2713/553/927 2723/554/926 2727/552/927
f 2727/552/927 2712/334/930 2713/553/927
f 2728/547/927 2712/334/930 2727/552/927
f 2712/334/930 2728/547/927 2729/544/927
f 2712/334/930 2729/544/927 2730/543/927
f 2728/547/927 2731/548/926 2729/544/927
f 2732/545/933 2712/334/930 2730/543/927
f 2712/334/930 2732/545/933 2733/335/934
f 2734/546/935 2733/335/934 2732/545/933
f 2731/548/926 2728/547/927 2735/549/926
f 2735/549/926 2736/550/928 2731/548/926
f 2731/548/926 2736/550/928 2737/551/928
f 2738/573/936 2739/337/687 2740/348/937
f 2738/573/936 2740/348/937 2741/562/936
f 2741/562/936 2740/348/937 2742/574/936
f 2742/574/936 2740/348/937 2743/572/936
f 2743/572/936 2740/348/937 2744/575/938
f 2740/348/937 2745/347/939 2744/575/938
f 2739/337/687 2738/573/936 2746/557/936
f 2739/337/687 2746/557/936 2747/576/936
f 2739/337/687 2747/576/936 2748/550/936
f 2739/337/687 2748/550/936 2749/577/936
f 2739/337/687 2749/577/936 2750/546/940
f 2751/335/941 2739/337/687 2750/546/940
f 2752/573/942 2753/348/943 2754/337/944
f 2755/562/942 2753/348/943 2752/573/942
f 2753/348/943 2755/562/942 2756/574/942
f 2757/572/942 2753/348/943 2756/574/942
f 2753/348/943 2757/572/942 2758/575/945
f 2753/348/943 2758/575/945 2759/347/946
f 2754/337/944 2760/557/942 2752/573/942
f 2760/557/942 2754/337/944 2761/576/942
f 2761/576/942 2754/337/944 2762/550/942
f 2762/550/942 2754/337/944 2763/577/942
f 2763/577/942 2754/337/944 2764/546/947
f 2764/546/947 2754/337/944 2765/335/934
f 2766/472/948 2767/476/816 2768/473/949
f 2767/476/816 2766/472/948 2769/477/818
f 2768/473/949 2770/472/819 2766/472/948
f 2770/472/819 2768/473/949 2771/473/820
f 2772/474/950 2773/475/951 2774/505/952
f 2775/474/811 2773/475/951 2772/474/950
f 2773/475/951 2775/474/811 2776/475/914
f 2774/505/952 2773/475/951 2777/506/953
f 2777/506/953 2778/507/954 2774/505/952
f 2779/474/911 2780/475/912 2781/505/913
f 2782/474/811 2780/475/912 2779/474/911
f 2780/475/912 2782/474/811 2783/475/914
f 2781/505/913 2780/475/912 2784/506/858
f 2784/506/858 2785/507/915 2781/505/913
f 2786/508/955 2785/507/915 2784/506/858
f 2785/507/915 2786/508/955 2787/509/861
f 2788/472/815 2789/476/816 2790/473/817
f 2789/476/816 2788/472/815 2791/477/818
f 2790/473/817 2792/472/819 2788/472/815
f 2790/473/817 2793/473/820 2792/472/819
f 2794/343/606 2795/348/606 2796/346/606
f 2796/346/606 2795/348/606 2797/347/606
f 2794/343/606 2796/346/606 2798/344/606
f 2794/343/606 2799/346/606 2795/348/606
f 2795/348/606 2799/346/606 2800/347/606
f 2799/346/606 2794/343/606 2801/344/606
f 2802/472/830 2803/476/831 2804/477/832
f 2803/476/831 2802/472/830 2805/473/808
f 2806/474/956 2807/475/912 2808/505/913
f 2809/474/811 2807/475/912 2806/474/956
f 2807/475/912 2809/474/811 2810/475/914
f 2808/505/913 2807/475/912 2811/506/858
f 2811/506/858 2812/507/915 2808/505/913
f 2813/508/955 2812/507/915 2811/506/858
f 2812/507/915 2813/508/955 2814/509/861
f 2815/578/957 2816/476/816 2817/477/958
f 2816/476/816 2815/578/957 2818/515/888
f 2819/578/878 2820/476/831 2821/515/959
f 2820/476/831 2819/578/878 2822/477/896
f 2823/475/960 2824/542/961 2825/506/850
f 2823/475/960 2826/474/823 2824/542/961
f 2824/542/961 2827/507/962 2825/506/850
f 2827/507/962 2828/508/853 2825/506/850
f 2828/508/853 2827/507/962 2829/509/854
f 2830/348/687 2831/349/686 2832/348/687
f 2831/349/686 2830/348/687 2833/349/686
f 2834/350/739 2831/349/686 2833/349/686
f 2835/350/685 2834/350/739 2833/349/686
f 2832/348/687 2836/347/688 2830/348/687
f 2836/347/688 2832/348/687 2837/347/688
f 2836/347/688 2837/347/688 2838/346/690
f 2837/347/688 2839/346/690 2838/346/690
f 2838/346/690 2839/346/690 2840/344/681
f 2839/346/690 2841/344/681 2840/344/681
f 2840/344/681 2841/344/681 2842/343/683
f 2841/344/681 2843/343/683 2842/343/683
f 2842/343/683 2843/343/683 2844/342/684
f 2843/343/683 2845/342/684 2844/342/684
f 2844/342/684 2845/342/684 2846/345/740
f 2845/342/684 2847/345/741 2846/345/740
f 2848/579/963 2849/471/964 2850/470/965
f 2848/579/963 2850/470/965 2851/580/965
f 2852/466/966 2853/341/967 2854/467/968
f 2854/467/968 2853/341/967 2855/334/969
f 2856/466/970 2853/341/967 2852/466/966
f 2853/341/967 2856/466/970 2857/341/971
f 2858/466/972 2857/341/971 2856/466/970
f 2857/341/971 2858/466/972 2859/341/973
f 2854/467/974 2860/334/974 2861/334/606
f 2862/467/606 2854/467/974 2861/334/606
f 2863/472/830 2864/476/831 2865/477/832
f 2864/476/831 2863/472/830 2866/473/808
f 2867/581/878 2868/476/831 2869/515/959
f 2868/476/831 2867/581/878 2870/477/896
f 2871/581/957 2872/476/816 2873/477/958
f 2872/476/816 2871/581/957 2874/515/888
f 2875/475/960 2876/505/961 2877/506/850
f 2875/475/960 2878/474/823 2876/505/961
f 2876/505/961 2879/507/962 2877/506/850
f 2879/507/962 2880/508/853 2877/506/850
f 2880/508/853 2879/507/962 2881/509/854
f 2882/466/975 2883/341/976 2884/466/976
f 2883/341/976 2882/466/975 2885/341/977
f 2886/466/978 2885/341/977 2882/466/975
f 2885/341/977 2886/466/978 2887/341/979
f 2888/466/980 2887/341/979 2886/466/978
f 2887/341/979 2888/466/980 2889/341/981
f 2890/466/982 2889/341/981 2888/466/980
f 2889/341/981 2890/466/982 2891/341/983
f 2892/466/984 2891/341/983 2890/466/982
f 2891/341/983 2892/466/984 2893/341/984
f 2894/466/985 2893/341/984 2892/466/984
f 2893/341/984 2894/466/985 2895/341/986
f 2896/466/987 2895/341/986 2894/466/985
f 2895/341/986 2896/466/987 2897/341/988
f 2898/466/683 2897/341/988 2896/466/987
f 2897/341/988 2898/466/683 2899/341/683
f 2900/472/830 2901/476/831 2902/477/832
f 2901/476/831 2900/472/830 2903/473/808
f 2904/514/878 2905/476/831 2906/515/959
f 2905/476/831 2904/514/878 2907/477/896
f 2908/514/957 2909/476/816 2910/477/958
f 2909/476/816 2908/514/957 2911/515/888
f 2912/475/960 2913/505/848 2914/506/850
f 2912/475/960 2915/474/989 2913/505/848
f 2913/505/848 2916/507/962 2914/506/850
f 2916/507/962 2917/508/853 2914/506/850
f 2917/508/853 2916/507/962 2918/509/854
f 2919/475/990 2920/505/991 2921/506/992
f 2920/505/991 2922/507/993 2921/506/992
f 2919/475/990 2923/474/989 2920/505/991
f 2924/472/830 2925/476/831 2926/477/832
f 2925/476/831 2924/472/830 2927/473/994
f 2928/507/995 2929/582/996 2930/506/997
f 2929/582/996 2928/507/995 2931/509/996
f 2932/514/878 2933/476/831 2934/515/998
f 2933/476/831 2932/514/878 2935/477/832
f 2936/507/999 2937/582/1000 2938/509/1000
f 2937/582/1000 2936/507/999 2939/506/1001
f 2940/514/957 2941/476/816 2942/477/818
f 2941/476/816 2940/514/957 2943/515/1002
f 2944/583/1003 2945/483/1004 2946/584/1005
f 2946/584/1005 2945/483/1004 2947/482/1006
f 2948/344/1007 2949/360/1008 2950/344/1007
f 2950/344/1007 2949/360/1008 2951/360/1009
f 2952/360/1007 2953/351/1007 2954/344/1010
f 2955/347/1008 2954/344/1010 2953/351/1007
f 2956/344/1011 2957/360/1012 2958/344/1012
f 2958/344/1012 2957/360/1012 2959/360/1011
f 2960/346/1013 2961/347/1014 2962/346/702
f 2963/344/1015 2960/346/1013 2962/346/702
f 2961/347/1014 2960/346/1013 2964/347/1016
f 2960/346/1013 2963/344/1015 2965/344/1017
f 2966/348/1018 2961/347/1014 2964/347/1016
f 2965/344/1017 2963/344/1015 2967/343/1019
f 2961/347/1014 2966/348/1018 2968/348/697
f 2969/343/707 2967/343/1019 2963/344/1015
f 2966/348/1018 2970/349/1020 2968/348/697
f 2971/342/1021 2967/343/1019 2969/343/707
f 2970/349/1020 2966/348/1018 2972/349/1022
f 2973/350/1023 2970/349/1020 2972/349/1022
f 2970/349/1020 2973/350/1023 2974/350/1024
f 2967/343/1019 2971/342/1021 2975/342/1025
f 2971/342/1021 2976/345/1026 2975/342/1025
f 2976/345/1026 2971/342/1021 2977/345/693
f 2978/344/606 2979/343/606 2980/343/606
f 2981/342/606 2980/343/606 2979/343/606
f 2979/343/606 2978/344/606 2982/344/606
f 2981/342/606 2979/343/606 2983/342/606
f 2983/342/606 2984/345/606 2981/342/606
f 2984/345/606 2983/342/606 2985/345/606
f 2986/346/606 2982/344/606 2978/344/606
f 2982/344/606 2986/346/606 2987/346/606
f 2986/346/606 2988/347/606 2987/346/606
f 2986/346/606 2989/347/606 2988/347/606
f 2990/348/606 2988/347/606 2989/347/606
f 2988/347/606 2990/348/606 2991/348/606
f 2990/348/606 2992/349/606 2991/348/606
f 2990/348/606 2993/349/606 2992/349/606
f 2994/350/606 2992/349/606 2993/349/606
f 2992/349/606 2994/350/606 2995/350/606
f 2996/585/1027 2997/354/1028 2998/586/1003
f 2997/354/1028 2996/585/1027 2999/354/1029
