# Blender 5.2.0 LTS
# www.blender.org
mtllib okjajajajaja.mtl
o Cube_002_Cube_013_140669730939053
v -0.960196 0.369688 0.255149
v -0.937079 0.369688 0.393412
v -0.948637 0.299599 0.324281
v -0.940464 0.320127 0.373163
v -0.956811 0.320127 0.275398
v -0.948637 0.439779 0.324281
v -0.940464 0.419248 0.373163
v -0.956811 0.419248 0.275398
v -1.553407 0.389780 0.405027
v -1.550094 0.341271 0.424846
v -1.545408 0.369688 0.452873
v -1.546780 0.349594 0.444664
v -1.553407 0.349594 0.405027
v -1.554780 0.369688 0.396817
v -1.546780 0.389780 0.444664
v -1.550094 0.398106 0.424846
v -1.348983 0.403209 0.425204
v -1.493539 0.398185 0.444283
v -1.346693 0.369688 0.438900
v -1.491593 0.369688 0.455925
v -1.354511 0.417092 0.392144
v -1.546780 0.389780 0.444664
v -1.545408 0.369688 0.452873
v -1.498239 0.409988 0.416175
v -1.550094 0.398106 0.424846
v -1.553407 0.389780 0.405027
v -1.502939 0.398185 0.388068
v -1.360039 0.403209 0.359081
v -1.362329 0.369688 0.345388
v -1.504885 0.369688 0.376425
v -1.554780 0.369688 0.396817
v -1.553407 0.349594 0.405027
v -1.502939 0.341188 0.388068
v -1.360039 0.336169 0.359081
v -1.354511 0.322283 0.392144
v -1.498239 0.329386 0.416175
v -1.550094 0.341271 0.424846
v -1.546780 0.349594 0.444664
v -1.493539 0.341188 0.444283
v -1.348983 0.336169 0.425204
v -1.346693 0.369688 0.438900
v -1.491593 0.369688 0.455925
v -1.545408 0.369688 0.452873
v -1.360039 0.336169 0.359081
v -1.362834 0.369688 0.342363
v -1.360397 0.334001 0.356943
v -1.362329 0.369688 0.345388
v -1.354511 0.322283 0.392144
v -1.360039 0.403209 0.359081
v -1.354511 0.319216 0.392144
v -1.360397 0.405376 0.356943
v -1.348626 0.334001 0.427343
v -1.354511 0.420158 0.392144
v -1.348983 0.336169 0.425204
v -1.346693 0.369688 0.438900
v -1.346188 0.369688 0.441921
v -1.354511 0.417092 0.392144
v -1.348983 0.403209 0.425204
v -1.348626 0.405376 0.427343
v -1.346188 0.369688 0.441921
v -1.346693 0.369688 0.438900
v -1.312385 0.320127 0.435349
v -0.940464 0.320127 0.373163
v -0.937079 0.369688 0.393412
v -1.308999 0.369688 0.455598
v -1.320558 0.299599 0.386467
v -0.948637 0.299599 0.324281
v -1.328731 0.320127 0.337584
v -0.956811 0.320127 0.275398
v -1.332117 0.369688 0.317335
v -0.960196 0.369688 0.255149
v -1.328731 0.419248 0.337584
v -0.956811 0.419248 0.275398
v -1.320558 0.439779 0.386467
v -0.948637 0.439779 0.324281
v -1.312385 0.419248 0.435349
v -0.940464 0.419248 0.373163
v -1.308999 0.369688 0.455598
v -0.937079 0.369688 0.393412
v -1.348626 0.334001 0.427343
v -1.308999 0.369688 0.455598
v -1.346188 0.369688 0.441921
v -1.312385 0.320127 0.435349
v -1.320558 0.299599 0.386467
v -1.354511 0.319216 0.392144
v -1.360397 0.334001 0.356943
v -1.328731 0.320127 0.337584
v -1.332117 0.369688 0.317335
v -1.362834 0.369688 0.342363
v -1.360397 0.405376 0.356943
v -1.328731 0.419248 0.337584
v -1.320558 0.439779 0.386467
v -1.354511 0.420158 0.392144
v -1.348626 0.405376 0.427343
v -1.312385 0.419248 0.435349
v -1.308999 0.369688 0.455598
v -1.346188 0.369688 0.441921
vn 0.9864 0.0005 -0.1644
vn -0.9863 -0.0000 0.1649
vn -0.9862 0.0005 0.1654
vn 0.0716 0.6890 0.7212
vn -0.0121 0.6831 0.7302
vn 0.1170 0.0005 0.9931
vn 0.0339 0.0005 0.9994
vn -0.0476 0.9988 0.0085
vn -0.1020 0.6799 0.7262
vn -0.0564 0.0006 0.9984
vn -0.1305 0.9912 0.0218
vn -0.2173 0.9754 0.0367
vn -0.3327 0.6799 -0.6535
vn -0.2489 0.6831 -0.6866
vn -0.1669 0.6890 -0.7053
vn -0.2125 0.0005 -0.9772
vn -0.2935 0.0002 -0.9560
vn -0.3783 -0.0000 -0.9257
vn -0.3327 -0.6799 -0.6535
vn -0.2489 -0.6831 -0.6866
vn -0.1669 -0.6890 -0.7053
vn -0.0480 -0.9988 0.0080
vn -0.1305 -0.9912 0.0218
vn -0.2173 -0.9754 0.0367
vn -0.1020 -0.6799 0.7262
vn -0.0120 -0.6831 0.7302
vn 0.0716 -0.6890 0.7212
vn 0.0338 0.0004 0.9994
vn -0.0564 0.0004 0.9984
vn 0.1197 -0.6913 0.7126
vn 0.1654 0.0005 0.9862
vn 0.0006 -1.0000 0.0004
vn -0.1187 -0.6913 -0.7128
vn -0.1644 0.0005 -0.9864
vn -0.1187 0.6913 -0.7128
vn 0.0006 1.0000 0.0004
vn 0.1197 0.6913 0.7126
vn 0.1654 0.0006 0.9862
vn -0.3869 -0.6134 0.6885
vn -0.3447 0.0003 0.9387
vn -0.3832 -0.5916 0.7094
vn -0.4884 -0.8688 0.0817
vn -0.4883 -0.8688 0.0817
vn -0.5898 -0.6134 -0.5252
vn -0.5931 -0.5916 -0.5461
vn -0.6312 0.0006 -0.7756
vn -0.6313 0.0006 -0.7755
vn -0.5898 0.6134 -0.5252
vn -0.5931 0.5916 -0.5462
vn -0.4884 0.8688 0.0817
vn -0.3869 0.6134 0.6885
vn -0.3831 0.5916 0.7094
vn -0.3447 0.0006 0.9387
vn -0.3447 0.0007 0.9387
vt 0.750000 0.010000
vt 0.750000 0.490000
vt 0.990000 0.250000
vt 0.919706 0.419706
vt 0.919706 0.080294
vt 0.510000 0.250000
vt 0.580294 0.419706
vt 0.580294 0.080294
vt 0.375000 1.000000
vt 0.750000 1.000000
vt 0.000000 1.000000
vt 0.875000 1.000000
vt 0.625000 1.000000
vt 0.500000 1.000000
vt 0.125000 1.000000
vt 0.250000 1.000000
vt 1.000000 1.000000
vt 0.875000 0.500000
vt 1.000000 0.500000
vt 0.750000 0.500000
vt 0.625000 0.500000
vt 0.500000 0.500000
vt 0.375000 0.500000
vt 0.250000 0.500000
vt 0.125000 0.500000
vt 0.000000 0.500000
s 1
f 1/1/1 2/2/1 3/3/1
f 3/3/1 2/2/1 4/4/1
f 1/1/1 3/3/1 5/5/1
f 1/1/1 6/6/1 2/2/1
f 2/2/1 6/6/1 7/7/1
f 6/6/1 1/1/1 8/8/1
f 9/9/2 10/10/3 11/11/3
f 11/11/3 10/10/3 12/12/3
f 10/10/3 9/9/2 13/13/3
f 13/13/3 9/9/2 14/14/3
f 9/9/2 11/11/3 15/15/3
f 9/9/2 15/15/3 16/16/3
f 17/15/4 18/15/5 19/11/6
f 20/11/7 19/11/6 18/15/5
f 21/16/8 18/15/5 17/15/4
f 18/15/5 22/15/9 20/11/7
f 23/11/10 20/11/7 22/15/9
f 24/16/11 22/15/9 18/15/5
f 18/15/5 21/16/8 24/16/11
f 22/15/9 24/16/11 25/16/12
f 24/16/11 26/9/13 25/16/12
f 21/16/8 27/9/14 24/16/11
f 26/9/13 24/16/11 27/9/14
f 27/9/14 21/16/8 28/9/15
f 29/14/16 27/9/14 28/9/15
f 30/14/17 26/9/13 27/9/14
f 27/9/14 29/14/16 30/14/17
f 26/9/13 30/14/17 31/14/18
f 31/14/18 30/14/17 32/13/19
f 30/14/17 29/14/16 33/13/20
f 33/13/20 32/13/19 30/14/17
f 34/13/21 33/13/20 29/14/16
f 35/10/22 33/13/20 34/13/21
f 36/10/23 32/13/19 33/13/20
f 33/13/20 35/10/22 36/10/23
f 32/13/19 36/10/23 37/10/24
f 37/10/24 36/10/23 38/12/25
f 36/10/23 35/10/22 39/12/26
f 39/12/26 38/12/25 36/10/23
f 40/12/27 39/12/26 35/10/22
f 41/17/6 39/12/26 40/12/27
f 39/12/26 41/17/6 42/17/28
f 42/17/28 38/12/25 39/12/26
f 38/12/25 42/17/28 43/17/29
f 44/13/3 45/14/3 46/13/3
f 45/14/3 44/13/3 47/14/3
f 46/13/3 48/10/3 44/13/3
f 49/9/3 45/14/3 47/14/3
f 46/13/3 50/10/3 48/10/3
f 45/14/3 49/9/3 51/9/3
f 52/12/3 48/10/3 50/10/3
f 53/16/3 51/9/3 49/9/3
f 48/10/3 52/12/3 54/12/3
f 52/12/3 55/17/3 54/12/3
f 55/17/3 52/12/3 56/17/3
f 53/16/3 49/9/3 57/16/3
f 58/15/3 53/16/3 57/16/3
f 53/16/3 58/15/3 59/15/3
f 60/11/3 59/15/3 58/15/3
f 58/15/3 61/11/3 60/11/3
f 62/12/30 63/18/30 64/19/31
f 62/12/30 64/19/31 65/17/31
f 66/10/32 63/18/30 62/12/30
f 66/10/32 67/20/32 63/18/30
f 68/13/33 67/20/32 66/10/32
f 68/13/33 69/21/33 67/20/32
f 70/14/34 69/21/33 68/13/33
f 70/14/34 71/22/34 69/21/33
f 72/9/35 71/22/34 70/14/34
f 72/9/35 73/23/35 71/22/34
f 74/16/36 73/23/35 72/9/35
f 73/23/35 74/16/36 75/24/36
f 75/24/36 74/16/36 76/15/37
f 75/24/36 76/15/37 77/25/37
f 78/11/38 77/25/37 76/15/37
f 78/11/38 79/26/38 77/25/37
f 80/12/39 81/17/40 82/17/40
f 81/17/40 80/12/39 83/12/41
f 84/10/42 83/12/41 80/12/39
f 85/10/43 84/10/42 80/12/39
f 86/13/44 84/10/42 85/10/43
f 84/10/42 86/13/44 87/13/45
f 88/14/46 87/13/45 86/13/44
f 89/14/47 88/14/46 86/13/44
f 90/9/48 88/14/46 89/14/47
f 88/14/46 90/9/48 91/9/49
f 90/9/48 92/16/50 91/9/49
f 92/16/50 90/9/48 93/16/50
f 94/15/51 92/16/50 93/16/50
f 92/16/50 94/15/51 95/15/52
f 96/11/53 95/15/52 94/15/51
f 97/11/54 96/11/53 94/15/51
o Cube_005_Cube_069_121294691542287
v -2.292268 0.122271 0.523488
v -2.282613 0.081276 0.581234
v -2.272842 0.101774 0.549920
v -2.329514 0.130762 0.517422
v -2.315860 0.072786 0.599088
v -2.353109 0.081276 0.593021
v -2.362764 0.122271 0.535275
v -2.372535 0.101774 0.566589
v -2.422237 0.066606 0.523524
v -2.233699 0.042127 0.527443
v -2.239464 0.066606 0.492964
v -2.416472 0.042127 0.558003
v -2.301752 -1.135300 -0.316549
v -2.583405 -1.135300 -0.003401
v -2.626680 -1.135300 -0.262220
v -2.258477 -1.135300 -0.057729
v -2.626680 -1.070179 -0.262220
v -2.301752 -1.070179 -0.316549
v -2.284112 -1.102740 -0.341273
v -2.651406 -1.102740 -0.279861
v -2.301752 -1.135300 -0.316549
v -2.626680 -1.135300 -0.262220
v -2.338351 -0.924176 -0.098462
v -2.515360 -0.948653 -0.033422
v -2.521125 -0.924176 -0.067902
v -2.332586 -0.948653 -0.063982
v -2.301752 -1.135300 -0.316549
v -2.233753 -1.102736 -0.040088
v -2.258477 -1.135300 -0.057729
v -2.284112 -1.102740 -0.341273
v -2.258477 -1.070176 -0.057729
v -2.301752 -1.070179 -0.316549
v -2.651406 -1.102740 -0.279861
v -2.583405 -1.070176 -0.003401
v -2.626680 -1.070179 -0.262220
v -2.601047 -1.102736 0.021324
v -2.626680 -1.135300 -0.262220
v -2.583405 -1.135300 -0.003401
v -2.233699 0.042127 0.527443
v -2.338351 -0.924176 -0.098462
v -2.239464 0.066606 0.492964
v -2.332586 -0.948653 -0.063982
v -2.422237 0.066606 0.523524
v -2.521125 -0.924176 -0.067902
v -2.416472 0.042127 0.558003
v -2.515360 -0.948653 -0.033422
v -2.458599 -0.966691 -0.037895
v -2.315860 0.072786 0.599088
v -2.353109 0.081276 0.593021
v -2.421350 -0.975180 -0.031829
v -2.362764 0.122271 0.535275
v -2.435005 -0.917205 -0.113495
v -2.468255 -0.925696 -0.095641
v -2.329514 0.130762 0.517422
v -2.435005 -0.917205 -0.113495
v -2.329514 0.130762 0.517422
v -2.292268 0.122271 0.523488
v -2.397758 -0.925691 -0.107428
v -2.388103 -0.966691 -0.049682
v -2.315860 0.072786 0.599088
v -2.421350 -0.975180 -0.031829
v -2.282613 0.081276 0.581234
v -2.397758 -0.925691 -0.107428
v -2.292268 0.122271 0.523488
v -2.272842 0.101774 0.549920
v -2.378332 -0.946193 -0.080995
v -2.282613 0.081276 0.581234
v -2.388103 -0.966691 -0.049682
v -2.353109 0.081276 0.593021
v -2.478025 -0.946193 -0.064326
v -2.458599 -0.966691 -0.037895
v -2.372535 0.101774 0.566589
v -2.468255 -0.925696 -0.095641
v -2.362764 0.122271 0.535275
v -2.332586 -0.948653 -0.063982
v -2.233699 0.042127 0.527443
v -2.515360 -0.948653 -0.033422
v -2.416472 0.042127 0.558003
v -2.239464 0.066606 0.492964
v -2.338351 -0.924176 -0.098462
v -2.422237 0.066606 0.523524
v -2.521125 -0.924176 -0.067902
v -2.601047 -1.102736 0.021324
v -2.233753 -1.102736 -0.040088
v -2.258477 -1.070176 -0.057729
v -2.583405 -1.070176 -0.003401
v -2.258477 -1.135300 -0.057729
v -2.583405 -1.135300 -0.003401
v -2.482073 -0.933221 -0.112170
v -2.528802 -1.085173 -0.154502
v -2.494828 -0.959973 -0.071301
v -2.514030 -1.085173 -0.218448
v -2.494032 -1.085169 -0.098840
v -2.458367 -1.085173 -0.253222
v -2.469472 -0.986724 -0.036803
v -2.420858 -0.997806 -0.028886
v -2.430084 -1.085173 -0.084067
v -2.438679 -0.922138 -0.135473
v -2.390067 -0.933221 -0.127555
v -2.394422 -1.085173 -0.238447
v -2.359649 -1.085173 -0.182785
v -2.364711 -0.959973 -0.093057
v -2.374424 -1.085169 -0.118839
v -2.377465 -0.986724 -0.052187
v -2.420858 -0.997806 -0.028886
v -2.430084 -1.085173 -0.084067
v -2.420858 -0.997806 -0.028886
v -2.458599 -0.966691 -0.037895
v -2.469472 -0.986724 -0.036803
v -2.421350 -0.975180 -0.031829
v -2.494828 -0.959973 -0.071301
v -2.478025 -0.946193 -0.064326
v -2.468255 -0.925696 -0.095641
v -2.482073 -0.933221 -0.112170
v -2.435005 -0.917205 -0.113495
v -2.438679 -0.922138 -0.135473
v -2.390067 -0.933221 -0.127555
v -2.397758 -0.925691 -0.107428
v -2.364711 -0.959973 -0.093057
v -2.378332 -0.946193 -0.080995
v -2.388103 -0.966691 -0.049682
v -2.377465 -0.986724 -0.052187
v -2.420858 -0.997806 -0.028886
v -2.421350 -0.975180 -0.031829
v -2.626680 -1.070179 -0.262220
v -2.258477 -1.070176 -0.057729
v -2.301752 -1.070179 -0.316549
v -2.583405 -1.070176 -0.003401
vn 0.0946 0.8191 0.5657
vn 0.0946 0.8192 0.5657
vn 0.0951 0.8190 0.5659
vn 0.0950 0.8190 0.5658
vn 0.0950 0.8190 0.5659
vn 0.0954 0.8189 0.5660
vn 0.0005 -1.0000 0.0004
vn 0.0006 -1.0000 0.0004
vn -0.1370 0.5505 -0.8235
vn -0.1377 0.5506 -0.8233
vn -0.1644 0.0005 -0.9864
vn -0.1373 -0.5505 -0.8234
vn -0.1370 -0.5505 -0.8235
vn -0.0942 -0.8190 -0.5660
vn -0.0946 -0.8192 -0.5657
vn -0.0941 -0.8190 -0.5660
vn 0.8235 -0.5505 -0.1372
vn 0.9864 0.0005 -0.1644
vn 0.8234 -0.5506 -0.1377
vn 0.8233 0.5506 -0.1377
vn 0.8235 0.5505 -0.1369
vn -0.9862 0.0005 0.1654
vn -0.8233 0.5506 0.1377
vn -0.8233 0.5505 0.1381
vn -0.8233 -0.5505 0.1385
vn -0.8233 -0.5505 0.1380
vn -0.7091 -0.3103 0.6332
vn 0.1412 -0.5213 0.8416
vn -0.7138 -0.3074 0.6292
vn 0.1411 -0.5212 0.8417
vn -0.8765 0.3103 -0.3681
vn -0.1404 0.5212 -0.8418
vn -0.8797 0.3074 -0.3628
vn -0.1402 0.5212 -0.8418
vn -0.1401 0.5213 -0.8418
vn 0.7090 0.3103 -0.6333
vn 0.7138 0.3074 -0.6292
vn 0.8765 -0.3103 0.3681
vn 0.1412 -0.5212 0.8417
vn 0.1414 -0.5213 0.8416
vn 0.8797 -0.3074 0.3627
vn 0.7139 0.3074 -0.6291
vn 0.7091 0.3103 -0.6332
vn 0.9852 0.0034 -0.1711
vn 0.9873 -0.0034 -0.1587
vn 0.8798 -0.3074 0.3626
vn 0.8765 -0.3103 0.3680
vn -0.7140 -0.3074 0.6291
vn -0.9852 -0.0034 0.1711
vn -0.7091 -0.3102 0.6332
vn -0.9873 0.0034 0.1587
vn -0.8798 0.3074 -0.3626
vn -0.8765 0.3102 -0.3681
vn 0.1411 -0.5178 0.8438
vn -0.1407 0.5175 -0.8440
vn -0.1411 0.5178 -0.8438
vn -0.1405 0.5175 -0.8441
vn 0.1654 0.0005 0.9862
vn 0.1381 0.5505 0.8233
vn 0.1383 0.5505 0.8233
vn 0.1383 -0.5505 0.8233
vn 0.1381 -0.5505 0.8233
vn -0.7783 0.4656 -0.4212
vn -0.9784 0.1598 0.1313
vn -0.9699 0.1021 0.2212
vn -0.8459 0.4207 -0.3278
vn -0.7718 -0.1920 0.6062
vn -0.1315 0.5993 -0.7896
vn -0.5966 -0.3219 0.7351
vn 0.1407 -0.5261 0.8387
vn 0.1406 -0.5261 0.8387
vn 0.5990 0.4656 -0.6515
vn 0.6933 0.4207 -0.5851
vn 0.9679 0.1598 -0.1941
vn 0.9891 0.1021 -0.1064
vn 0.9270 -0.1920 0.3222
vn 0.8033 -0.3219 0.5011
vn 0.1408 -0.5261 0.8387
vn 0.1409 -0.5261 0.8387
vn 0.1640 0.1305 0.9778
vn -0.2574 0.1911 0.9472
vn -0.5525 0.3413 0.7604
vn -0.6631 0.5536 0.5038
vn -0.6631 0.5535 0.5039
vn -0.4251 0.9034 -0.0562
vn -0.6460 0.7354 0.2046
vn -0.0354 0.9763 -0.2134
vn -0.0350 0.9763 -0.2136
vn 0.6774 0.7354 -0.0168
vn 0.3837 0.9034 -0.1914
vn 0.7911 0.5535 0.2604
vn 0.7909 0.5536 0.2608
vn 0.5515 0.1911 0.8120
vn 0.7698 0.3413 0.5393
vn 0.1643 0.1304 0.9778
vn 0.1641 0.1305 0.9778
vn 0.0005 1.0000 0.0004
vn 0.0006 1.0000 0.0004
vt 0.625000 0.500000
vt 0.875000 0.500000
vt 0.750000 0.500000
vt 0.500000 0.500000
vt 0.000000 0.500000
vt 0.125000 0.500000
vt 0.375000 0.500000
vt 0.250000 0.500000
vt 0.375000 0.250000
vt 0.625000 0.250000
vt 0.625000 1.000000
vt 0.375000 0.750000
vt 0.625000 0.750000
vt 0.375000 1.000000
vt 0.875000 0.625000
vt 0.625000 0.625000
vt 0.875000 0.750000
vt 0.625000 0.000000
vt 0.375000 0.125000
vt 0.375000 0.000000
vt 0.625000 0.125000
vt 0.375000 0.625000
vt 0.125000 0.950000
vt 0.000000 0.950000
vt 0.500000 0.950000
vt 0.375000 0.950000
vt 0.625000 0.950000
vt 0.875000 0.950000
vt 1.000000 0.500000
vt 1.000000 0.950000
vt 0.750000 0.950000
vt 0.250000 0.950000
vt 0.125000 0.750000
vt 0.125000 0.625000
s 1
f 98/27/55 99/28/56 100/29/55
f 101/30/57 99/28/56 98/27/55
f 99/28/56 101/30/57 102/31/58
f 101/30/57 103/32/59 102/31/58
f 103/32/59 101/30/57 104/33/60
f 103/32/59 104/33/60 105/34/55
f 106/27/55 107/35/59 108/36/55
f 107/35/59 106/27/55 109/33/55
f 110/37/61 111/38/61 112/39/61
f 111/38/61 110/37/61 113/40/62
f 114/27/63 115/28/64 116/41/65
f 114/27/63 116/41/65 117/42/65
f 118/43/66 117/42/65 116/41/65
f 117/42/65 118/43/66 119/39/67
f 120/37/68 121/38/68 122/39/69
f 121/38/68 120/37/68 123/40/70
f 124/44/71 125/45/72 126/46/73
f 125/45/72 124/44/71 127/47/72
f 127/47/72 128/35/74 125/45/72
f 128/35/74 127/47/72 129/36/75
f 130/42/76 131/33/77 132/27/78
f 130/42/76 133/48/76 131/33/77
f 134/39/79 133/48/76 130/42/76
f 133/48/76 134/39/79 135/38/80
f 136/35/72 137/44/72 138/36/72
f 137/44/72 136/35/72 139/46/72
f 140/27/76 141/39/76 142/33/76
f 142/33/76 141/39/76 143/38/76
f 144/49/81 145/31/82 146/32/83
f 145/31/82 144/49/81 147/50/84
f 148/33/85 149/51/86 150/52/87
f 149/51/86 148/33/85 151/30/86
f 152/51/88 153/30/89 154/27/90
f 154/27/90 155/53/91 152/51/88
f 156/54/92 157/55/93 158/56/94
f 157/55/93 156/54/92 159/28/95
f 160/53/96 161/27/97 162/29/98
f 162/29/98 163/57/99 160/53/96
f 163/57/99 162/29/98 164/28/100
f 164/28/100 165/54/101 163/57/99
f 166/32/102 167/58/103 168/49/104
f 167/58/103 166/32/102 169/34/105
f 169/34/105 170/52/106 167/58/103
f 170/52/106 169/34/105 171/33/107
f 172/59/108 173/32/108 174/38/108
f 174/38/108 173/32/108 175/33/108
f 176/28/109 177/43/110 178/27/110
f 178/27/110 177/43/110 179/39/111
f 180/48/112 181/60/112 182/32/113
f 180/48/112 182/32/113 183/33/114
f 180/48/112 184/59/115 181/60/112
f 184/59/115 180/48/112 185/38/116
f 186/52/117 187/58/118 188/58/119
f 187/58/118 186/52/117 189/52/120
f 190/49/121 188/58/119 187/58/118
f 186/52/117 191/51/122 189/52/120
f 188/58/119 190/49/121 192/49/123
f 190/49/121 193/50/124 192/49/123
f 190/49/121 194/50/125 193/50/124
f 195/51/122 191/51/122 186/52/117
f 196/53/126 191/51/122 195/51/122
f 191/51/122 196/53/126 197/53/127
f 197/53/127 196/53/126 198/57/128
f 198/57/128 196/53/126 199/57/129
f 198/57/128 199/57/129 200/54/130
f 200/54/130 199/57/129 201/54/131
f 202/56/132 200/54/130 201/54/131
f 200/54/130 202/56/132 203/56/133
f 204/50/134 205/49/135 206/49/136
f 205/49/135 204/50/134 207/50/134
f 205/49/135 208/58/137 206/49/136
f 205/49/135 209/58/138 208/58/137
f 210/52/139 208/58/137 209/58/138
f 208/58/137 210/52/139 211/52/140
f 212/51/141 211/52/140 210/52/139
f 211/52/140 212/51/141 213/51/142
f 214/53/143 213/51/142 212/51/141
f 214/53/143 212/51/141 215/53/144
f 215/53/144 216/57/145 214/53/143
f 216/57/145 215/53/144 217/57/146
f 218/54/147 216/57/145 217/57/146
f 216/57/145 218/54/147 219/54/148
f 220/56/149 219/54/148 218/54/147
f 220/56/149 218/54/147 221/56/150
f 222/27/151 223/35/151 224/36/152
f 223/35/151 222/27/151 225/33/151
o Cube_005_Cube_069_121294691542287.001
v -2.360451 0.117183 0.558262
v -2.370106 0.076188 0.500517
v -2.379877 0.096686 0.531830
v -2.323206 0.125674 0.564329
v -2.336861 0.067698 0.482663
v -2.299610 0.076188 0.488730
v -2.289955 0.117183 0.546475
v -2.280185 0.096686 0.515161
v -2.230483 0.061518 0.558228
v -2.419022 0.037041 0.554308
v -2.413256 0.061518 0.588789
v -2.236248 0.037041 0.523748
v -2.350967 -1.140386 1.398299
v -2.069314 -1.140386 1.085153
v -2.026039 -1.140386 1.343971
v -2.394242 -1.140386 1.139481
v -2.026039 -1.075264 1.343971
v -2.350967 -1.075264 1.398299
v -2.368609 -1.107825 1.423024
v -2.001315 -1.107825 1.361612
v -2.350967 -1.140386 1.398299
v -2.026039 -1.140386 1.343971
v -2.314369 -0.929262 1.180213
v -2.137361 -0.953740 1.115173
v -2.131595 -0.929262 1.149653
v -2.320134 -0.953740 1.145733
v -2.350967 -1.140386 1.398299
v -2.418967 -1.107823 1.121841
v -2.394242 -1.140386 1.139481
v -2.368609 -1.107825 1.423024
v -2.394242 -1.075264 1.139481
v -2.350967 -1.075264 1.398299
v -2.001315 -1.107825 1.361612
v -2.069314 -1.075264 1.085153
v -2.026039 -1.075264 1.343971
v -2.051673 -1.107823 1.060428
v -2.026039 -1.140386 1.343971
v -2.069314 -1.140386 1.085153
v -2.419022 0.037041 0.554308
v -2.314369 -0.929262 1.180213
v -2.413256 0.061518 0.588789
v -2.320134 -0.953740 1.145733
v -2.230483 0.061518 0.558228
v -2.131595 -0.929262 1.149653
v -2.236248 0.037041 0.523748
v -2.137361 -0.953740 1.115173
v -2.194120 -0.971776 1.119647
v -2.336861 0.067698 0.482663
v -2.299610 0.076188 0.488730
v -2.231370 -0.980267 1.113580
v -2.289955 0.117183 0.546475
v -2.217716 -0.922291 1.195246
v -2.184464 -0.930782 1.177392
v -2.323206 0.125674 0.564329
v -2.217716 -0.922291 1.195246
v -2.323206 0.125674 0.564329
v -2.360451 0.117183 0.558262
v -2.254961 -0.930778 1.189179
v -2.264616 -0.971776 1.131434
v -2.336861 0.067698 0.482663
v -2.231370 -0.980267 1.113580
v -2.370106 0.076188 0.500517
v -2.254961 -0.930778 1.189179
v -2.360451 0.117183 0.558262
v -2.379877 0.096686 0.531830
v -2.274387 -0.951279 1.162747
v -2.370106 0.076188 0.500517
v -2.264616 -0.971776 1.131434
v -2.299610 0.076188 0.488730
v -2.174694 -0.951279 1.146078
v -2.194120 -0.971776 1.119647
v -2.280185 0.096686 0.515161
v -2.184464 -0.930782 1.177392
v -2.289955 0.117183 0.546475
v -2.320134 -0.953740 1.145733
v -2.419022 0.037041 0.554308
v -2.137361 -0.953740 1.115173
v -2.236248 0.037041 0.523748
v -2.413256 0.061518 0.588789
v -2.314369 -0.929262 1.180213
v -2.230483 0.061518 0.558228
v -2.131595 -0.929262 1.149653
v -2.051673 -1.107823 1.060428
v -2.418967 -1.107823 1.121841
v -2.394242 -1.075264 1.139481
v -2.069314 -1.075264 1.085153
v -2.394242 -1.140386 1.139481
v -2.069314 -1.140386 1.085153
v -2.170647 -0.938307 1.193923
v -2.123918 -1.090257 1.236253
v -2.157892 -0.965059 1.153051
v -2.138690 -1.090257 1.300200
v -2.158689 -1.090257 1.180591
v -2.194353 -1.090257 1.334972
v -2.183249 -0.991811 1.118554
v -2.231863 -1.002894 1.110637
v -2.222636 -1.090258 1.165819
v -2.214041 -0.927225 1.217225
v -2.262652 -0.938307 1.209307
v -2.258298 -1.090257 1.320199
v -2.293070 -1.090257 1.264536
v -2.288009 -0.965059 1.174807
v -2.278297 -1.090257 1.200590
v -2.275254 -0.991811 1.133938
v -2.231863 -1.002894 1.110637
v -2.222636 -1.090258 1.165819
v -2.231863 -1.002894 1.110637
v -2.194120 -0.971776 1.119647
v -2.183249 -0.991811 1.118554
v -2.231370 -0.980267 1.113580
v -2.157892 -0.965059 1.153051
v -2.174694 -0.951279 1.146078
v -2.184464 -0.930782 1.177392
v -2.170647 -0.938307 1.193923
v -2.217716 -0.922291 1.195246
v -2.214041 -0.927225 1.217225
v -2.262652 -0.938307 1.209307
v -2.254961 -0.930778 1.189179
v -2.288009 -0.965059 1.174807
v -2.274387 -0.951279 1.162747
v -2.264616 -0.971776 1.131434
v -2.275254 -0.991811 1.133938
v -2.231863 -1.002894 1.110637
v -2.231370 -0.980267 1.113580
v -2.026039 -1.075264 1.343971
v -2.394242 -1.075264 1.139481
v -2.350967 -1.075264 1.398299
v -2.069314 -1.075264 1.085153
vn -0.0952 0.8190 -0.5659
vn -0.0946 0.8192 -0.5657
vn -0.0950 0.8190 -0.5659
vn -0.0953 0.8189 -0.5659
vn -0.0954 0.8189 -0.5660
vn -0.0946 0.8191 -0.5657
vn -0.0952 0.8189 -0.5659
vn -0.0952 0.8190 -0.5658
vn -0.0005 -1.0000 -0.0004
vn -0.0006 -1.0000 -0.0004
vn 0.1371 0.5505 0.8235
vn 0.1377 0.5506 0.8233
vn 0.1644 0.0005 0.9864
vn 0.1368 -0.5505 0.8235
vn 0.1373 -0.5506 0.8234
vn 0.0943 -0.8191 0.5659
vn 0.0942 -0.8190 0.5660
vn 0.0941 -0.8190 0.5660
vn -0.8235 -0.5505 0.1372
vn -0.9864 0.0005 0.1644
vn -0.8233 -0.5506 0.1377
vn -0.8233 0.5506 0.1377
vn -0.8235 0.5505 0.1372
vn 0.9862 0.0005 -0.1654
vn 0.8233 0.5506 -0.1377
vn 0.8233 0.5505 -0.1381
vn 0.8233 -0.5505 -0.1383
vn 0.7091 -0.3103 -0.6332
vn -0.1412 -0.5213 -0.8416
vn 0.7138 -0.3074 -0.6292
vn -0.1411 -0.5212 -0.8417
vn 0.8765 0.3103 0.3681
vn 0.1404 0.5212 0.8418
vn 0.8797 0.3074 0.3628
vn 0.1402 0.5212 0.8418
vn 0.1401 0.5213 0.8418
vn -0.7091 0.3103 0.6332
vn -0.7138 0.3074 0.6293
vn -0.8765 -0.3103 -0.3681
vn -0.1413 -0.5212 -0.8417
vn -0.1414 -0.5213 -0.8416
vn -0.8797 -0.3074 -0.3628
vn -0.7140 0.3074 0.6291
vn -0.9852 0.0034 0.1711
vn -0.9873 -0.0034 0.1587
vn -0.8798 -0.3074 -0.3626
vn -0.8765 -0.3103 -0.3680
vn 0.7140 -0.3074 -0.6291
vn 0.9852 -0.0034 -0.1711
vn 0.7091 -0.3102 -0.6332
vn 0.9873 0.0034 -0.1587
vn 0.8798 0.3074 0.3626
vn 0.8765 0.3102 0.3681
vn -0.1411 -0.5178 -0.8438
vn 0.1411 0.5178 0.8438
vn 0.1407 0.5175 0.8440
vn -0.1654 0.0005 -0.9862
vn -0.1383 0.5505 -0.8233
vn -0.1381 0.5505 -0.8233
vn -0.1383 -0.5505 -0.8233
vn -0.1381 -0.5505 -0.8233
vn 0.7783 0.4656 0.4212
vn 0.9784 0.1598 -0.1313
vn 0.9699 0.1021 -0.2212
vn 0.8459 0.4207 0.3277
vn 0.7718 -0.1920 -0.6062
vn 0.1315 0.5993 0.7897
vn 0.5966 -0.3219 -0.7351
vn -0.1407 -0.5261 -0.8387
vn 0.1315 0.5993 0.7896
vn -0.5989 0.4656 0.6515
vn -0.6933 0.4207 0.5851
vn -0.9679 0.1598 0.1941
vn -0.9891 0.1021 0.1064
vn -0.9270 -0.1920 -0.3222
vn -0.8033 -0.3219 -0.5011
vn -0.1409 -0.5261 -0.8386
vn -0.1410 -0.5261 -0.8386
vn -0.1639 0.1305 -0.9778
vn 0.2573 0.1911 -0.9472
vn 0.5525 0.3412 -0.7605
vn 0.6631 0.5536 -0.5038
vn 0.6633 0.5535 -0.5036
vn 0.4251 0.9034 0.0562
vn 0.6459 0.7355 -0.2046
vn 0.0354 0.9763 0.2134
vn 0.0352 0.9763 0.2135
vn -0.6774 0.7354 0.0168
vn -0.3837 0.9034 0.1914
vn -0.7911 0.5535 -0.2603
vn -0.7909 0.5536 -0.2608
vn -0.5515 0.1911 -0.8120
vn -0.7698 0.3413 -0.5393
vn -0.1640 0.1304 -0.9778
vn -0.1641 0.1305 -0.9778
vn -0.0005 1.0000 -0.0004
vn -0.0006 1.0000 -0.0004
vt 0.625000 0.500000
vt 0.875000 0.500000
vt 0.750000 0.500000
vt 0.500000 0.500000
vt 0.000000 0.500000
vt 0.125000 0.500000
vt 0.375000 0.500000
vt 0.250000 0.500000
vt 0.375000 0.250000
vt 0.625000 0.250000
vt 0.625000 1.000000
vt 0.375000 0.750000
vt 0.625000 0.750000
vt 0.375000 1.000000
vt 0.875000 0.625000
vt 0.625000 0.625000
vt 0.875000 0.750000
vt 0.625000 0.000000
vt 0.375000 0.125000
vt 0.375000 0.000000
vt 0.625000 0.125000
vt 0.375000 0.625000
vt 0.125000 0.950000
vt 0.000000 0.950000
vt 0.500000 0.950000
vt 0.375000 0.950000
vt 0.625000 0.950000
vt 0.875000 0.950000
vt 1.000000 0.500000
vt 1.000000 0.950000
vt 0.750000 0.950000
vt 0.250000 0.950000
vt 0.125000 0.750000
vt 0.125000 0.625000
s 1
f 226/61/153 227/62/154 228/63/155
f 229/64/155 227/62/154 226/61/153
f 227/62/154 229/64/155 230/65/156
f 229/64/155 231/66/154 230/65/156
f 231/66/154 229/64/155 232/67/157
f 231/66/154 232/67/157 233/68/158
f 234/61/159 235/69/155 236/70/160
f 235/69/155 234/61/159 237/67/154
f 238/71/161 239/72/161 240/73/162
f 239/72/161 238/71/161 241/74/161
f 242/61/163 243/62/164 244/75/165
f 242/61/163 244/75/165 245/76/165
f 246/77/166 245/76/165 244/75/165
f 245/76/165 246/77/166 247/73/167
f 248/71/168 249/72/169 250/73/169
f 249/72/169 248/71/168 251/74/170
f 252/78/171 253/79/172 254/80/173
f 253/79/172 252/78/171 255/81/172
f 255/81/172 256/69/174 253/79/172
f 256/69/174 255/81/172 257/70/175
f 258/76/176 259/67/177 260/61/178
f 258/76/176 261/82/176 259/67/177
f 262/73/179 261/82/176 258/76/176
f 261/82/176 262/73/179 263/72/179
f 264/69/172 265/78/172 266/70/172
f 265/78/172 264/69/172 267/80/172
f 268/61/176 269/73/176 270/67/176
f 270/67/176 269/73/176 271/72/176
f 272/83/180 273/65/181 274/66/182
f 273/65/181 272/83/180 275/84/183
f 276/67/184 277/85/185 278/86/186
f 277/85/185 276/67/184 279/64/185
f 280/85/187 281/64/188 282/61/189
f 282/61/189 283/87/190 280/85/187
f 284/88/191 285/89/192 286/90/193
f 285/89/192 284/88/191 287/62/194
f 288/87/195 289/61/189 290/63/196
f 290/63/196 291/91/197 288/87/195
f 291/91/197 290/63/196 292/62/198
f 292/62/198 293/88/199 291/91/197
f 294/66/200 295/92/201 296/83/202
f 295/92/201 294/66/200 297/68/203
f 297/68/203 298/86/204 295/92/201
f 298/86/204 297/68/203 299/67/205
f 300/93/206 301/66/206 302/72/206
f 302/72/206 301/66/206 303/67/206
f 304/62/207 305/77/208 306/61/208
f 306/61/208 305/77/208 307/73/207
f 308/82/209 309/94/209 310/66/210
f 308/82/209 310/66/210 311/67/211
f 308/82/209 312/93/212 309/94/209
f 312/93/212 308/82/209 313/72/213
f 314/86/214 315/92/215 316/92/216
f 315/92/215 314/86/214 317/86/217
f 318/83/218 316/92/216 315/92/215
f 314/86/214 319/85/219 317/86/217
f 316/92/216 318/83/218 320/83/220
f 318/83/218 321/84/221 320/83/220
f 318/83/218 322/84/221 321/84/221
f 323/85/222 319/85/219 314/86/214
f 324/87/223 319/85/219 323/85/222
f 319/85/219 324/87/223 325/87/224
f 325/87/224 324/87/223 326/91/225
f 326/91/225 324/87/223 327/91/226
f 326/91/225 327/91/226 328/88/227
f 328/88/227 327/91/226 329/88/228
f 330/90/229 328/88/227 329/88/228
f 328/88/227 330/90/229 331/90/230
f 332/84/231 333/83/232 334/83/233
f 333/83/232 332/84/231 335/84/231
f 333/83/232 336/92/234 334/83/233
f 333/83/232 337/92/235 336/92/234
f 338/86/236 336/92/234 337/92/235
f 336/92/234 338/86/236 339/86/237
f 340/85/238 339/86/237 338/86/236
f 339/86/237 340/85/238 341/85/239
f 342/87/240 341/85/239 340/85/238
f 342/87/240 340/85/238 343/87/241
f 343/87/241 344/91/242 342/87/240
f 344/91/242 343/87/241 345/91/243
f 346/88/244 344/91/242 345/91/243
f 344/91/242 346/88/244 347/88/245
f 348/90/246 347/88/245 346/88/244
f 348/90/246 346/88/244 349/90/247
f 350/61/248 351/69/248 352/70/248
f 351/69/248 350/61/248 353/67/249
o Cube_006_Cube_070_85918211090205
v -4.808699 0.286678 0.969691
v -4.589014 0.462486 1.162136
v -4.808699 0.462486 0.969691
v -4.589014 0.286678 1.162136
v -4.663568 0.462486 0.716248
v -4.663568 0.286678 0.716248
v -4.943372 0.498903 0.763032
v -4.943372 0.250261 0.763032
v -5.092924 0.250261 1.017214
v -5.092924 0.498903 1.017214
v -5.092924 0.498903 1.017214
v -5.092924 0.250261 1.017214
v -4.868818 0.250261 1.208919
v -4.868818 0.498903 1.208919
v 2.975283 0.150383 -0.331806
v 2.962147 -0.006142 -0.169790
v 2.936152 -0.006142 -0.325264
v 3.008162 0.150383 -0.135161
v 2.910156 -0.006142 -0.480737
v 2.975283 0.150383 -0.331806
v 2.942403 0.150383 -0.528451
v 2.942403 0.150383 -0.528451
v 3.056260 0.379100 -0.345346
v 2.975283 0.150383 -0.331806
v 3.022610 0.379100 -0.546596
v 3.056260 0.379100 -0.345346
v 3.008162 0.150383 -0.135161
v 3.089909 0.379100 -0.144096
v 3.006929 0.520469 -0.487227
v 3.056260 0.379100 -0.345346
v 3.022610 0.379100 -0.546596
v 3.031348 0.520469 -0.341181
v 3.055768 0.520469 -0.195134
v 3.056260 0.379100 -0.345346
v 3.089909 0.379100 -0.144096
v 2.936152 -0.006142 -0.325264
v 2.964019 -0.162668 -0.191736
v 2.941542 -0.162668 -0.326165
v 2.962147 -0.006142 -0.169790
v 2.919065 -0.162668 -0.460593
v 2.936152 -0.006142 -0.325264
v 2.910156 -0.006142 -0.480737
v 2.941542 -0.162668 -0.326165
v 2.998533 -0.271414 -0.200820
v 2.976595 -0.271414 -0.332026
v 2.964019 -0.162668 -0.191736
v 2.954657 -0.271414 -0.463231
v 2.941542 -0.162668 -0.326165
v 2.919065 -0.162668 -0.460593
v -2.852439 0.519040 0.542361
v -2.820031 0.519040 0.736186
v -2.828557 0.593243 0.685191
v -2.818616 0.568701 0.744650
v -2.843913 0.593243 0.593356
v -2.853854 0.568701 0.533896
v 2.918088 -0.402209 -0.456345
v 2.976595 -0.271414 -0.332026
v 2.939901 -0.402209 -0.325890
v 2.954657 -0.271414 -0.463231
v 2.961713 -0.402209 -0.195435
v 2.998533 -0.271414 -0.200820
v 2.799512 -0.434066 -0.435749
v 2.918088 -0.402209 -0.456345
v 2.821199 -0.434066 -0.306043
v 2.693964 -0.441194 -0.418101
v 2.715652 -0.441194 -0.288395
v 2.842886 -0.434066 -0.176337
v 2.961713 -0.402209 -0.195435
v 2.737339 -0.441194 -0.158690
v -2.647664 0.170211 0.522806
v -2.633748 0.042024 0.606035
v -2.633748 0.200339 0.606035
v -2.655493 0.085977 0.475984
v -2.647686 0.237188 0.522675
v -2.619832 0.170211 0.689264
v -2.619810 0.237188 0.689394
v -2.612004 0.085977 0.736085
v -2.105788 0.170211 0.432203
v -2.091872 0.042024 0.515432
v -2.091872 0.200339 0.515432
v -2.113616 0.085977 0.385381
v -2.105809 0.237188 0.432072
v -2.077955 0.170211 0.598661
v -2.077934 0.237188 0.598791
v -2.070127 0.085977 0.645483
v 1.553397 1.146283 -0.023056
v 1.553397 1.238431 -0.023056
v 1.557497 1.238431 0.001467
v 1.557497 1.146283 0.001467
v 1.526197 1.146283 -0.185736
v 1.526197 1.238431 -0.185736
v 1.530297 1.238431 -0.161210
v 1.530297 1.146283 -0.161210
v 2.936481 0.579136 -0.325319
v 3.055768 0.520469 -0.195134
v 3.031348 0.520469 -0.341181
v 3.006929 0.520469 -0.487227
v -1.425543 1.238431 0.307802
v -1.425543 1.146283 0.307802
v -1.421442 1.146283 0.332326
v -1.421442 1.238431 0.332326
v -1.398343 1.238431 0.470481
v -1.398343 1.146283 0.470481
v -1.394242 1.146283 0.495006
v -1.394242 1.238431 0.495006
v 0.972444 0.519040 0.102076
v 0.963918 0.593243 0.051082
v 0.973860 0.568701 0.110541
v 0.940037 0.519040 -0.091748
v 0.948563 0.593243 -0.040753
v 0.938621 0.568701 -0.100214
v 0.662571 1.040836 -0.104425
v 0.714396 0.879218 0.205528
v 0.662571 0.879218 -0.104425
v 0.714396 1.040836 0.205528
v 0.696257 1.130623 0.097044
v 0.662571 1.040836 -0.104425
v 0.680709 1.130623 0.004058
v 0.714396 1.040836 0.205528
v 0.662571 0.861260 -0.104425
v 0.714396 0.861260 0.205528
v 0.662571 0.793920 -0.104425
v 0.714396 0.793920 0.205528
v 0.671208 0.741543 -0.052766
v 0.705758 0.741543 0.153868
v 0.662571 0.793920 -0.104425
v 0.705758 0.741543 0.153868
v 0.671208 0.689168 -0.052766
v 0.705758 0.689168 0.153868
v 0.662571 0.636792 -0.104425
v 0.714396 0.636792 0.205528
v 0.671208 0.689168 -0.052766
v 0.662571 0.636792 -0.104425
v 0.714396 0.636792 0.205528
v 0.666923 0.506491 -0.078399
v 0.710044 0.506491 0.179501
v -2.113616 0.085977 0.385381
v -1.983565 0.085977 0.363636
v -1.961821 0.042024 0.493687
v -2.091872 0.042024 0.515432
v -1.940076 0.085977 0.623738
v -2.070127 0.085977 0.645483
v -2.655493 0.085977 0.475984
v -2.525442 0.085977 0.454239
v -2.503697 0.042024 0.584290
v -2.633748 0.042024 0.606035
v -2.481953 0.085977 0.714341
v -2.612004 0.085977 0.736085
v 0.523914 1.044752 0.232513
v 0.473671 1.044752 -0.067978
v 0.485447 1.103114 0.002452
v 0.512138 1.103114 0.162084
v 0.714396 0.861260 0.205528
v 0.662571 0.861260 -0.104425
v 0.652517 0.870239 -0.086814
v 0.699159 0.870239 0.192144
v 0.314645 1.124008 0.265661
v 0.331420 0.973495 -0.042351
v 0.265001 1.124008 -0.031245
v 0.381063 0.973495 0.254556
v 0.331420 0.873647 -0.042351
v 0.381063 0.873647 0.254556
v -4.637272 0.250261 0.941028
v -4.613078 0.250261 0.707806
v -4.543598 0.250261 0.781818
v -4.943372 0.250261 0.763032
v -5.092924 0.250261 1.017214
v -4.868818 0.250261 1.208919
v -4.538524 0.250261 1.153694
v -4.496900 0.250261 1.061105
v 0.066500 1.288598 0.069112
v 0.232728 1.288598 0.041318
v 0.143856 1.288598 0.020786
v 0.281051 1.288598 0.118675
v 0.045970 1.288598 0.157981
v 0.094293 1.288598 0.235337
v 0.260521 1.288598 0.207543
v 0.183162 1.288598 0.255868
v 0.662571 0.879218 -0.104425
v 0.699159 0.870239 0.192144
v 0.652517 0.870239 -0.086814
v 0.714396 0.879218 0.205528
v 0.238133 1.189831 0.191571
v 0.178627 1.189831 0.228743
v 0.181986 1.177795 0.248834
v 0.254717 1.177795 0.203402
v 0.253926 1.189831 0.123210
v 0.274018 1.177795 0.119850
v 0.216754 1.189831 0.063705
v 0.228587 1.177794 0.047120
v 0.145032 1.177794 0.027818
v 0.148391 1.189831 0.047912
v 0.072305 1.177795 0.073251
v 0.088886 1.189831 0.085084
v 0.053002 1.177795 0.156805
v 0.073095 1.189831 0.153445
v 0.110266 1.189831 0.212951
v 0.098435 1.177795 0.229533
v 0.178627 1.189831 0.228743
v 0.181986 1.177795 0.248834
v 0.051679 1.052722 -0.050108
v 0.148337 1.085536 0.047587
v 0.129818 1.085536 -0.063173
v 0.070198 1.052722 0.060652
v 0.019311 0.973495 -0.044696
v 0.037830 0.973495 0.066064
v 0.051679 0.894270 -0.050108
v 0.070198 0.894270 0.060652
v 0.129818 0.861453 -0.063173
v 0.148337 0.861453 0.047587
v 0.207961 0.894270 -0.076239
v 0.226480 0.894270 0.034521
v 0.240327 0.973495 -0.081651
v 0.258846 0.973495 0.029110
v 0.207961 1.052722 -0.076239
v 0.226480 1.052722 0.034521
v 0.129818 1.085536 -0.063173
v 0.148337 1.085536 0.047587
v 0.253926 1.227990 0.123210
v 0.238133 1.189831 0.191571
v 0.253926 1.189831 0.123210
v 0.238133 1.227990 0.191571
v 0.178627 1.189831 0.228743
v 0.178627 1.227990 0.228743
v 0.216754 1.227990 0.063705
v 0.216754 1.189831 0.063705
v 0.148391 1.227990 0.047912
v 0.148391 1.189831 0.047912
v 0.088886 1.227990 0.085084
v 0.088886 1.189831 0.085084
v 0.073095 1.227990 0.153445
v 0.073095 1.189831 0.153445
v 0.110266 1.227990 0.212951
v 0.110266 1.189831 0.212951
v 0.178627 1.227990 0.228743
v 0.178627 1.189831 0.228743
v -0.369236 1.130623 0.179611
v -0.100766 1.130623 0.230308
v -0.116314 1.130623 0.137322
v -0.353690 1.130623 0.272597
v 0.427788 1.130623 0.046347
v 0.696257 1.130623 0.097044
v 0.680709 1.130623 0.004058
v 0.443336 1.130623 0.139333
v 0.265001 1.124008 -0.031245
v 0.018067 1.124008 0.010043
v 0.067710 1.124008 0.306949
v 0.314645 1.124008 0.265661
v 0.298589 0.889228 0.435219
v 0.097935 0.973495 0.468769
v 0.132361 0.889228 0.463013
v 0.215473 0.854322 0.449116
v 0.333015 0.973495 0.429463
v 0.298589 1.057762 0.435219
v 0.132361 1.057762 0.463013
v 0.215473 1.092667 0.449116
v 0.194660 1.057762 -0.186357
v -0.005994 0.973495 -0.152808
v 0.028432 1.057762 -0.158564
v 0.111545 1.092667 -0.172460
v 0.229086 0.973495 -0.192114
v 0.194660 0.889228 -0.186357
v 0.028432 0.889228 -0.158564
v 0.111545 0.854322 -0.172460
v -0.383023 0.506491 0.097154
v -0.130101 0.506491 0.054865
v -0.086979 0.506491 0.312765
v -0.339902 0.506491 0.355054
v 0.666923 0.506491 -0.078399
v 0.457123 0.506491 0.221790
v 0.414001 0.506491 -0.036110
v 0.710044 0.506491 0.179501
v 2.693964 -0.441194 -0.418101
v 2.910156 -0.006142 -0.480737
v 2.919065 -0.162668 -0.460593
v 2.799512 -0.434066 -0.435749
v 2.954657 -0.271414 -0.463231
v 2.682002 0.379100 -0.489645
v 2.942403 0.150383 -0.528451
v 3.022610 0.379100 -0.546596
v 2.737339 -0.441194 -0.158690
v 2.964019 -0.162668 -0.191736
v 2.962147 -0.006142 -0.169790
v 2.842886 -0.434066 -0.176337
v 2.998533 -0.271414 -0.200820
v 2.749301 0.379100 -0.087145
v 3.008162 0.150383 -0.135161
v 3.089909 0.379100 -0.144096
v -0.185117 1.103114 0.114572
v -0.369236 1.130623 0.179611
v -0.116314 1.130623 0.137322
v -0.311579 1.103114 0.135716
v -0.158426 1.103114 0.274203
v -0.353690 1.130623 0.272597
v -0.284888 1.103114 0.295348
v -0.100766 1.130623 0.230308
v -0.387375 1.040836 0.071128
v -0.196893 1.044752 0.044141
v -0.134452 1.040836 0.028838
v -0.323355 1.044752 0.065286
v -0.146650 1.044752 0.344632
v -0.335550 1.040836 0.381081
v -0.082628 1.040836 0.338791
v -0.273112 1.044752 0.365777
v 0.427788 1.130623 0.046347
v 0.680709 1.130623 0.004058
v 0.611908 1.103114 -0.018692
v 0.485447 1.103114 0.002452
v 0.409650 1.040836 -0.062137
v 0.485447 1.103114 0.002452
v 0.473671 1.044752 -0.067978
v 0.662571 1.040836 -0.104425
v 0.600132 1.044752 -0.089123
v 0.680709 1.130623 0.004058
v 0.409650 1.040836 -0.062137
v 0.600132 1.044752 -0.089123
v 0.512138 1.103114 0.162084
v 0.696257 1.130623 0.097044
v 0.443336 1.130623 0.139333
v 0.638598 1.103114 0.140939
v 0.638598 1.103114 0.140939
v 0.714396 1.040836 0.205528
v 0.650374 1.044752 0.211368
v 0.461474 1.040836 0.247817
v 0.443336 1.130623 0.139333
v 0.523914 1.044752 0.232513
v 0.714396 1.040836 0.205528
v 0.523914 1.044752 0.232513
v -0.284888 1.103114 0.295348
v -0.353690 1.130623 0.272597
v -0.335550 1.040836 0.381081
v -0.273112 1.044752 0.365777
v -0.323355 1.044752 0.065286
v -0.273112 1.044752 0.365777
v -0.196893 1.044752 0.044141
v -0.146650 1.044752 0.344632
v 0.473671 1.044752 -0.067978
v 0.650374 1.044752 0.211368
v 0.600132 1.044752 -0.089123
v 0.523914 1.044752 0.232513
v -4.663568 0.286678 0.716248
v -4.663568 0.462486 0.716248
v -4.613078 0.498903 0.707806
v -4.880317 0.462486 0.752489
v -4.613078 0.250261 0.707806
v -4.943372 0.498903 0.763032
v -4.880317 0.286678 0.752489
v -4.943372 0.250261 0.763032
v -4.538524 0.250261 1.153694
v -4.805764 0.286678 1.198377
v -4.868818 0.250261 1.208919
v -4.868818 0.498903 1.208919
v -4.589014 0.286678 1.162136
v -4.805764 0.462486 1.198377
v -4.538524 0.498903 1.153694
v -4.589014 0.462486 1.162136
v 0.263120 0.908673 0.341012
v 0.197201 0.861453 0.339830
v 0.275344 0.894269 0.326765
v 0.199186 0.881823 0.351702
v 0.307710 0.973495 0.321351
v 0.289603 0.973495 0.336585
v 0.275343 1.052720 0.326763
v 0.263120 1.038316 0.341012
v 0.197200 1.085536 0.339829
v 0.199186 1.065166 0.351702
v 0.119061 1.052722 0.352894
v 0.135252 1.038316 0.362392
v 0.086694 0.973495 0.358306
v 0.108771 0.973495 0.366820
v 0.135252 0.908673 0.362392
v 0.119062 0.894269 0.352895
v 0.199186 0.881823 0.351702
v 0.197201 0.861453 0.339830
v 0.191767 1.038316 -0.085737
v 0.129818 1.085536 -0.063173
v 0.207961 1.052722 -0.076239
v 0.127832 1.065166 -0.075047
v 0.240327 0.973495 -0.081651
v 0.218249 0.973495 -0.090165
v 0.207961 0.894270 -0.076239
v 0.191767 0.908673 -0.085737
v 0.129818 0.861453 -0.063173
v 0.127832 0.881823 -0.075047
v 0.051679 0.894270 -0.050108
v 0.063899 0.908673 -0.064357
v 0.019311 0.973495 -0.044696
v 0.037418 0.973495 -0.059929
v 0.063899 1.038316 -0.064357
v 0.051679 1.052722 -0.050108
v 0.127832 1.065166 -0.075047
v 0.129818 1.085536 -0.063173
v -0.130101 0.506491 0.054865
v -0.387375 0.636792 0.071128
v -0.134452 0.636792 0.028838
v -0.383023 0.506491 0.097154
v -0.339902 0.506491 0.355054
v -0.086979 0.506491 0.312765
v -0.082628 0.636792 0.338791
v -0.335550 0.636792 0.381081
v 0.666923 0.506491 -0.078399
v 0.414001 0.506491 -0.036110
v 0.662571 0.636792 -0.104425
v 0.409650 0.636792 -0.062137
v 0.710044 0.506491 0.179501
v 0.461474 0.636792 0.247817
v 0.457123 0.506491 0.221790
v 0.714396 0.636792 0.205528
v -0.387375 0.879218 0.071128
v -0.335550 0.879218 0.381081
v -0.387375 1.040836 0.071128
v -0.335550 1.040836 0.381081
v -0.353690 1.130623 0.272597
v -0.369236 1.130623 0.179611
v -0.335550 1.040836 0.381081
v -0.134452 1.040836 0.028838
v -0.387375 0.879218 0.071128
v -0.387375 1.040836 0.071128
v -0.134452 0.879218 0.028838
v -0.311579 1.103114 0.135716
v -0.369236 1.130623 0.179611
v -0.323355 1.044752 0.065286
v -0.116314 1.130623 0.137322
v -0.185117 1.103114 0.114572
v -0.196893 1.044752 0.044141
v -0.387375 0.793920 0.071128
v -0.335550 0.861260 0.381081
v -0.387375 0.861260 0.071128
v -0.335550 0.793920 0.381081
v -0.378737 0.741543 0.122787
v -0.344188 0.741543 0.329421
v -0.387375 0.793920 0.071128
v -0.378737 0.689168 0.122787
v -0.344188 0.741543 0.329421
v -0.344188 0.689168 0.329421
v -0.387375 0.636792 0.071128
v -0.378737 0.689168 0.122787
v -0.335550 0.636792 0.381081
v -0.383023 0.506491 0.097154
v -0.335550 0.636792 0.381081
v -0.387375 0.636792 0.071128
v -0.339902 0.506491 0.355054
v -0.335550 0.879218 0.381081
v -0.082628 0.879218 0.338791
v -0.335550 1.040836 0.381081
v -0.082628 1.040836 0.338791
v -0.158426 1.103114 0.274203
v -0.146650 1.044752 0.344632
v -0.100766 1.130623 0.230308
v -0.134452 0.793920 0.028838
v -0.387375 0.861260 0.071128
v -0.134452 0.861260 0.028838
v -0.387375 0.793920 0.071128
v -0.335550 0.793920 0.381081
v -0.082628 0.793920 0.338791
v -0.082628 0.861260 0.338791
v -0.335550 0.861260 0.381081
v -0.387375 0.861260 0.071128
v -0.335550 0.861260 0.381081
v -0.372138 0.870239 0.084510
v -0.325496 0.870239 0.363468
v 0.714396 0.879218 0.205528
v 0.714396 1.040836 0.205528
v 0.461474 0.879218 0.247817
v 0.461474 1.040836 0.247817
v 0.409650 1.040836 -0.062137
v 0.662571 1.040836 -0.104425
v 0.662571 0.879218 -0.104425
v 0.409650 0.879218 -0.062137
v 0.662571 0.793920 -0.104425
v 0.409650 0.793920 -0.062137
v 0.662571 0.861260 -0.104425
v 0.409650 0.861260 -0.062137
v 0.714396 0.793920 0.205528
v 0.461474 0.861260 0.247817
v 0.461474 0.793920 0.247817
v 0.714396 0.861260 0.205528
v 0.331420 0.973495 -0.042351
v 0.018067 0.822981 0.010043
v -0.031902 0.973495 0.018398
v -0.031902 0.873647 0.018398
v 0.281449 0.822981 -0.033995
v 0.331420 0.873647 -0.042351
v 0.067710 0.822981 0.306949
v 0.381063 0.973495 0.254556
v 0.017741 0.973495 0.315304
v 0.017741 0.873647 0.315304
v 0.331093 0.822981 0.262911
v 0.381063 0.873647 0.254556
v 0.018067 1.124008 0.010043
v -0.031902 0.973495 0.018398
v -0.031902 1.073342 0.018398
v 0.265001 1.124008 -0.031245
v 0.331420 0.973495 -0.042351
v 0.314645 1.124008 0.265661
v 0.017741 0.973495 0.315304
v 0.381063 0.973495 0.254556
v 0.067710 1.124008 0.306949
v 0.017741 1.073342 0.315304
v 0.972444 0.519040 0.102076
v -2.818616 0.568701 0.744650
v -2.820031 0.519040 0.736186
v 0.973860 0.568701 0.110541
v 0.940037 0.519040 -0.091748
v -2.852439 0.519040 0.542361
v 0.938621 0.568701 -0.100214
v -2.853854 0.568701 0.533896
v -0.082628 0.861260 0.338791
v -0.325496 0.870239 0.363468
v -0.335550 0.861260 0.381081
v -0.097865 0.870239 0.325408
v -0.372138 0.870239 0.084510
v -0.134452 0.861260 0.028838
v -0.387375 0.861260 0.071128
v -0.144508 0.870239 0.046450
v 0.461474 0.861260 0.247817
v 0.714396 0.861260 0.205528
v 0.699159 0.870239 0.192144
v 0.471528 0.870239 0.230204
v 0.662571 0.861260 -0.104425
v 0.409650 0.861260 -0.062137
v 0.424886 0.870239 -0.048754
v 0.652517 0.870239 -0.086814
v -0.134452 0.636792 0.028838
v -0.387375 0.636792 0.071128
v -0.378737 0.689168 0.122787
v -0.125815 0.689168 0.080498
v -0.378737 0.741543 0.122787
v -0.125815 0.741543 0.080498
v -0.387375 0.793920 0.071128
v -0.134452 0.793920 0.028838
v -0.091265 0.689168 0.287132
v -0.344188 0.689168 0.329421
v -0.335550 0.636792 0.381081
v -0.082628 0.636792 0.338791
v -0.091265 0.741543 0.287132
v -0.344188 0.741543 0.329421
v -0.082628 0.793920 0.338791
v -0.335550 0.793920 0.381081
v 0.409650 0.636792 -0.062137
v 0.671208 0.689168 -0.052766
v 0.662571 0.636792 -0.104425
v 0.418287 0.689168 -0.010477
v 0.671208 0.741543 -0.052766
v 0.418287 0.741543 -0.010477
v 0.662571 0.793920 -0.104425
v 0.409650 0.793920 -0.062137
v 0.461474 0.636792 0.247817
v 0.714396 0.636792 0.205528
v 0.452837 0.689168 0.196157
v 0.705758 0.689168 0.153868
v 0.452837 0.741543 0.196157
v 0.705758 0.741543 0.153868
v 0.461474 0.793920 0.247817
v 0.714396 0.793920 0.205528
v 2.799512 -0.434066 -0.435749
v 2.954657 -0.271414 -0.463231
v 2.918088 -0.402209 -0.456345
v 2.998533 -0.271414 -0.200820
v 2.842886 -0.434066 -0.176337
v 2.961713 -0.402209 -0.195435
v 1.444449 1.231697 -0.172067
v 1.526197 1.146283 -0.185736
v 1.444449 1.146283 -0.172067
v 1.526197 1.238431 -0.185736
v 1.509091 1.249026 -0.182876
v 1.475750 1.146283 0.015135
v 1.557497 1.146283 0.001467
v 1.475750 1.231697 0.015135
v 1.557497 1.238431 0.001467
v 1.540391 1.249026 0.004327
v -0.097865 0.870239 0.325408
v -0.134452 0.861260 0.028838
v -0.144508 0.870239 0.046450
v -0.082628 0.861260 0.338791
v -1.394242 1.238431 0.495006
v -1.312494 1.231697 0.481338
v -1.377137 1.249026 0.492146
v -1.394242 1.146283 0.495006
v -1.312494 1.146283 0.481338
v -1.425543 1.238431 0.307802
v -1.343795 1.231697 0.294134
v -1.425543 1.146283 0.307802
v -1.343795 1.146283 0.294134
v -1.408438 1.249026 0.304942
v -0.082628 1.040836 0.338791
v -0.134452 0.879218 0.028838
v -0.134452 1.040836 0.028838
v -0.082628 0.879218 0.338791
v -0.116314 1.130623 0.137322
v -0.100766 1.130623 0.230308
v -0.134452 1.040836 0.028838
v -0.082628 0.793920 0.338791
v -0.134452 0.793920 0.028838
v -0.134452 0.861260 0.028838
v -0.082628 0.861260 0.338791
v -0.091265 0.741543 0.287132
v -0.125815 0.741543 0.080498
v -0.082628 0.793920 0.338791
v -0.125815 0.741543 0.080498
v -0.091265 0.689168 0.287132
v -0.125815 0.689168 0.080498
v -0.082628 0.636792 0.338791
v -0.134452 0.636792 0.028838
v -0.091265 0.689168 0.287132
v -0.086979 0.506491 0.312765
v -0.130101 0.506491 0.054865
v -0.134452 0.636792 0.028838
v -0.082628 0.636792 0.338791
v -0.031902 1.073342 0.018398
v 0.067710 1.124008 0.306949
v 0.018067 1.124008 0.010043
v 0.017741 1.073342 0.315304
v -0.335550 0.879218 0.381081
v -0.387375 0.879218 0.071128
v -0.325496 0.870239 0.363468
v -0.372138 0.870239 0.084510
v 0.331420 0.873647 -0.042351
v 0.331093 0.822981 0.262911
v 0.281449 0.822981 -0.033995
v 0.381063 0.873647 0.254556
v 0.018067 0.822981 0.010043
v 0.067710 0.822981 0.306949
v 0.281449 0.822981 -0.033995
v 2.749301 0.379100 -0.087145
v 3.089909 0.379100 -0.144096
v 3.055768 0.520469 -0.195134
v 2.740071 0.520469 -0.142349
v 3.006929 0.520469 -0.487227
v 2.682002 0.379100 -0.489645
v 2.691232 0.520469 -0.434442
v 3.022610 0.379100 -0.546596
v -0.387375 0.879218 0.071128
v -0.134452 0.879218 0.028838
v -0.372138 0.870239 0.084510
v -0.144508 0.870239 0.046450
v -0.082628 0.879218 0.338791
v -0.325496 0.870239 0.363468
v -0.097865 0.870239 0.325408
v -0.335550 0.879218 0.381081
v 0.409650 0.879218 -0.062137
v 0.662571 0.879218 -0.104425
v 0.652517 0.870239 -0.086814
v 0.424886 0.870239 -0.048754
v 0.714396 0.879218 0.205528
v 0.471528 0.870239 0.230204
v 0.699159 0.870239 0.192144
v 0.461474 0.879218 0.247817
v 0.211956 0.973495 -0.127802
v 0.185474 1.038316 -0.123374
v 0.191767 1.038316 -0.085737
v 0.127832 1.065166 -0.075047
v 0.121539 1.065166 -0.112684
v 0.218249 0.973495 -0.090165
v 0.185474 0.908673 -0.123374
v 0.191767 0.908673 -0.085737
v 0.121539 0.881823 -0.112684
v 0.127832 0.881823 -0.075047
v 0.057606 0.908673 -0.101994
v 0.063899 0.908673 -0.064357
v 0.031125 0.973495 -0.097567
v 0.037418 0.973495 -0.059929
v 0.057606 1.038316 -0.101994
v 0.063899 1.038316 -0.064357
v 0.121539 1.065166 -0.112684
v 0.127832 1.065166 -0.075047
v -0.196893 1.044752 0.044141
v -0.146650 1.044752 0.344632
v -0.185117 1.103114 0.114572
v -0.158426 1.103114 0.274203
v -0.134452 0.879218 0.028838
v -0.082628 0.879218 0.338791
v -0.144508 0.870239 0.046450
v -0.097865 0.870239 0.325408
v 1.448550 1.146283 -0.147542
v 1.530297 1.146283 -0.161210
v 1.448550 1.231697 -0.147542
v 1.530297 1.238431 -0.161210
v 1.513191 1.249026 -0.158350
v 1.553397 1.238431 -0.023056
v 1.471649 1.231697 -0.009387
v 1.536291 1.249026 -0.020196
v 1.471649 1.231697 -0.009387
v 1.553397 1.238431 -0.023056
v 1.553397 1.146283 -0.023056
v 1.471649 1.146283 -0.009387
v -1.398343 1.238431 0.470481
v -1.316595 1.231697 0.456812
v -1.398343 1.146283 0.470481
v -1.316595 1.146283 0.456812
v -1.381238 1.249026 0.467621
v -1.339695 1.231697 0.318658
v -1.421442 1.146283 0.332326
v -1.339695 1.146283 0.318658
v -1.421442 1.238431 0.332326
v -1.421442 1.238431 0.332326
v -1.339695 1.231697 0.318658
v -1.404338 1.249026 0.329466
v -1.947883 0.237188 0.577047
v -2.077934 0.237188 0.598791
v -1.947905 0.170211 0.576916
v -2.077955 0.170211 0.598661
v -1.940076 0.085977 0.623738
v -2.070127 0.085977 0.645483
v -1.975759 0.237188 0.410327
v -2.105788 0.170211 0.432203
v -2.105809 0.237188 0.432072
v -1.975737 0.170211 0.410458
v -2.113616 0.085977 0.385381
v -1.983565 0.085977 0.363636
v -2.489759 0.237188 0.667650
v -2.619810 0.237188 0.689394
v -2.489781 0.170211 0.667519
v -2.619832 0.170211 0.689264
v -2.481953 0.085977 0.714341
v -2.612004 0.085977 0.736085
v -2.517635 0.237188 0.500930
v -2.647664 0.170211 0.522806
v -2.647686 0.237188 0.522675
v -2.517613 0.170211 0.501061
v -2.655493 0.085977 0.475984
v -2.525442 0.085977 0.454239
v -0.273112 1.044752 0.365777
v -0.323355 1.044752 0.065286
v -0.284888 1.103114 0.295348
v -0.311579 1.103114 0.135716
v 0.098435 1.065496 0.229534
v 0.181986 1.065496 0.248837
v 0.098435 1.177795 0.229533
v 0.181986 1.177795 0.248834
v 0.053002 1.065496 0.156805
v 0.053002 1.177795 0.156805
v 0.072305 1.065496 0.073252
v 0.072305 1.177795 0.073251
v 0.145032 1.177794 0.027818
v 0.145032 1.065496 0.027820
v 0.228587 1.177794 0.047120
v 0.228587 1.065496 0.047122
v 0.274018 1.065496 0.119850
v 0.274018 1.177795 0.119850
v 0.254717 1.177795 0.203402
v 0.254717 1.065496 0.203404
v 0.181986 1.177795 0.248834
v 0.181986 1.065496 0.248837
v 0.100542 0.894269 0.242133
v 0.178681 0.861452 0.229068
v 0.119062 0.894269 0.352895
v 0.197201 0.861453 0.339830
v 0.086694 0.973495 0.358306
v 0.068174 0.973495 0.247545
v 0.100542 1.052720 0.242133
v 0.119061 1.052722 0.352894
v 0.197200 1.085536 0.339829
v 0.178681 1.085536 0.229068
v 0.275343 1.052720 0.326763
v 0.256824 1.052720 0.216003
v 0.307710 0.973495 0.321351
v 0.289190 0.973495 0.210591
v 0.256824 0.894269 0.216003
v 0.275344 0.894269 0.326765
v 0.197201 0.861453 0.339830
v 0.178681 0.861452 0.229068
v 0.017741 0.873647 0.315304
v -0.031902 0.873647 0.018398
v 0.018067 0.822981 0.010043
v 0.067710 0.822981 0.306949
v -0.031902 0.873647 0.018398
v 0.017741 0.873647 0.315304
v -0.031902 0.973495 0.018398
v 0.017741 0.973495 0.315304
v -0.031902 1.073342 0.018398
v 0.017741 1.073342 0.315304
v 0.938621 0.568701 -0.100214
v -2.853854 0.568701 0.533896
v -2.843913 0.593243 0.593356
v 0.948563 0.593243 -0.040753
v -2.828557 0.593243 0.685191
v 0.963918 0.593243 0.051082
v -2.818616 0.568701 0.744650
v 0.973860 0.568701 0.110541
v 0.288594 1.057762 0.375443
v 0.295896 0.973495 0.374222
v 0.269413 1.038316 0.378650
v 0.323020 0.973495 0.369686
v 0.205479 1.092667 0.389340
v 0.288594 0.889228 0.375443
v 0.205479 1.065166 0.389340
v 0.269413 0.908673 0.378650
v 0.205479 0.854322 0.389340
v 0.205479 0.881823 0.389340
v 0.122366 1.057762 0.403236
v 0.141546 1.038316 0.400029
v 0.087940 0.973495 0.408992
v 0.115064 0.973495 0.404457
v 0.141546 0.908673 0.400029
v 0.122366 0.889228 0.403236
v 0.205479 0.881823 0.389340
v 0.205479 0.854322 0.389340
v 0.204655 0.889228 -0.126581
v 0.211956 0.973495 -0.127802
v 0.185474 0.908673 -0.123374
v 0.239081 0.973495 -0.132337
v 0.121539 0.854322 -0.112684
v 0.204655 1.057762 -0.126581
v 0.121539 0.881823 -0.112684
v 0.185474 1.038316 -0.123374
v 0.121539 1.092667 -0.112684
v 0.121539 1.065166 -0.112684
v 0.038427 0.889228 -0.098787
v 0.057606 0.908673 -0.101994
v 0.004000 0.973495 -0.093031
v 0.031125 0.973495 -0.097567
v 0.057606 1.038316 -0.101994
v 0.038427 1.057762 -0.098787
v 0.121539 1.065166 -0.112684
v 0.121539 1.092667 -0.112684
v 2.936481 0.579136 -0.325319
v 2.715652 0.579136 -0.288395
v 2.740071 0.520469 -0.142349
v 3.055768 0.520469 -0.195134
v 2.936481 0.579136 -0.325319
v 2.691232 0.520469 -0.434442
v 3.006929 0.520469 -0.487227
v -4.943372 0.498903 0.763032
v -4.637272 0.498903 0.941028
v -4.613078 0.498903 0.707806
v -4.543598 0.498903 0.781818
v -5.092924 0.498903 1.017214
v -4.868818 0.498903 1.208919
v -4.538524 0.498903 1.153694
v -4.496900 0.498903 1.061105
v -0.311579 1.103114 0.135716
v -0.185117 1.103114 0.114572
v -0.158426 1.103114 0.274203
v -0.284888 1.103114 0.295348
v 0.611908 1.103114 -0.018692
v 0.512138 1.103114 0.162084
v 0.485447 1.103114 0.002452
v 0.638598 1.103114 0.140939
v 0.409650 0.861260 -0.062137
v 0.461474 0.861260 0.247817
v 0.471528 0.870239 0.230204
v 0.424886 0.870239 -0.048754
v 0.295896 0.973495 0.374222
v 0.263120 0.908673 0.341012
v 0.289603 0.973495 0.336585
v 0.269413 0.908673 0.378650
v 0.199186 0.881823 0.351702
v 0.205479 0.881823 0.389340
v 0.269413 1.038316 0.378650
v 0.263120 1.038316 0.341012
v 0.205479 1.065166 0.389340
v 0.199186 1.065166 0.351702
v 0.141546 1.038316 0.400029
v 0.135252 1.038316 0.362392
v 0.115064 0.973495 0.404457
v 0.108771 0.973495 0.366820
v 0.141546 0.908673 0.400029
v 0.135252 0.908673 0.362392
v 0.205479 0.881823 0.389340
v 0.199186 0.881823 0.351702
v 0.215473 0.854322 0.449116
v 0.122366 0.889228 0.403236
v 0.205479 0.854322 0.389340
v 0.132361 0.889228 0.463013
v 0.087940 0.973495 0.408992
v 0.097935 0.973495 0.468769
v 0.122366 1.057762 0.403236
v 0.132361 1.057762 0.463013
v 0.205479 1.092667 0.389340
v 0.215473 1.092667 0.449116
v 0.288594 1.057762 0.375443
v 0.298589 1.057762 0.435219
v 0.323020 0.973495 0.369686
v 0.333015 0.973495 0.429463
v 0.288594 0.889228 0.375443
v 0.298589 0.889228 0.435219
v 0.205479 0.854322 0.389340
v 0.215473 0.854322 0.449116
v 0.111545 1.092667 -0.172460
v 0.028432 1.057762 -0.158564
v 0.038427 1.057762 -0.098787
v 0.121539 1.092667 -0.112684
v 0.004000 0.973495 -0.093031
v -0.005994 0.973495 -0.152808
v 0.038427 0.889228 -0.098787
v 0.028432 0.889228 -0.158564
v 0.121539 0.854322 -0.112684
v 0.111545 0.854322 -0.172460
v 0.204655 0.889228 -0.126581
v 0.194660 0.889228 -0.186357
v 0.239081 0.973495 -0.132337
v 0.229086 0.973495 -0.192114
v 0.204655 1.057762 -0.126581
v 0.194660 1.057762 -0.186357
v 0.121539 1.092667 -0.112684
v 0.111545 1.092667 -0.172460
v 0.183162 1.227990 0.255868
v 0.183162 1.288598 0.255868
v 0.094293 1.227990 0.235337
v 0.094293 1.288598 0.235337
v 0.045970 1.227990 0.157981
v 0.045970 1.288598 0.157981
v 0.066500 1.227990 0.069112
v 0.066500 1.288598 0.069112
v 0.143856 1.227990 0.020786
v 0.143856 1.288598 0.020786
v 0.232728 1.227990 0.041318
v 0.232728 1.288598 0.041318
v 0.281051 1.227990 0.118675
v 0.281051 1.288598 0.118675
v 0.260521 1.227990 0.207543
v 0.260521 1.288598 0.207543
v 0.183162 1.227990 0.255868
v 0.183162 1.288598 0.255868
v 0.461474 0.879218 0.247817
v 0.409650 0.879218 -0.062137
v 0.424886 0.870239 -0.048754
v 0.471528 0.870239 0.230204
v 0.232728 1.227990 0.041318
v 0.253926 1.227990 0.123210
v 0.216754 1.227990 0.063705
v 0.281051 1.227990 0.118675
v 0.143856 1.227990 0.020786
v 0.260521 1.227990 0.207543
v 0.148391 1.227990 0.047912
v 0.238133 1.227990 0.191571
v 0.183162 1.227990 0.255868
v 0.178627 1.227990 0.228743
v 0.066500 1.227990 0.069112
v 0.088886 1.227990 0.085084
v 0.045970 1.227990 0.157981
v 0.073095 1.227990 0.153445
v 0.110266 1.227990 0.212951
v 0.094293 1.227990 0.235337
v 0.178627 1.227990 0.228743
v 0.183162 1.227990 0.255868
v -1.316595 1.146283 0.456812
v -1.316595 1.231697 0.456812
v -1.312494 1.231697 0.481338
v -1.312494 1.146283 0.481338
v -1.377137 1.249026 0.492146
v -1.381238 1.249026 0.467621
v -1.394242 1.238431 0.495006
v -1.398343 1.238431 0.470481
v -1.404338 1.249026 0.329466
v -1.343795 1.231697 0.294134
v -1.408438 1.249026 0.304942
v -1.421442 1.238431 0.332326
v -1.425543 1.238431 0.307802
v -1.339695 1.231697 0.318658
v -1.343795 1.146283 0.294134
v -1.339695 1.146283 0.318658
v 0.461474 1.040836 0.247817
v 0.409650 1.040836 -0.062137
v 0.409650 0.879218 -0.062137
v 0.461474 0.879218 0.247817
v 0.409650 1.040836 -0.062137
v 0.461474 1.040836 0.247817
v 0.427788 1.130623 0.046347
v 0.443336 1.130623 0.139333
v 0.461474 0.793920 0.247817
v 0.409650 0.861260 -0.062137
v 0.409650 0.793920 -0.062137
v 0.461474 0.861260 0.247817
v 0.461474 0.793920 0.247817
v 0.452837 0.741543 0.196157
v 0.418287 0.741543 -0.010477
v 0.418287 0.741543 -0.010477
v 0.452837 0.689168 0.196157
v 0.418287 0.689168 -0.010477
v 0.409650 0.636792 -0.062137
v 0.461474 0.636792 0.247817
v 0.452837 0.689168 0.196157
v 0.457123 0.506491 0.221790
v 0.409650 0.636792 -0.062137
v 0.414001 0.506491 -0.036110
v 0.461474 0.636792 0.247817
v 0.600132 1.044752 -0.089123
v 0.638598 1.103114 0.140939
v 0.611908 1.103114 -0.018692
v 0.650374 1.044752 0.211368
v 1.444449 1.231697 -0.172067
v 1.444449 1.146283 -0.172067
v 1.448550 1.146283 -0.147542
v 1.448550 1.231697 -0.147542
v 1.509091 1.249026 -0.182876
v 1.513191 1.249026 -0.158350
v 1.526197 1.238431 -0.185736
v 1.530297 1.238431 -0.161210
v 1.536291 1.249026 -0.020196
v 1.471649 1.231697 -0.009387
v 1.475750 1.231697 0.015135
v 1.475750 1.146283 0.015135
v 1.471649 1.146283 -0.009387
v 1.540391 1.249026 0.004327
v 1.553397 1.238431 -0.023056
v 1.557497 1.238431 0.001467
v -1.961821 0.042024 0.493687
v -1.947905 0.170211 0.576916
v -1.940076 0.085977 0.623738
v -1.961821 0.200339 0.493687
v -1.947883 0.237188 0.577047
v -1.975737 0.170211 0.410458
v -1.975759 0.237188 0.410327
v -1.983565 0.085977 0.363636
v -2.503697 0.042024 0.584290
v -2.489781 0.170211 0.667519
v -2.481953 0.085977 0.714341
v -2.503697 0.200339 0.584290
v -2.489759 0.237188 0.667650
v -2.517613 0.170211 0.501061
v -2.517635 0.237188 0.500930
v -2.525442 0.085977 0.454239
v 2.715652 -0.441194 -0.288395
v 2.749301 0.379100 -0.087145
v 2.682002 0.379100 -0.489645
v 2.737339 -0.441194 -0.158690
v 2.693964 -0.441194 -0.418101
v 2.715652 0.579136 -0.288395
v 2.691232 0.520469 -0.434442
v 2.740071 0.520469 -0.142349
v -4.543598 0.250261 0.781818
v -4.543598 0.498903 0.781818
v -4.637272 0.498903 0.941028
v -4.637272 0.250261 0.941028
v -4.637272 0.250261 0.941028
v -4.637272 0.498903 0.941028
v -4.496900 0.498903 1.061105
v -4.496900 0.250261 1.061105
v -4.543598 0.498903 0.781818
v -4.613078 0.250261 0.707806
v -4.613078 0.498903 0.707806
v -4.543598 0.250261 0.781818
v -4.496900 0.250261 1.061105
v -4.496900 0.498903 1.061105
v -4.538524 0.498903 1.153694
v -4.538524 0.250261 1.153694
v -4.880317 0.286678 0.752489
v -4.880317 0.462486 0.752489
v -5.025451 0.462486 1.005932
v -5.025451 0.286678 1.005932
v -4.805764 0.286678 1.198377
v -4.805764 0.462486 1.198377
v -4.805764 0.286678 1.198377
v -4.808699 0.286678 0.969691
v -4.589014 0.286678 1.162136
v -4.880317 0.286678 0.752489
v -4.663568 0.286678 0.716248
v -4.880317 0.462486 0.752489
v -4.808699 0.462486 0.969691
v -4.663568 0.462486 0.716248
v -4.805764 0.462486 1.198377
v -4.589014 0.462486 1.162136
vn -0.4677 0.8804 0.0787
vn -0.5743 -0.4909 0.6551
vn -0.4677 -0.8804 0.0787
vn -0.5741 0.4909 0.6553
vn -0.7560 -0.4909 -0.4329
vn -0.7562 0.4909 -0.4326
vn -0.8619 0.0005 -0.5071
vn -0.8619 -0.0000 -0.5071
vn -0.6500 0.0005 0.7599
vn -0.6500 -0.0000 0.7599
vn 0.9435 -0.2918 -0.1572
vn 0.9788 -0.1240 -0.1631
vn 0.9806 -0.1070 -0.1640
vn 0.9420 -0.2965 -0.1570
vn 0.9788 -0.1240 -0.1632
vn 0.9434 -0.2918 -0.1577
vn 0.9807 -0.1070 -0.1635
vn 0.9829 -0.0839 -0.1638
vn 0.9795 -0.1180 -0.1633
vn 0.9164 0.3699 -0.1527
vn 0.9830 -0.0835 -0.1638
vn 0.9795 -0.1177 -0.1633
vn 0.8143 0.5644 -0.1356
vn 0.9165 0.3699 -0.1527
vn 0.9829 -0.0835 -0.1639
vn 0.8143 0.5644 -0.1357
vn 0.9808 -0.1067 -0.1635
vn 0.9725 0.1675 -0.1621
vn 0.9712 0.1744 -0.1624
vn 0.9788 -0.1236 -0.1632
vn 0.9807 -0.1067 -0.1640
vn 0.9713 0.1744 -0.1619
vn 0.9713 0.1745 -0.1619
vn 0.9861 0.0233 -0.1644
vn 0.9862 0.0191 -0.1644
vn 0.9712 0.1745 -0.1624
vn -0.9862 0.0005 0.1654
vn 0.6927 -0.7120 -0.1153
vn 0.9862 0.0188 -0.1644
vn 0.6912 -0.7134 -0.1151
vn 0.9861 0.0229 -0.1644
vn 0.1599 -0.9868 -0.0267
vn 0.1597 -0.9868 -0.0267
vn 0.0656 -0.9978 -0.0110
vn 0.1597 -0.9868 -0.0264
vn 0.0652 -0.9978 -0.0105
vn 0.9864 0.0005 -0.1644
vn 0.8604 0.4891 -0.1433
vn 0.5136 0.8537 -0.0859
vn 0.9164 0.3699 -0.1528
vn 0.8142 0.5645 -0.1356
vn -0.8602 0.4891 0.1443
vn -0.1534 -0.3601 -0.9202
vn 0.0006 -1.0000 0.0004
vn 0.1544 -0.3601 0.9201
vn 0.1543 -0.3601 0.9201
vn -0.1533 -0.3601 -0.9202
vn 0.5658 0.8191 -0.0946
vn 0.5661 0.8189 -0.0941
vn 0.5365 0.8391 -0.0894
vn 0.9646 0.2088 -0.1613
vn 0.5365 0.8391 -0.0892
vn 0.9646 0.2087 -0.1609
vn 0.9114 -0.3825 -0.1519
vn -0.0000 -1.0000 -0.0000
vn 0.0005 -1.0000 0.0004
vn 0.0005 1.0000 0.0004
vn 0.5658 -0.8191 -0.0946
vn 0.4141 0.8610 0.2954
vn 0.0844 0.8611 0.5014
vn 0.5017 0.8610 -0.0839
vn 0.2958 0.8606 -0.4146
vn 0.2954 0.8610 -0.4141
vn -0.0835 0.8611 -0.5016
vn -0.0834 0.8611 -0.5016
vn -0.4141 0.8610 -0.2955
vn -0.4141 0.8610 -0.2954
vn -0.5017 0.8610 0.0839
vn -0.5014 0.8611 0.0843
vn -0.2955 0.8609 0.4141
vn 0.0843 0.8611 0.5015
vn 0.0843 0.8611 0.5014
vn -0.6974 0.7071 0.1166
vn -0.6974 -0.7071 0.1166
vn 0.6974 -0.7071 -0.1166
vn 0.9864 0.0005 -0.1645
vn 0.6974 0.7071 -0.1166
vn 0.0006 1.0000 0.0004
vn 0.8140 -0.0000 0.5808
vn 0.1654 0.0005 0.9862
vn 0.5808 -0.0000 -0.8140
vn -0.1644 0.0005 -0.9864
vn -0.8140 -0.0000 -0.5808
vn -0.5808 -0.0000 0.8140
vn 0.1652 0.0005 0.9863
vn -0.0558 0.9421 -0.3308
vn 0.0558 0.9421 0.3308
vn -0.0548 0.9421 -0.3309
vn 0.0548 0.9421 0.3309
vn 0.5366 0.8391 -0.0892
vn -0.3772 0.9240 0.0636
vn -0.3772 0.9240 0.0635
vn 0.5367 0.8391 -0.0892
vn -0.1484 -0.0836 -0.9854
vn -0.1484 -0.0835 -0.9854
vn -0.1550 0.1460 -0.9771
vn -0.1485 -0.0836 -0.9854
vn -0.1555 0.1618 -0.9745
vn 0.1802 -0.0836 0.9801
vn 0.1802 -0.0835 0.9801
vn 0.1713 0.1460 0.9743
vn 0.1699 0.1618 0.9721
vn -0.1041 0.7755 -0.6228
vn -0.0558 0.9420 -0.3310
vn -0.0549 0.9420 -0.3310
vn -0.1046 0.7753 -0.6228
vn 0.1046 0.7753 0.6229
vn 0.0549 0.9420 0.3311
vn 0.1041 0.7755 0.6228
vn 0.0558 0.9420 0.3310
vn -0.1494 0.4286 -0.8910
vn -0.1043 0.7746 -0.6238
vn -0.1485 0.4286 -0.8912
vn 0.1046 0.7745 0.6239
vn 0.1485 0.4286 0.8912
vn 0.1494 0.4286 0.8910
vn 0.1043 0.7747 0.6237
vn -0.0549 0.9420 -0.3311
vn -0.1495 0.4286 -0.8910
vn -0.0559 0.9420 -0.3310
vn -0.1047 0.7753 -0.6228
vn -0.1043 0.7743 -0.6242
vn -0.1036 0.7754 -0.6229
vn -0.1044 0.7743 -0.6242
vn -0.0548 0.9420 -0.3311
vn -0.1047 0.7744 -0.6240
vn 0.0549 0.9420 0.3310
vn 0.1046 0.7753 0.6228
vn 0.1495 0.4286 0.8910
vn 0.0559 0.9420 0.3310
vn 0.1043 0.7743 0.6242
vn 0.1037 0.7753 0.6230
vn 0.0548 0.9420 0.3311
vn 0.1044 0.7743 0.6242
vn 0.1485 0.4285 0.8912
vn 0.4968 -0.3597 0.7898
vn 0.1425 -0.5085 0.8492
vn 0.1425 -0.5084 0.8492
vn 0.6438 -0.0000 0.7652
vn 0.6435 0.0004 0.7654
vn 0.4968 0.3597 0.7898
vn 0.1420 0.5088 0.8491
vn -0.2129 0.3598 0.9084
vn -0.2129 0.3597 0.9084
vn -0.3598 -0.0000 0.9330
vn -0.3595 0.0004 0.9331
vn -0.2128 -0.3597 0.9085
vn 0.1424 -0.5085 0.8492
vn 0.1424 -0.5084 0.8493
vn 0.2128 0.3597 -0.9085
vn -0.1414 0.5085 -0.8494
vn -0.1413 0.5084 -0.8495
vn 0.3598 -0.0000 -0.9330
vn 0.2129 -0.3597 -0.9084
vn 0.2128 -0.3598 -0.9084
vn -0.1420 -0.5088 -0.8491
vn -0.4968 -0.3598 -0.7898
vn -0.6435 0.0004 -0.7654
vn -0.4968 0.3597 -0.7898
vn -0.4968 0.3598 -0.7898
vn -0.1416 0.5085 -0.8493
vn -0.1416 0.5084 -0.8494
vn -0.1616 -0.1985 -0.9667
vn -0.1612 -0.1988 -0.9667
vn 0.1616 -0.1985 0.9667
vn 0.1620 -0.1988 0.9666
vn -0.1613 -0.1986 -0.9667
vn -0.1485 0.4285 -0.8913
vn -0.1495 0.4285 -0.8911
vn -0.1047 0.7753 -0.6229
vn -0.1493 0.4286 -0.8911
vn -0.1037 0.7753 -0.6230
vn 0.1485 0.4285 0.8913
vn 0.1495 0.4285 0.8911
vn 0.1046 0.7754 0.6228
vn -0.5658 0.8191 0.0946
vn 0.1625 -0.1703 0.9719
vn 0.1628 -0.1704 0.9718
vn -0.1625 -0.1703 -0.9719
vn 0.0818 0.8683 0.4893
vn -0.0818 0.8682 -0.4894
vn 0.0822 0.8683 0.4891
vn -0.1161 0.7071 -0.6975
vn -0.1524 0.3827 -0.9112
vn -0.1524 -0.3827 -0.9112
vn -0.1166 -0.7071 -0.6974
vn -0.1161 -0.7071 -0.6975
vn 0.1528 0.3826 0.9112
vn 0.1524 0.3827 0.9112
vn 0.1171 0.7071 0.6973
vn 0.1524 -0.3827 0.9112
vn 0.1171 -0.7071 0.6973
vn -0.1520 0.3826 -0.9113
vn 0.1169 0.7071 0.6974
vn 0.1527 0.3826 0.9112
vn 0.1169 -0.7071 0.6974
vn 0.5657 0.8191 -0.0946
vn -0.9112 0.3826 0.1529
vn -0.3773 0.9239 0.0636
vn -0.9112 0.3826 0.1528
vn -0.5658 -0.8191 0.0946
vn -0.5659 -0.8189 0.0952
vn 0.9113 -0.3826 -0.1519
vn 0.3775 -0.9239 -0.0626
vn -0.3772 -0.9240 0.0636
vn 0.3773 -0.9240 -0.0626
vn -0.3772 -0.9240 0.0635
vn 0.1713 0.1462 0.9743
vn 0.1699 0.1619 0.9721
vn 0.1293 0.6246 0.7702
vn 0.1171 0.7071 0.6974
vn -0.1283 0.6246 -0.7703
vn -0.1550 0.1462 -0.9770
vn -0.1555 0.1619 -0.9745
vn -0.0818 -0.8682 -0.4894
vn -0.0815 -0.8683 -0.4893
vn 0.0823 -0.8683 0.4892
vn 0.0818 -0.8683 0.4893
vn 0.0824 -0.8683 0.4892
vn 0.0823 -0.8683 0.4891
vn 0.0003 1.0000 0.0005
vn 0.0003 1.0000 0.0004
vn 0.5657 -0.8191 -0.0946
vn 0.1654 -0.0024 0.9862
vn 0.1653 -0.0024 0.9862
vn 0.1596 0.2528 0.9543
vn 0.1541 -0.3602 0.9201
vn 0.1543 -0.3602 0.9200
vn -0.1645 -0.0024 -0.9864
vn -0.1596 0.2528 -0.9543
vn -0.1644 -0.0024 -0.9864
vn -0.1535 -0.3602 -0.9202
vn -0.1533 -0.3602 -0.9202
vn 0.1652 -0.0023 0.9863
vn -0.1646 -0.0023 -0.9864
vn -0.1590 0.2524 -0.9545
vn -0.1536 -0.3602 -0.9201
vn -0.5808 0.0005 0.8140
vn 0.1653 0.0005 0.9862
vn 0.1653 0.0005 0.9863
vn -0.8140 0.0005 -0.5808
vn -0.1645 0.0005 -0.9864
vn 0.5808 0.0005 -0.8140
vn 0.1655 0.0005 0.9862
vn -0.6973 0.7071 0.1171
vn 0.6975 -0.7071 -0.1161
vn 0.0007 -1.0000 0.0004
vn -0.9112 -0.3826 0.1528
vn -0.9112 -0.3826 0.1529
vn -0.3773 -0.9239 0.0636
vn -0.9112 -0.3825 0.1529
vn -0.9112 -0.3825 0.1528
vn -0.9112 0.3825 0.1529
vn -0.9112 0.3825 0.1528
vn -0.0622 0.9262 -0.3719
vn -0.0616 0.9263 -0.3717
vn -0.0317 0.9814 -0.1895
vn 0.0317 0.9814 0.1895
vn 0.0622 0.9262 0.3719
vn 0.0626 0.9263 0.3716
vn 0.1293 0.6247 0.7701
vn 0.0005 1.0000 0.0003
vn 0.0006 1.0000 0.0003
vn -0.1282 0.6247 -0.7703
vn -0.0000 1.0000 -0.0000
vn -0.5659 0.8189 0.0952
vn 0.0003 -1.0000 0.0004
vn 0.0003 -1.0000 0.0005
vn 0.7815 0.6101 -0.1307
vn -0.1425 0.9895 0.0238
vn -0.8602 0.4891 0.1444
vn -0.7815 0.6101 0.1307
vn 0.1423 0.9895 -0.0233
vn 0.1425 0.9895 -0.0238
vn 0.8603 0.4891 -0.1434
vn 0.8604 0.4891 -0.1434
vn 0.8603 0.4891 -0.1435
vn 0.8619 0.0005 0.5071
vn 0.8619 0.0003 0.5071
vn 0.6500 0.0005 -0.7599
vn 0.6500 0.0003 -0.7599
vn 0.7291 -0.0000 -0.6844
vn 0.7292 0.0004 -0.6843
vn 0.9121 -0.0000 0.4100
vn 0.4960 0.8205 0.2841
vn 0.4960 -0.8205 0.2842
vn 0.7974 -0.5886 -0.1328
vn 0.7974 0.5886 -0.1328
vn 0.3765 0.8205 -0.4301
vn 0.3767 -0.8205 -0.4300
vn 0.7974 0.5886 -0.1329
vn 0.3766 0.8205 -0.4301
vn -0.4676 0.8804 0.0787
vn -0.5743 0.4909 0.6551
vn 0.4960 0.8205 0.2842
vn -0.4676 -0.8804 0.0787
vn -0.7562 -0.4909 -0.4326
vn 0.3766 -0.8205 -0.4301
vt 0.375000 0.125000
vt 0.625000 0.206818
vt 0.625000 0.125000
vt 0.375000 0.206818
vt 0.625000 0.043182
vt 0.375000 0.043182
vt 0.625000 0.750000
vt 0.375000 0.750000
vt 0.375000 0.625000
vt 0.625000 0.625000
vt 0.375000 0.500000
vt 0.625000 0.500000
vt 0.539573 0.125000
vt 0.506194 0.250000
vt 0.506194 0.125000
vt 0.539573 0.250000
vt 0.506194 0.000000
vt 0.539573 0.000000
vt 0.606330 0.125000
vt 0.606330 0.000000
vt 0.606330 0.250000
vt 0.625000 0.060677
vt 0.625000 0.140169
vt 0.625000 0.219662
vt 0.472815 0.250000
vt 0.472815 0.125000
vt 0.472815 0.000000
vt 0.406058 0.250000
vt 0.406058 0.125000
vt 0.406058 0.000000
vt 0.375000 0.679468
vt 0.445532 0.750000
vt 0.375000 0.570532
vt 0.445532 0.500000
vt 0.168701 0.750000
vt 0.125000 0.625000
vt 0.168701 0.625000
vt 0.125000 0.750000
vt 0.168701 0.500000
vt 0.125000 0.500000
vt 0.212401 0.750000
vt 0.212401 0.625000
vt 0.212401 0.500000
vt 0.500000 0.750000
vt 0.500000 0.500000
vt 0.375000 0.187500
vt 0.625000 0.187500
vt 0.625000 0.250000
vt 0.375000 0.250000
vt 0.375000 0.000000
vt 0.625000 0.000000
vt 0.625000 0.062500
vt 0.375000 0.062500
vt 0.625000 1.000000
vt 0.125000 0.679468
vt 0.445532 1.000000
vt 0.125000 0.570532
vt 0.445532 0.250000
vt 0.400000 0.500000
vt 0.400000 0.750000
vt 0.125000 0.569916
vt 0.125000 0.680084
vt 0.125000 0.648265
vt 0.125000 0.601735
vt 0.387500 0.750000
vt 0.387500 0.500000
vt 0.500000 0.000000
vt 0.500000 0.250000
vt 0.417077 0.000000
vt 0.417077 0.250000
vt 0.181229 0.750000
vt 0.125000 0.703295
vt 0.181229 0.500000
vt 0.125000 0.546705
vt 0.375000 1.000000
vt 0.500000 1.000000
vt 0.250000 1.000000
vt 0.750000 1.000000
vt 0.875000 1.000000
vt 0.125000 1.000000
vt 0.000000 1.000000
vt 1.000000 1.000000
vt 1.000000 0.500000
vt 0.875000 0.500000
vt 0.750000 0.500000
vt 0.250000 0.500000
vt 0.000000 0.500000
vt 0.875000 0.750000
vt 0.653051 0.764026
vt 0.653051 0.485974
vt 0.506194 1.000000
vt 0.472815 1.000000
vt 0.375000 0.912599
vt 0.406058 1.000000
vt 0.606330 0.750000
vt 0.539573 1.000000
vt 0.606330 1.000000
vt 0.375000 0.337401
vt 0.606330 0.500000
vt 0.625000 0.937500
vt 0.625000 0.812500
vt 0.625000 0.312500
vt 0.625000 0.437500
vt 0.375000 0.680084
vt 0.375000 0.569916
vt 0.402778 0.914151
vt 0.597222 0.914151
vt 0.625000 0.943771
vt 0.597222 0.786991
vt 0.375000 0.943771
vt 0.402778 0.786991
vt 0.375000 0.306229
vt 0.402778 0.463009
vt 0.402778 0.335849
vt 0.597222 0.463009
vt 0.625000 0.306229
vt 0.597222 0.335849
vt 0.400000 1.000000
vt 0.400000 0.250000
vt 0.352077 0.761462
vt 0.417077 0.750000
vt 0.375000 0.965615
vt 0.417077 1.000000
vt 0.352077 0.488538
vt 0.417077 0.500000
vt 0.375000 0.284385
vt 0.582923 0.750000
vt 0.582923 0.500000
vt 0.387500 0.250000
vt 0.387500 1.000000
vt 0.390529 0.956299
vt 0.390529 0.293701
vt 0.625000 0.875000
vt 0.625000 0.375000
vt 0.387500 0.000000
vt 0.400000 0.000000
vt 0.159385 0.500000
vt 0.159385 0.750000
vt 0.625000 0.540451
vt 0.625000 0.709549
vt 0.375000 0.687500
vt 0.625000 0.687500
vt 0.875000 0.687500
vt 0.750000 0.687500
vt 0.875000 0.562500
vt 0.625000 0.562500
vt 0.750000 0.562500
vt 0.375000 0.562500
vt 0.375000 0.601735
vt 0.375000 0.648265
vt 0.875000 0.625000
vt 0.875000 0.560677
vt 0.875000 0.689323
vt 0.818771 0.750000
vt 0.875000 0.703295
vt 0.818771 0.500000
vt 0.875000 0.546705
vt 0.750000 0.750000
vt 0.375000 0.046705
vt 0.625000 0.046705
vt 0.625000 0.203295
vt 0.375000 0.203295
vt 0.375000 0.706818
vt 0.625000 0.706818
vt 0.375000 0.543182
vt 0.625000 0.543182
vt 0.125000 0.543182
vt 0.125000 0.706818
vt 0.875000 0.706818
vt 0.875000 0.543182
s 1
f 354/95/250 355/96/251 356/97/252
f 355/96/251 354/95/250 357/98/253
f 358/99/254 354/95/250 356/97/252
f 358/99/254 359/100/255 354/95/250
f 360/101/256 361/102/257 362/103/256
f 360/101/256 362/103/256 363/104/257
f 364/104/258 365/103/259 366/105/258
f 364/104/258 366/105/258 367/106/259
f 368/107/260 369/108/261 370/109/262
f 369/108/261 368/107/260 371/110/263
f 372/111/264 373/107/265 370/109/266
f 374/112/263 373/107/265 372/111/264
f 375/112/263 376/113/267 377/107/260
f 376/113/267 375/112/263 378/114/268
f 379/113/267 380/110/263 377/107/265
f 380/110/263 379/113/267 381/115/268
f 382/116/269 383/113/270 384/114/271
f 383/113/270 382/116/269 385/117/272
f 386/118/273 387/113/274 385/117/275
f 387/113/274 386/118/273 388/115/271
f 389/109/276 390/119/277 391/120/278
f 390/119/277 389/109/276 392/108/279
f 393/121/277 394/109/280 391/120/281
f 395/111/279 394/109/280 393/121/277
f 396/120/282 397/122/283 398/123/284
f 397/122/283 396/120/282 399/119/277
f 400/124/283 401/120/285 398/123/284
f 402/121/277 401/120/285 400/124/283
f 403/106/286 404/101/286 405/125/286
f 405/125/286 404/101/286 406/126/286
f 407/127/286 403/106/286 405/125/286
f 403/106/286 407/127/286 408/128/286
f 409/129/287 410/130/288 411/131/289
f 410/130/288 409/129/287 412/132/290
f 410/130/288 413/133/287 411/131/289
f 413/133/287 410/130/288 414/134/290
f 411/131/289 415/135/291 416/129/287
f 415/135/291 411/131/289 417/136/292
f 418/102/293 415/135/291 417/136/292
f 418/102/293 417/136/292 419/103/293
f 411/131/289 420/137/294 417/136/292
f 419/103/293 417/136/292 420/137/294
f 420/137/294 411/131/289 421/133/287
f 419/103/293 420/137/294 422/105/295
f 423/138/286 424/103/286 425/104/286
f 424/103/286 423/138/286 426/102/286
f 425/104/286 427/101/286 423/138/286
f 424/103/286 428/139/286 425/104/286
f 428/139/286 429/106/286 425/104/286
f 428/139/286 424/103/286 430/105/286
f 431/138/286 432/103/286 433/104/286
f 432/103/286 431/138/286 434/102/286
f 433/104/286 435/101/286 431/138/286
f 432/103/286 436/139/286 433/104/286
f 436/139/286 437/106/286 433/104/286
f 436/139/286 432/103/286 438/105/286
f 439/140/296 440/141/297 441/142/297
f 439/140/296 441/142/297 442/143/296
f 443/144/296 444/145/297 445/146/297
f 443/144/296 445/146/297 446/147/296
f 447/117/298 448/118/299 449/117/300
f 449/117/300 450/116/299 447/117/298
f 451/142/301 452/143/286 453/140/286
f 451/142/301 453/140/286 454/141/301
f 455/146/301 456/147/286 457/144/286
f 455/146/301 457/144/286 458/145/301
f 459/148/296 460/149/296 461/150/296
f 460/149/296 459/148/296 462/142/296
f 460/149/296 462/142/296 463/151/296
f 462/142/296 464/152/296 463/151/296
f 465/101/296 466/153/296 467/154/296
f 466/153/296 465/101/296 468/106/296
f 469/106/296 470/101/296 471/101/296
f 472/106/296 470/101/296 469/106/296
f 473/102/296 474/105/296 475/102/296
f 475/102/296 474/105/296 476/105/296
f 477/102/296 476/105/296 478/105/296
f 479/102/296 476/105/296 477/102/296
f 477/102/296 480/105/296 481/102/296
f 481/102/296 480/105/296 482/105/296
f 483/102/296 482/105/296 484/105/296
f 482/105/296 483/102/296 485/102/296
f 486/102/296 487/105/296 488/102/296
f 488/102/296 487/105/296 489/105/296
f 490/102/302 491/132/302 492/130/303
f 490/102/302 492/130/303 493/103/303
f 493/103/303 492/130/303 494/134/304
f 493/103/303 494/134/304 495/105/305
f 496/102/302 497/132/306 498/130/303
f 496/102/302 498/130/303 499/103/303
f 499/103/303 498/130/303 500/134/304
f 499/103/303 500/134/304 501/105/305
f 502/155/296 503/156/296 504/157/296
f 502/155/296 504/157/296 505/158/296
f 506/105/307 507/102/307 508/159/308
f 506/105/307 508/159/308 509/160/307
f 510/142/309 511/161/310 512/145/311
f 511/161/310 510/142/309 513/162/312
f 511/161/310 513/162/312 514/163/313
f 514/163/313 513/162/312 515/164/313
f 516/130/314 517/165/315 518/166/315
f 517/165/315 516/130/314 519/102/315
f 519/102/315 516/130/314 520/103/315
f 516/130/314 521/105/315 520/103/315
f 521/105/315 516/130/314 522/167/315
f 522/167/315 516/130/314 523/168/315
f 524/148/316 525/169/316 526/170/316
f 524/148/316 527/171/316 525/169/316
f 528/172/316 527/171/316 524/148/316
f 527/171/316 528/172/316 529/173/316
f 527/171/316 529/173/316 530/174/316
f 530/174/316 529/173/316 531/175/316
f 532/154/317 533/160/317 534/159/317
f 532/154/317 535/153/317 533/160/317
f 536/174/318 537/175/319 538/175/319
f 538/175/319 539/174/318 536/174/318
f 539/174/318 540/171/320 536/174/318
f 540/171/320 539/174/318 541/171/320
f 541/171/320 542/169/321 540/171/320
f 541/171/320 543/169/322 542/169/321
f 544/170/323 542/169/321 543/169/322
f 542/169/321 544/170/323 545/170/324
f 546/148/325 545/170/324 544/170/323
f 545/170/324 546/148/325 547/148/326
f 548/172/327 547/148/326 546/148/325
f 547/148/326 548/172/327 549/172/328
f 548/172/327 550/173/329 549/172/328
f 548/172/327 551/173/329 550/173/329
f 551/173/329 552/176/330 550/173/329
f 552/176/330 551/173/329 553/176/331
f 554/173/332 555/177/316 556/176/316
f 555/177/316 554/173/332 557/178/332
f 558/172/286 557/178/332 554/173/332
f 557/178/332 558/172/286 559/179/286
f 560/148/333 559/179/286 558/172/286
f 559/179/286 560/148/333 561/106/333
f 562/170/315 561/106/333 560/148/333
f 561/106/333 562/170/315 563/139/315
f 564/169/334 563/139/315 562/170/315
f 563/139/315 564/169/334 565/105/334
f 566/171/335 565/105/334 564/169/334
f 565/105/334 566/171/335 567/180/296
f 568/174/336 567/180/296 566/171/335
f 567/180/296 568/174/336 569/134/336
f 570/175/337 569/134/336 568/174/336
f 569/134/336 570/175/337 571/181/337
f 572/171/296 573/174/338 574/171/296
f 573/174/338 572/171/296 575/174/338
f 575/174/338 576/175/339 573/174/338
f 576/175/339 575/174/338 577/175/339
f 574/171/296 578/169/340 572/171/296
f 578/169/340 574/171/296 579/169/340
f 580/170/341 578/169/340 579/169/340
f 580/170/341 579/169/340 581/170/341
f 582/148/342 580/170/341 581/170/341
f 582/148/342 581/170/341 583/148/342
f 582/148/342 583/148/342 584/172/286
f 583/148/342 585/172/286 584/172/286
f 584/172/286 585/172/286 586/173/343
f 585/172/286 587/173/343 586/173/343
f 587/173/343 588/176/344 586/173/343
f 589/176/344 588/176/344 587/173/343
f 590/101/345 591/178/346 592/182/347
f 591/178/346 590/101/345 593/106/348
f 594/182/345 595/106/346 596/101/347
f 595/106/346 594/182/345 597/178/348
f 598/182/349 599/183/350 600/184/351
f 598/182/349 600/184/351 601/178/352
f 602/174/339 603/172/339 604/173/339
f 602/174/339 604/173/339 605/175/339
f 603/172/339 602/174/339 606/171/339
f 607/169/339 603/172/339 606/171/339
f 603/172/339 607/169/339 608/148/339
f 608/148/339 607/169/339 609/170/339
f 610/174/341 611/172/341 612/173/341
f 610/174/341 612/173/341 613/175/341
f 611/172/341 610/174/341 614/171/341
f 615/169/341 611/172/341 614/171/341
f 611/172/341 615/169/341 616/148/341
f 616/148/341 615/169/341 617/170/341
f 618/102/315 619/132/315 620/134/315
f 618/102/315 620/134/315 621/105/315
f 622/102/315 623/134/315 624/132/315
f 623/134/315 622/102/315 625/105/315
f 626/102/353 627/185/353 628/186/353
f 628/186/353 629/187/353 626/102/353
f 629/187/353 628/186/353 630/188/354
f 627/185/353 626/102/353 631/189/355
f 631/189/355 632/190/356 627/185/353
f 631/189/355 633/191/357 632/190/356
f 634/105/358 635/119/358 636/108/358
f 635/119/358 634/105/358 637/192/358
f 637/192/358 638/122/359 635/119/358
f 634/105/358 636/108/358 639/193/360
f 639/193/360 636/108/358 640/110/358
f 640/110/358 641/115/361 639/193/360
f 642/194/362 643/101/363 644/148/364
f 643/101/363 642/194/362 645/195/365
f 646/196/366 647/106/367 648/197/368
f 649/142/369 647/106/367 646/196/366
f 650/101/370 651/194/371 652/148/372
f 651/194/371 650/101/370 653/195/371
f 654/196/373 655/106/374 656/142/375
f 655/106/374 654/196/373 657/197/376
f 658/148/363 659/101/377 660/195/362
f 658/148/363 660/195/362 661/194/362
f 662/148/378 658/148/379 663/194/380
f 664/194/381 662/148/378 663/194/380
f 660/195/382 665/101/372 666/195/383
f 665/101/372 660/195/382 667/101/384
f 664/194/385 665/101/372 668/148/370
f 665/101/372 664/194/385 669/195/371
f 670/196/368 671/106/369 672/142/386
f 671/106/369 670/196/368 673/197/368
f 674/197/387 675/106/388 671/106/389
f 675/106/388 674/197/387 676/197/390
f 677/142/374 670/196/391 678/142/392
f 670/196/391 677/142/374 679/196/393
f 676/197/376 677/142/394 680/106/375
f 677/142/394 676/197/376 681/196/376
f 682/197/391 683/106/367 684/106/374
f 682/197/391 684/106/374 685/197/393
f 686/198/337 687/199/316 688/156/316
f 688/156/316 687/199/316 689/155/337
f 690/156/316 691/199/316 692/198/316
f 691/199/316 690/156/316 693/155/316
f 694/200/341 695/201/341 696/202/341
f 697/203/341 696/202/341 695/201/341
f 696/202/341 698/204/341 694/200/341
f 696/202/341 697/203/341 699/101/341
f 698/204/341 700/205/341 694/200/341
f 700/205/341 699/101/341 697/203/341
f 700/205/341 698/204/341 701/102/341
f 699/101/341 700/205/341 701/102/341
f 702/206/339 703/207/339 704/105/339
f 705/106/339 704/105/339 703/207/339
f 703/207/339 702/206/339 706/208/339
f 705/106/339 703/207/339 707/209/339
f 708/210/339 706/208/339 702/206/339
f 707/209/339 708/210/339 705/106/339
f 706/208/339 708/210/339 709/211/339
f 708/210/339 707/209/339 709/211/339
f 710/174/395 711/175/396 712/174/395
f 711/175/396 710/174/395 713/175/397
f 714/171/398 710/174/395 712/174/395
f 710/174/395 714/171/398 715/171/399
f 716/169/400 715/171/399 714/171/398
f 715/171/399 716/169/400 717/169/400
f 718/170/401 717/169/400 716/169/400
f 717/169/400 718/170/401 719/170/401
f 720/148/402 719/170/401 718/170/401
f 719/170/401 720/148/402 721/148/403
f 722/172/404 721/148/403 720/148/402
f 721/148/403 722/172/404 723/172/405
f 722/172/404 724/173/406 723/172/405
f 722/172/404 725/173/406 724/173/406
f 726/176/407 724/173/406 725/173/406
f 725/173/406 727/176/408 726/176/407
f 728/174/409 729/175/410 730/174/409
f 729/175/410 728/174/409 731/175/411
f 732/171/412 728/174/409 730/174/409
f 728/174/409 732/171/412 733/171/412
f 734/169/413 733/171/412 732/171/412
f 733/171/412 734/169/413 735/169/414
f 736/170/415 735/169/414 734/169/413
f 735/169/414 736/170/415 737/170/415
f 738/148/416 737/170/415 736/170/415
f 737/170/415 738/148/416 739/148/416
f 740/172/417 739/148/416 738/148/416
f 739/148/416 740/172/417 741/172/417
f 740/172/417 742/173/418 741/172/417
f 740/172/417 743/173/419 742/173/418
f 744/176/420 742/173/418 743/173/419
f 743/173/419 745/176/421 744/176/420
f 746/169/422 747/102/422 748/169/423
f 747/102/422 746/169/422 749/102/422
f 750/105/424 751/143/424 752/143/424
f 750/105/424 752/143/424 753/105/425
f 754/102/422 755/169/422 756/102/422
f 757/169/426 756/102/422 755/169/422
f 758/105/424 759/143/424 760/143/424
f 759/143/424 758/105/424 761/105/424
f 762/154/286 763/153/286 764/101/286
f 764/101/286 763/153/286 765/106/286
f 764/101/286 766/106/286 767/101/286
f 764/101/286 768/106/286 766/106/286
f 769/148/427 770/154/341 771/101/428
f 770/154/341 769/148/427 772/212/341
f 773/195/429 771/101/430 774/101/379
f 771/101/430 773/195/429 775/195/381
f 776/148/384 769/148/372 777/194/431
f 777/194/431 769/148/372 778/194/383
f 779/102/286 780/105/286 781/102/286
f 780/105/286 779/102/286 782/105/286
f 782/105/286 783/102/286 784/105/286
f 782/105/286 785/102/286 783/102/286
f 786/102/286 787/105/286 783/102/286
f 787/105/286 786/102/286 788/105/286
f 789/102/286 788/105/286 790/102/286
f 789/102/286 791/105/286 788/105/286
f 792/102/286 793/105/286 794/102/286
f 793/105/286 792/102/286 795/105/286
f 796/153/339 797/213/339 798/106/432
f 797/213/339 799/142/433 798/106/432
f 799/142/388 800/196/434 801/196/390
f 800/196/434 799/142/388 802/142/389
f 803/169/341 804/102/341 805/169/341
f 804/102/341 803/169/341 806/102/341
f 807/105/339 808/143/339 809/143/339
f 807/105/339 809/143/339 810/105/339
f 811/102/435 812/105/435 813/159/435
f 813/159/435 812/105/435 814/160/435
f 815/153/339 816/106/433 817/213/339
f 817/213/339 816/106/433 818/142/432
f 819/148/428 820/101/427 821/154/341
f 819/148/428 821/154/341 822/212/341
f 823/102/341 824/169/341 825/102/341
f 826/169/341 825/102/341 824/169/341
f 827/105/339 828/143/339 829/143/339
f 828/143/339 827/105/339 830/105/339
f 831/170/341 832/214/341 833/138/341
f 833/138/341 832/214/341 834/215/341
f 832/214/341 831/170/341 835/216/341
f 835/216/341 831/170/341 836/217/341
f 837/218/339 838/162/339 839/139/339
f 837/218/339 839/139/339 840/219/339
f 841/220/339 838/162/339 837/218/339
f 838/162/339 841/220/339 842/164/339
f 843/183/341 844/138/341 845/221/341
f 846/148/341 844/138/341 843/183/341
f 844/138/341 846/148/341 847/170/341
f 848/142/339 849/139/339 850/162/339
f 849/139/339 848/142/339 851/184/339
f 849/139/339 851/184/339 852/222/339
f 853/148/436 854/126/436 855/101/436
f 854/126/436 853/148/436 856/150/437
f 857/142/438 858/106/438 859/152/438
f 860/128/438 859/152/438 858/106/438
f 861/143/439 862/160/439 863/105/439
f 862/160/439 861/143/439 864/223/439
f 865/159/440 866/169/440 867/102/440
f 866/169/440 865/159/440 868/224/440
f 869/143/439 870/105/439 871/160/439
f 869/143/439 871/160/439 872/223/441
f 873/102/440 874/169/440 875/224/440
f 873/102/440 875/224/440 876/159/440
f 877/169/442 878/102/442 879/102/443
f 877/169/442 879/102/443 880/169/443
f 881/102/444 880/169/443 879/102/443
f 880/169/443 881/102/444 882/169/444
f 883/102/445 882/169/444 881/102/444
f 882/169/444 883/102/445 884/169/446
f 885/143/447 886/105/448 887/105/449
f 885/143/447 887/105/449 888/143/449
f 886/105/448 885/143/447 889/143/450
f 886/105/448 889/143/450 890/105/450
f 890/105/450 889/143/450 891/143/451
f 890/105/450 891/143/451 892/105/451
f 893/169/442 894/102/452 895/102/442
f 894/102/452 893/169/442 896/169/443
f 894/102/452 896/169/443 897/102/444
f 898/169/444 897/102/444 896/169/443
f 897/102/444 898/169/444 899/102/445
f 900/169/446 899/102/445 898/169/444
f 901/143/453 902/105/449 903/143/454
f 904/105/448 903/143/454 902/105/449
f 904/105/448 905/143/450 903/143/454
f 905/143/450 904/105/448 906/105/450
f 906/105/450 907/143/455 905/143/450
f 907/143/455 906/105/450 908/105/451
f 909/187/356 910/188/353 911/225/353
f 912/122/358 913/192/358 914/226/358
f 915/101/341 916/169/341 917/102/341
f 916/169/341 915/101/341 918/148/341
f 918/148/341 915/101/341 919/227/341
f 920/105/339 921/143/339 922/106/339
f 923/142/339 922/106/339 921/143/339
f 922/106/339 923/142/339 924/228/339
f 925/223/456 926/144/456 927/229/456
f 928/143/456 926/144/456 925/223/456
f 929/148/339 930/101/339 931/227/339
f 932/169/339 930/101/339 929/148/339
f 930/101/339 932/169/339 933/102/339
f 934/142/341 935/106/341 936/143/341
f 936/143/341 935/106/341 937/105/341
f 935/106/341 934/142/341 938/228/341
f 939/142/296 940/230/296 941/145/296
f 940/230/296 939/142/296 942/213/296
f 939/142/296 943/145/296 944/142/296
f 939/142/296 945/145/296 943/145/296
f 946/143/296 947/144/296 948/144/296
f 948/144/296 949/143/296 946/143/296
f 947/144/296 950/143/296 951/144/296
f 947/144/296 952/143/296 950/143/296
f 953/144/296 950/143/296 954/143/296
f 954/143/296 955/144/296 953/144/296
f 956/143/296 957/144/296 955/144/296
f 956/143/296 955/144/296 958/143/296
f 959/143/296 960/144/296 961/144/296
f 961/144/296 962/143/296 959/143/296
f 963/221/457 964/184/458 965/183/458
f 964/184/458 963/221/457 966/222/459
f 967/153/460 968/154/460 969/160/461
f 969/160/461 968/154/460 970/159/460
f 971/132/462 972/231/463 973/232/463
f 972/231/463 971/132/462 974/134/462
f 975/214/464 972/231/465 976/218/466
f 975/214/464 977/232/465 972/231/465
f 978/193/467 979/115/468 980/118/469
f 978/193/467 980/118/469 981/233/470
f 982/148/471 983/189/472 984/234/442
f 983/189/472 982/148/471 985/191/473
f 986/154/474 987/212/475 988/159/474
f 988/159/474 987/212/475 989/224/474
f 990/213/476 991/160/477 992/223/478
f 991/160/477 990/213/476 993/153/477
f 994/212/474 995/154/474 996/159/474
f 994/212/474 996/159/474 997/224/474
f 998/153/477 999/223/477 1000/160/479
f 999/223/477 998/153/477 1001/213/477
f 1002/171/296 1003/174/336 1004/174/336
f 1003/174/336 1005/175/337 1004/174/336
f 1003/174/336 1006/175/337 1005/175/337
f 1002/171/296 1004/174/336 1007/171/296
f 1008/169/334 1002/171/296 1007/171/296
f 1008/169/334 1007/171/296 1009/169/334
f 1010/170/315 1008/169/334 1009/169/334
f 1010/170/315 1009/169/334 1011/170/303
f 1012/148/333 1010/170/315 1011/170/303
f 1012/148/333 1011/170/303 1013/148/333
f 1014/172/286 1012/148/333 1013/148/333
f 1014/172/286 1013/148/333 1015/172/286
f 1016/173/332 1014/172/286 1015/172/286
f 1016/173/332 1015/172/286 1017/173/332
f 1018/176/480 1016/173/332 1017/173/332
f 1018/176/480 1017/173/332 1019/176/481
f 1020/156/286 1021/155/286 1022/157/286
f 1022/157/286 1021/155/286 1023/158/286
f 1024/230/482 1025/213/482 1026/229/482
f 1026/229/482 1025/213/482 1027/223/482
f 1028/235/339 1029/147/339 1030/236/339
f 1031/237/339 1030/236/339 1029/147/339
f 1030/236/339 1031/237/339 1032/238/339
f 1033/239/341 1034/240/341 1035/241/341
f 1036/240/341 1037/239/341 1038/140/341
f 1036/240/341 1038/140/341 1039/242/341
f 1040/237/341 1041/236/341 1042/147/341
f 1042/147/341 1041/236/341 1043/235/341
f 1041/236/341 1040/237/341 1044/238/341
f 1045/240/339 1046/140/339 1047/242/339
f 1045/240/339 1048/239/339 1046/140/339
f 1049/239/339 1050/240/339 1051/241/339
f 1052/142/483 1053/106/484 1054/162/485
f 1055/139/485 1054/162/485 1053/106/484
f 1056/143/486 1054/162/485 1055/139/485
f 1057/105/487 1056/143/486 1055/139/485
f 1058/148/488 1059/138/489 1060/101/490
f 1059/138/489 1058/148/488 1061/170/489
f 1061/170/489 1062/102/491 1059/138/489
f 1062/102/491 1061/170/489 1063/169/492
f 1064/142/484 1065/106/493 1066/162/485
f 1067/139/485 1066/162/485 1065/106/493
f 1068/143/486 1066/162/485 1067/139/485
f 1069/105/487 1068/143/486 1067/139/485
f 1070/148/494 1071/138/495 1072/101/488
f 1071/138/495 1070/148/494 1073/170/489
f 1073/170/489 1074/102/496 1071/138/495
f 1074/102/496 1073/170/489 1075/169/492
f 1076/199/296 1077/198/296 1078/243/296
f 1078/243/296 1077/198/296 1079/244/296
f 1080/178/497 1081/177/498 1082/173/343
f 1081/177/498 1083/176/499 1082/173/343
f 1082/173/343 1084/179/286 1080/178/497
f 1084/179/286 1082/173/343 1085/172/286
f 1085/172/286 1086/106/500 1084/179/286
f 1086/106/500 1085/172/286 1087/148/342
f 1088/170/501 1086/106/500 1087/148/342
f 1086/106/500 1088/170/501 1089/139/501
f 1090/169/340 1089/139/501 1088/170/501
f 1089/139/501 1090/169/340 1091/105/502
f 1090/169/340 1092/180/296 1091/105/502
f 1092/180/296 1090/169/340 1093/171/296
f 1093/171/296 1094/174/338 1092/180/296
f 1092/180/296 1094/174/338 1095/134/338
f 1095/134/338 1094/174/338 1096/175/503
f 1097/181/339 1095/134/338 1096/175/503
f 1098/178/333 1099/177/315 1100/173/333
f 1099/177/315 1101/176/303 1100/173/333
f 1098/178/333 1100/173/333 1102/172/286
f 1103/179/286 1098/178/333 1102/172/286
f 1102/172/286 1104/106/504 1103/179/286
f 1104/106/504 1102/172/286 1105/148/504
f 1104/106/504 1105/148/504 1106/170/316
f 1107/139/316 1104/106/504 1106/170/316
f 1107/139/316 1106/170/316 1108/169/336
f 1109/105/336 1107/139/316 1108/169/336
f 1109/105/336 1108/169/336 1110/171/296
f 1111/180/296 1109/105/336 1110/171/296
f 1110/171/296 1112/134/505 1111/180/296
f 1112/134/505 1110/171/296 1113/174/334
f 1112/134/505 1113/174/334 1114/175/506
f 1115/181/303 1112/134/505 1114/175/506
f 1116/219/507 1117/215/508 1118/214/509
f 1118/214/509 1119/218/509 1116/219/507
f 1120/215/510 1121/219/511 1122/138/286
f 1122/138/286 1121/219/511 1123/139/286
f 1122/138/286 1123/139/286 1124/221/512
f 1124/221/512 1123/139/286 1125/222/513
f 1126/134/514 1127/105/515 1128/127/516
f 1126/134/514 1128/127/516 1129/151/516
f 1129/151/516 1128/127/516 1130/125/517
f 1129/151/516 1130/125/517 1131/149/517
f 1131/149/517 1130/125/517 1132/102/518
f 1131/149/517 1132/102/518 1133/132/519
f 1134/169/341 1135/171/341 1136/169/341
f 1135/171/341 1134/169/341 1137/171/341
f 1138/170/341 1134/169/341 1136/169/341
f 1139/174/341 1135/171/341 1137/171/341
f 1138/170/341 1136/169/341 1140/170/341
f 1135/171/341 1139/174/341 1141/174/341
f 1142/175/341 1141/174/341 1139/174/341
f 1141/174/341 1142/175/341 1143/175/341
f 1144/148/341 1138/170/341 1140/170/341
f 1144/148/341 1140/170/341 1145/148/341
f 1145/148/341 1146/172/341 1144/148/341
f 1145/148/341 1147/172/341 1146/172/341
f 1148/173/341 1146/172/341 1147/172/341
f 1146/172/341 1148/173/341 1149/173/341
f 1150/176/341 1149/173/341 1148/173/341
f 1149/173/341 1150/176/341 1151/176/341
f 1152/169/339 1153/171/339 1154/169/339
f 1153/171/339 1152/169/339 1155/171/339
f 1156/170/339 1152/169/339 1154/169/339
f 1157/174/339 1153/171/339 1155/171/339
f 1156/170/339 1154/169/339 1158/170/339
f 1153/171/339 1157/174/339 1159/174/339
f 1160/175/339 1159/174/339 1157/174/339
f 1159/174/339 1160/175/339 1161/175/339
f 1162/148/339 1156/170/339 1158/170/339
f 1162/148/339 1158/170/339 1163/148/339
f 1163/148/339 1164/172/339 1162/148/339
f 1163/148/339 1165/172/339 1164/172/339
f 1166/173/339 1164/172/339 1165/172/339
f 1164/172/339 1166/173/339 1167/173/339
f 1168/176/339 1167/173/339 1166/173/339
f 1167/173/339 1168/176/339 1169/176/339
f 1170/245/337 1171/104/337 1172/233/449
f 1172/233/449 1173/246/520 1170/245/337
f 1174/245/521 1175/234/442 1171/104/522
f 1175/234/442 1174/245/521 1176/247/523
f 1177/101/316 1178/245/524 1179/248/316
f 1178/245/524 1180/249/316 1179/248/316
f 1178/245/524 1177/101/316 1181/104/316
f 1182/106/316 1178/245/524 1181/104/316
f 1178/245/524 1182/106/316 1183/250/316
f 1184/251/337 1178/245/524 1183/250/316
f 1185/244/315 1186/157/315 1187/158/315
f 1185/244/315 1187/158/315 1188/243/315
f 1189/244/315 1190/158/315 1191/157/315
f 1190/158/315 1189/244/315 1192/243/315
f 1193/144/435 1194/143/525 1195/223/435
f 1193/144/435 1195/223/435 1196/229/525
f 1197/171/296 1198/174/334 1199/171/296
f 1198/174/334 1197/171/296 1200/174/334
f 1200/174/334 1201/175/303 1198/174/334
f 1201/175/303 1200/174/334 1202/175/303
f 1199/171/296 1203/169/336 1197/171/296
f 1203/169/336 1199/171/296 1204/169/336
f 1204/169/336 1205/170/316 1203/169/336
f 1206/170/337 1205/170/316 1204/169/336
f 1206/170/337 1207/148/332 1205/170/316
f 1208/148/332 1207/148/332 1206/170/337
f 1208/148/332 1209/172/286 1207/148/332
f 1209/172/286 1208/148/332 1210/172/286
f 1210/172/286 1211/173/333 1209/172/286
f 1212/173/333 1211/173/333 1210/172/286
f 1212/173/333 1213/176/526 1211/173/333
f 1214/176/527 1213/176/526 1212/173/333
f 1215/176/303 1216/173/333 1217/176/303
f 1216/173/333 1215/176/303 1218/173/333
f 1218/173/333 1219/172/286 1216/173/333
f 1219/172/286 1218/173/333 1220/172/286
f 1219/172/286 1220/172/286 1221/148/332
f 1221/148/332 1220/172/286 1222/148/332
f 1221/148/332 1222/148/332 1223/170/316
f 1223/170/316 1222/148/332 1224/170/316
f 1223/170/316 1224/170/316 1225/169/336
f 1225/169/336 1224/170/316 1226/169/336
f 1226/169/336 1227/171/296 1225/169/336
f 1227/171/296 1226/169/336 1228/171/296
f 1227/171/296 1228/171/296 1229/174/334
f 1229/174/334 1228/171/296 1230/174/334
f 1229/174/334 1230/174/334 1231/175/303
f 1231/175/303 1230/174/334 1232/175/303
f 1233/176/337 1234/173/332 1235/173/332
f 1233/176/337 1235/173/332 1236/176/316
f 1234/173/332 1237/172/286 1235/173/332
f 1234/173/332 1238/172/286 1237/172/286
f 1238/172/286 1239/148/333 1237/172/286
f 1238/172/286 1240/148/333 1239/148/333
f 1240/148/333 1241/170/315 1239/148/333
f 1240/148/333 1242/170/315 1241/170/315
f 1242/170/315 1243/169/334 1241/170/315
f 1242/170/315 1244/169/334 1243/169/334
f 1244/169/334 1245/171/296 1243/169/334
f 1244/169/334 1246/171/296 1245/171/296
f 1246/171/296 1247/174/336 1245/171/296
f 1246/171/296 1248/174/336 1247/174/336
f 1248/174/336 1249/175/337 1247/174/336
f 1248/174/336 1250/175/337 1249/175/337
f 1251/176/339 1252/176/339 1253/173/343
f 1253/173/343 1252/176/339 1254/173/343
f 1255/172/286 1253/173/343 1254/173/343
f 1256/172/286 1255/172/286 1254/173/343
f 1257/148/342 1255/172/286 1256/172/286
f 1258/148/342 1257/148/342 1256/172/286
f 1258/148/342 1259/170/341 1257/148/342
f 1258/148/342 1260/170/341 1259/170/341
f 1260/170/341 1261/169/340 1259/170/341
f 1260/170/341 1262/169/340 1261/169/340
f 1262/169/340 1263/171/296 1261/169/340
f 1263/171/296 1262/169/340 1264/171/296
f 1264/171/296 1265/174/338 1263/171/296
f 1265/174/338 1264/171/296 1266/174/338
f 1266/174/338 1267/175/339 1265/174/338
f 1267/175/339 1266/174/338 1268/175/339
f 1269/213/460 1270/230/460 1271/229/460
f 1269/213/460 1271/229/460 1272/223/460
f 1273/169/315 1274/171/315 1275/169/315
f 1274/171/315 1273/169/315 1276/171/315
f 1277/170/315 1273/169/315 1275/169/315
f 1278/174/315 1274/171/315 1276/171/315
f 1277/170/315 1275/169/315 1279/170/315
f 1274/171/315 1278/174/315 1280/174/315
f 1281/175/315 1280/174/315 1278/174/315
f 1280/174/315 1281/175/315 1282/175/315
f 1283/148/315 1277/170/315 1279/170/315
f 1283/148/315 1279/170/315 1284/148/315
f 1284/148/315 1285/172/315 1283/148/315
f 1284/148/315 1286/172/315 1285/172/315
f 1287/173/315 1285/172/315 1286/172/315
f 1285/172/315 1287/173/315 1288/173/315
f 1289/176/315 1288/173/315 1287/173/315
f 1288/173/315 1289/176/315 1290/176/315
f 1291/235/296 1292/236/528 1293/101/528
f 1291/235/296 1293/101/528 1294/102/296
f 1292/236/528 1295/252/529 1293/101/528
f 1295/252/529 1292/236/528 1296/238/529
f 1296/238/529 1297/182/530 1295/252/529
f 1297/182/530 1296/238/529 1298/237/301
f 1299/241/529 1300/106/528 1301/179/529
f 1301/179/529 1302/239/301 1299/241/529
f 1303/178/301 1302/239/301 1301/179/529
f 1300/106/528 1299/241/529 1304/240/528
f 1304/240/528 1305/105/296 1300/106/528
f 1305/105/296 1304/240/528 1306/242/296
f 1307/142/286 1308/145/286 1309/230/286
f 1309/230/286 1310/213/286 1307/142/286
f 1311/145/286 1312/142/286 1313/145/286
f 1313/145/286 1312/142/286 1314/142/286
f 1315/143/286 1316/144/286 1317/144/286
f 1316/144/286 1315/143/286 1318/143/286
f 1319/143/286 1317/144/286 1320/143/286
f 1320/143/286 1317/144/286 1321/144/286
f 1322/144/286 1323/143/286 1320/143/286
f 1323/143/286 1322/144/286 1324/144/286
f 1325/144/286 1326/143/286 1324/144/286
f 1324/144/286 1326/143/286 1327/143/286
f 1328/143/286 1329/144/286 1330/144/286
f 1329/144/286 1328/143/286 1331/143/286
f 1332/198/286 1333/243/286 1334/244/286
f 1332/198/286 1335/199/286 1333/243/286
f 1336/101/531 1337/102/286 1338/235/286
f 1336/101/531 1338/235/286 1339/236/531
f 1340/252/532 1336/101/531 1339/236/531
f 1340/252/532 1339/236/531 1341/238/533
f 1342/182/534 1340/252/532 1341/238/533
f 1342/182/534 1341/238/533 1343/237/535
f 1344/241/532 1345/240/531 1346/106/531
f 1345/240/531 1347/105/286 1346/106/531
f 1345/240/531 1348/242/286 1347/105/286
f 1344/241/532 1346/106/531 1349/179/533
f 1350/239/536 1344/241/532 1349/179/533
f 1350/239/536 1349/179/533 1351/178/535
f 1352/95/296 1353/162/296 1354/143/296
f 1353/162/296 1352/95/296 1355/97/296
f 1353/162/296 1355/97/296 1356/142/296
f 1352/95/296 1357/161/296 1355/97/296
f 1357/161/296 1358/145/296 1355/97/296
f 1357/161/296 1352/95/296 1359/144/296
f 1360/95/296 1361/162/296 1362/143/296
f 1361/162/296 1360/95/296 1363/97/296
f 1361/162/296 1363/97/296 1364/142/296
f 1360/95/296 1365/161/296 1363/97/296
f 1365/161/296 1366/145/296 1363/97/296
f 1365/161/296 1360/95/296 1367/144/296
f 1368/103/286 1369/193/286 1370/189/286
f 1369/193/286 1368/103/286 1371/105/286
f 1368/103/286 1370/189/286 1372/102/286
f 1369/193/286 1373/104/286 1370/189/286
f 1370/189/286 1373/104/286 1374/234/286
f 1373/104/286 1369/193/286 1375/233/286
f 1376/253/537 1377/254/538 1378/97/537
f 1376/253/537 1378/97/537 1379/95/538
f 1380/95/539 1381/97/540 1382/255/539
f 1380/95/539 1382/255/539 1383/256/540
f 1384/254/541 1385/144/541 1386/145/542
f 1385/144/541 1384/254/541 1387/253/541
f 1388/256/543 1389/255/543 1390/210/543
f 1388/256/543 1390/210/543 1391/206/543
f 1392/257/544 1393/258/545 1394/104/546
f 1392/257/544 1394/104/546 1395/103/547
f 1394/104/546 1396/259/548 1395/103/547
f 1396/259/548 1394/104/546 1397/260/549
f 1395/103/550 1398/259/551 1399/130/552
f 1399/130/552 1398/259/551 1400/261/553
f 1399/130/552 1401/257/554 1395/103/550
f 1402/262/255 1401/257/554 1399/130/552
f 1403/258/545 1404/245/555 1394/104/546
f 1404/245/555 1403/258/545 1405/263/556
f 1394/104/546 1404/245/555 1406/260/557
f 1406/260/557 1404/245/555 1407/264/251
o Cylinder_006_Cylinder_014_120470944380948
v 1.565614 0.907754 -0.160658
v 1.586613 0.907754 -0.035067
v 1.576114 0.881381 -0.097862
v 1.576114 1.061462 -0.097862
v 1.590962 0.971421 -0.009055
v 1.586613 1.035090 -0.035067
v 1.561265 0.971421 -0.186670
v 1.565614 1.035090 -0.160658
v -1.281232 0.911868 0.319623
v -1.281232 1.030755 0.319623
v -1.285292 0.971312 0.295338
v -1.261626 0.911868 0.436882
v -1.271429 0.887245 0.378252
v -1.261626 1.030755 0.436882
v -1.257565 0.971312 0.461167
v -1.271429 1.055377 0.378252
v -1.237728 1.073420 0.269092
v -1.187426 0.971312 0.187214
v -1.244702 0.971312 0.227377
v -1.178994 1.094750 0.237645
v -1.158637 1.145881 0.359393
v -1.237728 0.869203 0.269092
v -1.178994 0.847873 0.237645
v -1.285292 0.971312 0.295338
v -1.281232 1.030755 0.319623
v -1.271429 1.055377 0.378252
v -1.281232 0.911868 0.319623
v -1.158637 0.796744 0.359393
v -1.271429 0.887245 0.378252
v -1.220889 0.826909 0.369802
v -1.220889 1.115714 0.369802
v -1.204050 1.073420 0.470512
v -1.261626 1.030755 0.436882
v -1.138281 1.094750 0.481142
v -1.257565 0.971312 0.461167
v -1.129849 0.971312 0.531572
v -1.197075 0.971312 0.512227
v -1.204050 0.869203 0.470512
v -1.261626 0.911868 0.436882
v -1.138281 0.847873 0.481142
v -1.257565 0.971312 0.461167
v -1.129849 0.971312 0.531572
v -1.197075 0.971312 0.512227
v 1.407930 0.971421 -0.259314
v 1.496534 0.862056 -0.195440
v 1.416962 0.839209 -0.205300
v 1.438765 0.784445 -0.074897
v 1.489063 0.971421 -0.240121
v 1.496534 1.080788 -0.195440
v 1.416962 1.103634 -0.205300
v 1.561265 0.971421 -0.186670
v 1.565614 0.907754 -0.160658
v 1.438765 1.158398 -0.074898
v 1.576114 0.881381 -0.097862
v 1.565614 1.035090 -0.160658
v 1.514569 0.816756 -0.087572
v 1.532605 0.862056 0.020296
v 1.586613 0.907754 -0.035067
v 1.460569 0.839209 0.055505
v 1.590962 0.971421 -0.009055
v 1.469600 0.971421 0.109519
v 1.540076 0.971421 0.064977
v 1.514569 1.126088 -0.087572
v 1.576114 1.061462 -0.097862
v 1.586613 1.035090 -0.035067
v 1.532605 1.080788 0.020296
v 1.460569 1.103634 0.055505
v 1.590962 0.971421 -0.009055
v 1.469600 0.971421 0.109519
v 1.540076 0.971421 0.064977
vn 0.8290 -0.3174 -0.4604
vn 0.9337 -0.3174 0.1657
vn 0.8814 -0.4489 -0.1468
vn 0.8814 0.4489 -0.1470
vn 0.9554 0.0005 0.2954
vn 0.9337 0.3174 0.1656
vn 0.8073 0.0004 -0.5901
vn 0.8290 0.3174 -0.4604
vn -0.9455 -0.2940 -0.1401
vn -0.9455 0.2941 -0.1400
vn -0.9656 0.0005 -0.2600
vn -0.8485 -0.2941 0.4399
vn -0.8970 -0.4157 0.1503
vn -0.8485 0.2940 0.4400
vn -0.8285 0.0004 0.5600
vn -0.8970 0.4157 0.1505
vn -0.6733 0.5725 -0.4679
vn -0.5741 0.0003 -0.8188
vn -0.7121 -0.0000 -0.7021
vn -0.5305 0.6380 -0.5581
vn -0.4253 0.9022 0.0711
vn -0.6729 -0.5727 -0.4681
vn -0.5305 -0.6380 -0.5581
vn -0.9655 0.0005 -0.2603
vn -0.9454 0.2941 -0.1401
vn -0.8968 0.4160 0.1505
vn -0.9454 -0.2941 -0.1401
vn -0.4253 -0.9022 0.0711
vn -0.8969 -0.4160 0.1503
vn -0.5785 -0.8099 0.0967
vn -0.5785 0.8099 0.0971
vn -0.4844 0.5725 0.6615
vn -0.8484 0.2941 0.4401
vn -0.3201 0.6380 0.7004
vn -0.8283 0.0005 0.5602
vn -0.2765 0.0006 0.9610
vn -0.4451 0.0005 0.8955
vn -0.4840 -0.5727 0.6616
vn -0.8484 -0.2941 0.4401
vn -0.3201 -0.6380 0.7004
vn -0.8284 0.0004 0.5601
vn -0.2765 0.0004 0.9610
vn -0.4451 0.0001 0.8955
vn 0.2302 -0.0000 -0.9731
vn 0.4378 -0.5937 -0.6752
vn 0.2747 -0.6518 -0.7068
vn 0.3822 -0.9219 -0.0639
vn 0.3972 -0.0000 -0.9177
vn 0.4378 0.5937 -0.6752
vn 0.2747 0.6518 -0.7068
vn 0.3822 0.9219 -0.0639
vn 0.8814 -0.4489 -0.1469
vn 0.8290 0.3174 -0.4605
vn 0.5359 -0.8396 -0.0889
vn 0.6336 -0.5937 0.4960
vn 0.4897 -0.6518 0.5790
vn 0.5343 0.0004 0.8453
vn 0.6742 0.0002 0.7385
vn 0.5357 0.8397 -0.0896
vn 0.8814 0.4489 -0.1469
vn 0.9337 0.3175 0.1657
vn 0.6336 0.5937 0.4960
vn 0.4897 0.6518 0.5790
vn 0.9554 0.0004 0.2954
vn 0.5343 0.0005 0.8453
vn 0.6742 0.0005 0.7385
vt 0.919706 0.080294
vt 0.919706 0.419706
vt 0.990000 0.250000
vt 0.510000 0.250000
vt 0.750000 0.490000
vt 0.580294 0.419706
vt 0.750000 0.010000
vt 0.580294 0.080294
vt 0.419706 0.080294
vt 0.080294 0.080294
vt 0.250000 0.010000
vt 0.419706 0.419706
vt 0.490000 0.250000
vt 0.080294 0.419706
vt 0.250000 0.490000
vt 0.010000 0.250000
vt 0.375000 1.000000
vt 0.500000 1.000000
vt 0.250000 1.000000
vt 0.625000 1.000000
vt 0.750000 1.000000
vt 0.125000 1.000000
vt 0.000000 1.000000
vt 0.875000 1.000000
vt 1.000000 1.000000
vt 0.500000 0.500000
vt 0.625000 0.500000
vt 0.750000 0.500000
vt 0.375000 0.500000
vt 0.250000 0.500000
vt 0.875000 0.500000
vt 1.000000 0.500000
vt 0.125000 0.500000
vt 0.000000 0.500000
s 1
f 1408/265/558 1409/266/559 1410/267/560
f 1408/265/558 1411/268/561 1409/266/559
f 1409/266/559 1411/268/561 1412/269/562
f 1412/269/562 1411/268/561 1413/270/563
f 1414/271/564 1411/268/561 1408/265/558
f 1411/268/561 1414/271/564 1415/272/565
f 1416/273/566 1417/274/567 1418/275/568
f 1417/274/567 1416/273/566 1419/276/569
f 1419/276/569 1416/273/566 1420/277/570
f 1417/274/567 1419/276/569 1421/278/571
f 1421/278/571 1419/276/569 1422/279/572
f 1417/274/567 1421/278/571 1423/280/573
f 1424/281/574 1425/282/575 1426/282/576
f 1425/282/575 1424/281/574 1427/281/577
f 1424/281/574 1428/283/578 1427/281/577
f 1426/282/576 1425/282/575 1429/284/579
f 1425/282/575 1430/284/580 1429/284/579
f 1424/281/574 1426/282/576 1431/282/581
f 1429/284/579 1431/282/581 1426/282/576
f 1432/281/582 1424/281/574 1431/282/581
f 1433/283/583 1424/281/574 1432/281/582
f 1431/282/581 1429/284/579 1434/284/584
f 1435/285/585 1429/284/579 1430/284/580
f 1429/284/579 1436/285/586 1434/284/584
f 1429/284/579 1435/285/585 1437/285/587
f 1429/284/579 1437/285/587 1436/285/586
f 1424/281/574 1433/283/583 1438/283/588
f 1428/283/578 1424/281/574 1438/283/588
f 1433/283/583 1439/286/589 1438/283/588
f 1439/286/589 1428/283/578 1438/283/588
f 1439/286/589 1433/283/583 1440/286/590
f 1428/283/578 1439/286/589 1441/286/591
f 1442/287/592 1439/286/589 1440/286/590
f 1443/287/593 1441/286/591 1439/286/589
f 1439/286/589 1442/287/592 1444/287/594
f 1444/287/594 1443/287/593 1439/286/589
f 1445/288/595 1436/285/586 1437/285/587
f 1437/285/587 1435/285/585 1445/288/595
f 1436/285/586 1445/288/595 1446/288/596
f 1435/285/585 1447/288/597 1445/288/595
f 1445/288/595 1448/289/598 1446/288/596
f 1449/289/599 1445/288/595 1447/288/597
f 1448/289/598 1445/288/595 1450/289/600
f 1445/288/595 1449/289/599 1450/289/600
f 1451/290/601 1452/291/602 1453/291/603
f 1452/291/602 1454/292/604 1453/291/603
f 1452/291/602 1451/290/601 1455/290/605
f 1451/290/601 1456/293/606 1455/290/605
f 1456/293/606 1451/290/601 1457/293/607
f 1452/291/602 1455/290/605 1458/290/564
f 1456/293/606 1458/290/564 1455/290/605
f 1459/291/558 1452/291/602 1458/290/564
f 1460/294/608 1456/293/606 1457/293/607
f 1461/292/609 1452/291/602 1459/291/558
f 1458/290/564 1456/293/606 1462/293/610
f 1452/291/602 1461/292/609 1463/292/611
f 1454/292/604 1452/291/602 1463/292/611
f 1461/292/609 1464/295/612 1463/292/611
f 1464/295/612 1454/292/604 1463/292/611
f 1464/295/612 1461/292/609 1465/295/559
f 1454/292/604 1464/295/612 1466/295/613
f 1467/296/562 1464/295/612 1465/295/559
f 1464/295/612 1468/296/614 1466/295/613
f 1464/295/612 1467/296/562 1469/296/615
f 1468/296/614 1464/295/612 1469/296/615
f 1470/294/616 1462/293/610 1456/293/606
f 1456/293/606 1460/294/608 1470/294/616
f 1462/293/610 1470/294/616 1471/294/617
f 1470/294/616 1472/297/618 1471/294/617
f 1470/294/616 1460/294/608 1473/297/619
f 1470/294/616 1473/297/619 1472/297/618
f 1460/294/608 1474/297/620 1473/297/619
f 1473/297/619 1475/298/621 1472/297/618
f 1476/298/622 1473/297/619 1474/297/620
f 1475/298/621 1473/297/619 1477/298/623
f 1473/297/619 1476/298/622 1477/298/623
o Cylinder_021_Cylinder_028_101512007898195
v -2.655626 0.056684 0.609693
v -2.646232 0.113645 0.665875
v -2.665019 0.113645 0.553510
v -2.648983 0.073368 0.649420
v -2.662268 0.073368 0.569965
v -2.655626 0.170607 0.609693
v -2.662268 0.153923 0.569965
v -2.648983 0.153923 0.649420
v -0.640515 0.141643 0.110807
v -0.715218 0.110269 0.123298
v -0.702401 0.141643 0.121155
v -0.671458 0.154638 0.115981
v -0.640515 0.078896 0.110807
v -0.627698 0.110269 0.108664
v -0.702401 0.078896 0.121155
v -0.671458 0.065901 0.115981
v -0.587829 0.078896 0.425908
v -0.662533 0.110269 0.438399
v -0.649716 0.078896 0.436256
v -0.618773 0.065901 0.431082
v -0.587829 0.141643 0.425908
v -0.575012 0.110269 0.423765
v -0.649716 0.141643 0.436256
v -0.618773 0.154638 0.431082
v 1.220072 0.078896 -0.183551
v 1.158184 0.141643 -0.173203
v 1.220072 0.141643 -0.183551
v 1.189129 0.154638 -0.178377
v 1.232889 0.110269 -0.185694
v 1.158184 0.078896 -0.173203
v 1.145367 0.110269 -0.171060
v 1.189129 0.065901 -0.178377
v 1.205425 0.078896 0.109337
v 1.205425 0.141643 0.109337
v 1.192608 0.110269 0.111480
v 1.267313 0.078896 0.098989
v 1.236370 0.065901 0.104163
v 1.267313 0.141643 0.098989
v 1.236370 0.154638 0.104163
v 1.280130 0.110269 0.096846
v -2.648983 0.073368 0.649420
v -1.953653 0.073368 0.533160
v -1.950902 0.113645 0.549614
v -2.646232 0.113645 0.665875
v -2.655626 0.056684 0.609693
v -1.960296 0.056684 0.493432
v -2.662268 0.073368 0.569965
v -1.966938 0.073368 0.453705
v -2.665019 0.113645 0.553510
v -1.969690 0.113645 0.437250
v -2.662268 0.153923 0.569965
v -1.966938 0.153923 0.453705
v -2.655626 0.170607 0.609693
v -1.960296 0.170607 0.493432
v -2.648983 0.153923 0.649420
v -1.953653 0.153923 0.533160
v -2.646232 0.113645 0.665875
v -1.950902 0.113645 0.549614
v -0.702401 0.141643 0.121155
v -0.618773 0.154638 0.431082
v -0.671458 0.154638 0.115981
v -0.649716 0.141643 0.436256
v -0.715218 0.110269 0.123298
v -0.662533 0.110269 0.438399
v -0.702401 0.078896 0.121155
v -0.649716 0.078896 0.436256
v -0.671458 0.065901 0.115981
v -0.618773 0.065901 0.431082
v -0.640515 0.078896 0.110807
v -0.587829 0.078896 0.425908
v -0.627698 0.110269 0.108664
v -0.575012 0.110269 0.423765
v -0.640515 0.141643 0.110807
v -0.587829 0.141643 0.425908
v -0.671458 0.154638 0.115981
v -0.618773 0.154638 0.431082
v -1.969690 0.113645 0.437250
v -1.950902 0.113645 0.549614
v -1.960296 0.056684 0.493432
v -1.953653 0.073368 0.533160
v -1.966938 0.073368 0.453705
v -1.960296 0.170607 0.493432
v -1.953653 0.153923 0.533160
v -1.966938 0.153923 0.453705
v 1.158184 0.141643 -0.173203
v 1.236370 0.154638 0.104163
v 1.189129 0.154638 -0.178377
v 1.205425 0.141643 0.109337
v 1.145367 0.110269 -0.171060
v 1.192608 0.110269 0.111480
v 1.158184 0.078896 -0.173203
v 1.205425 0.078896 0.109337
v 1.189129 0.065901 -0.178377
v 1.236370 0.065901 0.104163
v 1.220072 0.078896 -0.183551
v 1.267313 0.078896 0.098989
v 1.232889 0.110269 -0.185694
v 1.280130 0.110269 0.096846
v 1.220072 0.141643 -0.183551
v 1.267313 0.141643 0.098989
v 1.189129 0.154638 -0.178377
v 1.236370 0.154638 0.104163
vn -0.9862 0.0005 0.1654
vn -0.1644 0.0005 -0.9864
vn 0.1654 0.0005 0.9862
vn 0.1166 -0.7071 0.6974
vn 0.0006 -1.0000 0.0004
vn -0.1166 -0.7071 -0.6974
vn -0.1166 0.7071 -0.6974
vn 0.0006 1.0000 0.0004
vn 0.1166 0.7071 0.6974
vn 0.1654 0.0007 0.9862
vn 0.1654 0.0006 0.9862
vn -0.5728 0.8140 0.0963
vn 0.0004 1.0000 0.0004
vn -0.5728 0.8141 0.0958
vn -0.5729 -0.8140 0.0958
vn -0.5728 -0.8140 0.0963
vn 0.5729 -0.8141 -0.0953
vn 0.5728 -0.8141 -0.0958
vn 0.9864 0.0005 -0.1644
vn 0.5729 0.8140 -0.0958
vn 0.5729 0.8141 -0.0953
vn -0.5727 0.8141 0.0963
vn -0.5728 -0.8141 0.0958
vn -0.5727 -0.8141 0.0963
vn 0.5730 0.8140 -0.0953
vt 0.750000 1.000000
vt 0.000000 1.000000
vt 0.500000 1.000000
vt 0.875000 1.000000
vt 0.625000 1.000000
vt 0.250000 1.000000
vt 0.375000 1.000000
vt 0.125000 1.000000
vt 0.080294 0.419706
vt 0.490000 0.250000
vt 0.419706 0.419706
vt 0.250000 0.490000
vt 0.080294 0.080294
vt 0.010000 0.250000
vt 0.419706 0.080294
vt 0.250000 0.010000
vt 0.580294 0.080294
vt 0.990000 0.250000
vt 0.919706 0.080294
vt 0.750000 0.010000
vt 0.580294 0.419706
vt 0.510000 0.250000
vt 0.919706 0.419706
vt 0.750000 0.490000
vt 0.875000 0.500000
vt 1.000000 0.500000
vt 1.000000 1.000000
vt 0.750000 0.500000
vt 0.625000 0.500000
vt 0.500000 0.500000
vt 0.375000 0.500000
vt 0.250000 0.500000
vt 0.125000 0.500000
vt 0.000000 0.500000
s 1
f 1478/299/624 1479/300/624 1480/301/624
f 1479/300/624 1478/299/624 1481/302/624
f 1478/299/624 1480/301/624 1482/303/624
f 1479/300/624 1483/304/624 1480/301/624
f 1480/301/624 1483/304/624 1484/305/624
f 1483/304/624 1479/300/624 1485/306/624
f 1486/307/625 1487/308/625 1488/309/625
f 1486/307/625 1488/309/625 1489/310/625
f 1487/308/625 1486/307/625 1490/311/625
f 1490/311/625 1486/307/625 1491/312/625
f 1487/308/625 1490/311/625 1492/313/625
f 1492/313/625 1490/311/625 1493/314/625
f 1494/315/626 1495/316/626 1496/317/626
f 1494/315/626 1496/317/626 1497/318/626
f 1494/315/626 1498/319/626 1495/316/626
f 1498/319/626 1494/315/626 1499/320/626
f 1498/319/626 1500/321/626 1495/316/626
f 1500/321/626 1498/319/626 1501/322/626
f 1502/311/625 1503/309/625 1504/307/625
f 1504/307/625 1503/309/625 1505/310/625
f 1502/311/625 1504/307/625 1506/312/625
f 1502/311/625 1507/313/625 1503/309/625
f 1503/309/625 1507/313/625 1508/308/625
f 1507/313/625 1502/311/625 1509/314/625
f 1510/317/626 1511/321/626 1512/316/626
f 1511/321/626 1510/317/626 1513/315/626
f 1513/315/626 1510/317/626 1514/318/626
f 1515/319/626 1511/321/626 1513/315/626
f 1511/321/626 1515/319/626 1516/322/626
f 1515/319/626 1513/315/626 1517/320/626
f 1518/302/627 1519/323/627 1520/324/626
f 1518/302/627 1520/324/626 1521/325/626
f 1522/299/628 1519/323/627 1518/302/627
f 1522/299/628 1523/326/628 1519/323/627
f 1524/303/629 1523/326/628 1522/299/628
f 1524/303/629 1525/327/629 1523/326/628
f 1526/301/625 1525/327/629 1524/303/629
f 1526/301/625 1527/328/625 1525/327/629
f 1528/305/630 1527/328/625 1526/301/625
f 1528/305/630 1529/329/630 1527/328/625
f 1529/329/630 1528/305/630 1530/304/631
f 1529/329/630 1530/304/631 1531/330/631
f 1531/330/631 1530/304/631 1532/306/632
f 1531/330/631 1532/306/632 1533/331/632
f 1534/300/633 1533/331/632 1532/306/632
f 1534/300/633 1535/332/634 1533/331/632
f 1536/302/635 1537/324/636 1538/325/636
f 1537/324/636 1536/302/635 1539/323/637
f 1540/299/624 1539/323/637 1536/302/635
f 1539/323/637 1540/299/624 1541/326/624
f 1542/303/638 1541/326/624 1540/299/624
f 1541/326/624 1542/303/638 1543/327/639
f 1544/301/628 1543/327/639 1542/303/638
f 1543/327/639 1544/301/628 1545/328/628
f 1546/305/640 1545/328/628 1544/301/628
f 1545/328/628 1546/305/640 1547/329/641
f 1548/304/642 1547/329/641 1546/305/640
f 1547/329/641 1548/304/642 1549/330/642
f 1550/306/643 1549/330/642 1548/304/642
f 1549/330/642 1550/306/643 1551/331/644
f 1552/300/631 1551/331/644 1550/306/643
f 1551/331/644 1552/300/631 1553/332/631
f 1554/328/642 1555/332/642 1556/326/642
f 1556/326/642 1555/332/642 1557/323/642
f 1554/328/642 1556/326/642 1558/327/642
f 1554/328/642 1559/330/642 1555/332/642
f 1555/332/642 1559/330/642 1560/331/642
f 1559/330/642 1554/328/642 1561/329/642
f 1562/302/645 1563/324/636 1564/325/636
f 1563/324/636 1562/302/645 1565/323/637
f 1566/299/624 1565/323/637 1562/302/645
f 1565/323/637 1566/299/624 1567/326/624
f 1568/303/646 1567/326/624 1566/299/624
f 1567/326/624 1568/303/646 1569/327/647
f 1570/301/628 1569/327/647 1568/303/646
f 1569/327/647 1570/301/628 1571/328/628
f 1572/305/640 1571/328/628 1570/301/628
f 1571/328/628 1572/305/640 1573/329/641
f 1574/304/642 1573/329/641 1572/305/640
f 1573/329/641 1574/304/642 1575/330/642
f 1576/306/643 1575/330/642 1574/304/642
f 1575/330/642 1576/306/643 1577/331/648
f 1578/300/631 1577/331/648 1576/306/643
f 1577/331/648 1578/300/631 1579/332/631
o Plane_001_Plane_001_113789227660955
v -5.269413 0.428348 0.983112
v -5.273699 0.365608 0.957480
v -5.269085 0.365608 0.985074
v -5.269413 0.302868 0.983112
v -5.266151 0.408565 1.002624
v -5.266151 0.322651 1.002624
v -5.259067 0.426359 1.044993
v -5.259067 0.304857 1.044993
v -5.259067 0.454336 1.044993
v -5.259067 0.276879 1.044993
v -5.248720 0.428348 1.106874
v -5.248720 0.302868 1.106874
v -5.251982 0.408565 1.087362
v -5.249048 0.365608 1.104912
v -5.244434 0.365608 1.132506
v -5.251982 0.322651 1.087362
v -5.249048 0.365608 1.104912
v -5.244434 0.365608 1.132506
v -5.259067 0.304857 1.044993
v -5.251982 0.322651 1.087362
v -5.141978 0.365608 1.025416
v -5.249048 0.365608 1.104912
v -5.141978 0.365608 1.025416
v -5.266151 0.322651 1.002624
v -5.141978 0.365608 1.025416
v -5.269085 0.365608 0.985074
v -5.141978 0.365608 1.025416
v -5.266151 0.408565 1.002624
v -5.141978 0.365608 1.025416
v -5.259067 0.426359 1.044993
v -5.141978 0.365608 1.025416
v -5.251982 0.408565 1.087362
v -5.141978 0.365608 1.025416
v -5.249048 0.365608 1.104912
v -5.141978 0.365608 1.025416
v 1.578628 1.121961 0.061343
v 1.552664 1.140604 -0.093942
v 1.552664 1.187174 -0.093942
v 1.526700 1.121961 -0.249226
v 1.573197 1.089029 0.028862
v 1.589382 0.964519 0.125665
v 1.581702 0.964519 0.079728
v 1.532131 1.089029 -0.216745
v 1.515945 0.964519 -0.313548
v 1.523626 0.964519 -0.267611
v 1.532131 0.840012 -0.216745
v 1.526700 0.807079 -0.249226
v 1.552664 0.741865 -0.093942
v 1.552664 0.788439 -0.093942
v 1.573197 0.840012 0.028862
v 1.578628 0.807079 0.061343
v 1.589382 0.964519 0.125665
v 1.581702 0.964519 0.079728
v 1.407184 0.160122 -0.208726
v 1.274392 0.034546 0.091695
v 1.229138 0.034546 -0.178956
v 1.452438 0.160122 0.061925
v 1.413731 0.288237 0.068397
v 1.368478 0.288237 -0.202254
v 1.076728 0.170327 -0.141153
v 1.260569 -0.440845 0.081686
v 1.219324 -0.440845 -0.164995
v 1.117974 0.170327 0.105529
v 1.219324 -0.440845 -0.164995
v 1.260569 -0.440845 0.081686
v 1.229137 -0.482908 -0.166636
v 1.270383 -0.482908 0.080046
v 1.248768 -0.567043 -0.169919
v 1.290014 -0.567043 0.076763
v -2.913256 0.232526 0.787698
v -2.961695 0.299066 0.497993
v -2.935203 0.177401 0.656438
v -2.957150 0.232526 0.525179
v -2.904165 0.365608 0.842069
v -2.913256 0.498690 0.787698
v -2.935203 0.553816 0.656438
v -2.957150 0.498690 0.525179
v -2.966240 0.365608 0.470808
v 0.403330 0.288237 -0.056335
v 0.453611 0.288237 0.244387
v 0.403330 -0.120663 -0.056335
v 0.453611 -0.120663 0.244387
v 1.290014 -0.567043 0.076763
v 0.857921 -0.670672 0.149010
v 1.248768 -0.567043 -0.169919
v 0.816675 -0.670672 -0.097672
v -2.599406 0.472981 0.494569
v -2.604758 0.489878 0.462557
v -2.599003 0.472073 0.492281
v -2.587924 0.446204 0.441401
v -2.582817 0.430082 0.471941
v -2.610725 0.402531 0.426871
v -2.605618 0.386411 0.457413
v -2.536859 0.446204 0.746806
v -2.563888 0.472073 0.702298
v -2.541966 0.430082 0.716266
v -2.559660 0.489878 0.732278
v -2.565013 0.472981 0.700265
v -2.553694 0.402531 0.767963
v -2.558800 0.386411 0.737422
v -2.582037 0.289714 0.476606
v -2.609784 0.314918 0.432496
v -2.586949 0.270741 0.447232
v -2.604873 0.333892 0.461871
v -2.602974 0.229556 0.473227
v -2.582037 0.289714 0.476606
v -2.597070 0.252367 0.508541
v -2.542746 0.289714 0.711602
v -2.554634 0.314918 0.762338
v -2.559546 0.333892 0.732963
v -2.537834 0.270741 0.740975
v -2.542746 0.289714 0.711602
v -2.561445 0.229556 0.721608
v -2.567349 0.252367 0.686292
v 0.040927 0.316778 0.142553
v 0.012536 0.365608 -0.027249
v 0.019374 0.465716 0.013651
v 0.015871 0.316778 -0.007299
v 0.040927 0.465716 0.142552
v -2.212351 0.472981 0.429853
v -2.217703 0.489878 0.397841
v -2.211947 0.472073 0.427564
v -2.200869 0.446204 0.376685
v -2.195763 0.430082 0.407225
v -2.223670 0.402531 0.362155
v -2.218563 0.386411 0.392697
v -2.194983 0.289714 0.411889
v -2.222729 0.314918 0.367780
v -2.199894 0.270741 0.382516
v -2.217818 0.333892 0.397155
v -2.215919 0.229556 0.408510
v -2.194983 0.289714 0.411889
v -2.210015 0.252367 0.443825
v -2.149805 0.446204 0.682090
v -2.176832 0.472073 0.637582
v -2.154911 0.430082 0.651550
v -2.172606 0.489878 0.667561
v -2.177958 0.472981 0.635549
v -2.166639 0.402531 0.703247
v -2.171746 0.386411 0.672705
v -2.155691 0.289714 0.646885
v -2.167579 0.314918 0.697622
v -2.172491 0.333892 0.668247
v -2.150780 0.270741 0.676259
v -2.155691 0.289714 0.646885
v -2.174390 0.229556 0.656891
v -2.180294 0.252367 0.621576
v -1.825296 0.472981 0.365136
v -1.830648 0.489878 0.333124
v -1.824892 0.472073 0.362848
v -1.813814 0.446204 0.311969
v -1.808708 0.430082 0.342509
v -1.836615 0.402531 0.297439
v -1.831509 0.386411 0.327980
v -1.762750 0.446204 0.617374
v -1.789777 0.472073 0.572865
v -1.767856 0.430082 0.586833
v -1.785551 0.489878 0.602845
v -1.790903 0.472981 0.570833
v -1.779584 0.402531 0.638531
v -1.784690 0.386411 0.607989
v -1.807928 0.289714 0.347173
v -1.835675 0.314918 0.303064
v -1.812839 0.270741 0.317800
v -1.830763 0.333892 0.332438
v -1.828864 0.229556 0.343794
v -1.807928 0.289714 0.347173
v -1.822960 0.252367 0.379108
v -1.768636 0.289714 0.582169
v -1.780524 0.314918 0.632906
v -1.785436 0.333892 0.603531
v -1.763725 0.270741 0.611543
v -1.768636 0.289714 0.582169
v -1.787335 0.229556 0.592175
v -1.793239 0.252367 0.556860
v -1.396784 0.810221 0.555652
v -1.230300 0.810221 0.527816
v -1.386244 0.964519 0.618690
v -1.219760 0.964519 0.590853
v -1.255746 0.746310 0.375630
v -1.422230 0.746310 0.403466
v -1.281191 0.810221 0.223444
v -1.447676 0.810221 0.251281
v -1.291731 0.964519 0.160407
v -1.458215 0.964519 0.188243
v -1.281191 1.118821 0.223444
v -1.447676 1.118821 0.251281
v -1.255746 1.182733 0.375630
v -1.422230 1.182733 0.403466
v -1.230300 1.118821 0.527816
v -1.396784 1.118821 0.555652
v -1.219760 0.964519 0.590853
v -1.386244 0.964519 0.618690
v 1.578628 0.807079 0.061343
v 1.387400 0.964519 0.159436
v 1.376645 0.807079 0.095115
v 1.589382 0.964519 0.125665
v 1.552664 0.741865 -0.093942
v 1.350682 0.741865 -0.060170
v 1.526700 0.807079 -0.249226
v 1.324718 0.807079 -0.215454
v 1.515945 0.964519 -0.313548
v 1.313963 0.964519 -0.279776
v 1.526700 1.121961 -0.249226
v 1.324718 1.121961 -0.215454
v 1.552664 1.187174 -0.093942
v 1.350682 1.187174 -0.060170
v 1.578628 1.121961 0.061343
v 1.376645 1.121961 0.095115
v 1.589382 0.964519 0.125665
v 1.387400 0.964519 0.159436
v -0.423060 0.869286 0.332960
v 0.184064 0.869286 0.231447
v 0.190569 0.964519 0.270354
v -0.416554 0.964519 0.371867
v 0.797693 0.964519 0.168842
v 0.791187 0.869286 0.129935
v -0.438765 0.829839 0.239029
v 0.168358 0.829839 0.137517
v 0.791187 0.869286 0.129935
v 0.775482 0.829839 0.036005
v -0.454470 0.869286 0.145099
v 0.152653 0.869286 0.043587
v 0.775482 0.829839 0.036005
v 0.759777 0.869286 -0.057926
v -0.460976 0.964519 0.106192
v 0.146148 0.964519 0.004680
v 0.759777 0.869286 -0.057926
v 0.753271 0.964519 -0.096833
v -0.454470 1.059754 0.145099
v 0.152653 1.059754 0.043587
v 0.753271 0.964519 -0.096833
v 0.759777 1.059754 -0.057926
v -0.438765 1.099201 0.239029
v 0.168358 1.099201 0.137517
v 0.759777 1.059754 -0.057926
v 0.775482 1.099201 0.036005
v -0.423060 1.059754 0.332960
v 0.184064 1.059754 0.231447
v -0.416554 0.964519 0.371867
v 0.775482 1.099201 0.036005
v 0.791187 1.059754 0.129935
v 0.190569 0.964519 0.270354
v 0.791187 1.059754 0.129935
v 0.797693 0.964519 0.168842
v 1.274392 0.034546 0.091695
v 0.383875 0.034546 0.240591
v 1.229138 0.034546 -0.178956
v 0.338622 0.034546 -0.030060
v -0.423060 1.059754 0.332960
v -1.107802 0.964519 0.552022
v -0.416554 0.964519 0.371867
v -1.223031 0.964519 0.571288
v -1.232613 1.104791 0.513980
v -1.117384 1.104791 0.494713
v -1.255746 1.162894 0.375630
v -1.140517 1.162894 0.356363
v -0.438765 1.099201 0.239029
v -1.278878 1.104791 0.237280
v -0.454470 1.059754 0.145099
v -1.163649 1.104791 0.218013
v -1.288460 0.964519 0.179972
v -1.173231 0.964519 0.160705
v -0.460976 0.964519 0.106192
v -1.278878 0.824250 0.237280
v -0.454470 0.869286 0.145099
v -1.163649 0.824250 0.218013
v -1.255746 0.766148 0.375630
v -1.140517 0.766148 0.356363
v -0.438765 0.829839 0.239029
v -1.232613 0.824250 0.513980
v -0.423060 0.869286 0.332960
v -1.117384 0.824250 0.494713
v -1.223031 0.964519 0.571288
v -1.107802 0.964519 0.552022
v -0.416554 0.964519 0.371867
v -1.447676 0.810221 0.251281
v -1.451018 0.964519 0.231287
v -1.458215 0.964519 0.188243
v -1.442586 1.087960 0.281718
v -1.442586 0.841082 0.281718
v -1.447676 1.118821 0.251281
v -1.422230 0.746310 0.403466
v -1.422230 1.139089 0.403466
v -1.422230 0.789953 0.403466
v -1.422230 1.182733 0.403466
v -1.401873 0.841082 0.525215
v -1.396784 1.118821 0.555652
v -1.396784 0.810221 0.555652
v -1.393441 0.964519 0.575646
v -1.386244 0.964519 0.618690
v -1.401873 1.087960 0.525215
v -1.386244 0.964519 0.618690
v -1.393441 0.964519 0.575646
v -1.438240 0.472981 0.300420
v -1.443592 0.489878 0.268408
v -1.437837 0.472073 0.298132
v -1.426758 0.446204 0.247252
v -1.421651 0.430082 0.277792
v -1.449559 0.402531 0.232722
v -1.444452 0.386411 0.263264
v -1.420872 0.289714 0.282457
v -1.448618 0.314918 0.238347
v -1.425783 0.270741 0.253083
v -1.443707 0.333892 0.267722
v -1.441808 0.229556 0.279079
v -1.420872 0.289714 0.282457
v -1.435904 0.252367 0.314392
v -1.375694 0.446204 0.552657
v -1.402722 0.472073 0.508149
v -1.380800 0.430082 0.522117
v -1.398494 0.489878 0.538128
v -1.403847 0.472981 0.506116
v -1.392528 0.402531 0.573814
v -1.397634 0.386411 0.543272
v -1.381580 0.289714 0.517452
v -1.393468 0.314918 0.568189
v -1.398380 0.333892 0.538814
v -1.376668 0.270741 0.546826
v -1.381580 0.289714 0.517452
v -1.400279 0.229556 0.527457
v -1.406183 0.252367 0.492143
v -1.253666 0.789953 0.375282
v -1.422230 0.789953 0.403466
v -1.233309 0.841082 0.497031
v -1.401873 0.841082 0.525215
v -1.224877 0.964519 0.547461
v -1.393441 0.964519 0.575646
v -1.442586 0.841082 0.281718
v -1.274023 0.841082 0.253534
v -1.451018 0.964519 0.231287
v -1.282455 0.964519 0.203103
v -1.442586 1.087960 0.281718
v -1.274023 1.087960 0.253534
v -1.422230 1.139089 0.403466
v -1.253666 1.139089 0.375282
v -1.401873 1.087960 0.525215
v -1.233309 1.087960 0.497031
v -1.393441 0.964519 0.575646
v -1.224877 0.964519 0.547461
v -2.935203 0.177401 0.656438
v -1.787335 0.229556 0.592175
v -1.985508 0.229556 0.625310
v -1.598454 0.229556 0.560594
v -2.174390 0.229556 0.656891
v -1.400279 0.229556 0.527457
v -2.372564 0.229556 0.690027
v -2.561445 0.229556 0.721608
v -1.211395 0.229556 0.495876
v -2.759617 0.229556 0.754743
v -2.913256 0.232526 0.787698
v -2.935203 0.177401 0.656438
v -1.054752 0.229556 0.214362
v 2.760337 0.177401 -0.295867
v 2.738390 0.232526 -0.427127
v -1.252924 0.229556 0.247497
v -1.441808 0.229556 0.279079
v -1.639984 0.229556 0.312213
v -1.828864 0.229556 0.343794
v -2.027038 0.229556 0.376929
v -2.215919 0.229556 0.408510
v -2.414093 0.229556 0.441646
v -2.602974 0.229556 0.473227
v -1.013222 0.229556 0.462741
v 2.760337 0.177401 -0.295867
v 2.782284 0.232526 -0.164607
v -2.904165 0.365608 0.842069
v -2.775642 0.270741 0.780737
v -2.752807 0.314918 0.795473
v -2.554634 0.314918 0.762338
v -2.365753 0.314918 0.730757
v -2.537834 0.270741 0.740975
v -2.388586 0.270741 0.716021
v -2.167579 0.314918 0.697622
v -1.978698 0.314918 0.666041
v -2.150780 0.270741 0.676259
v -2.001531 0.270741 0.651304
v -1.780524 0.314918 0.632906
v -1.591643 0.314918 0.601324
v -1.763725 0.270741 0.611543
v -1.614476 0.270741 0.586588
v -1.393468 0.314918 0.568189
v -2.372564 0.229556 0.690027
v -2.537834 0.270741 0.740975
v -2.561445 0.229556 0.721608
v -2.388586 0.270741 0.716021
v -1.985508 0.229556 0.625310
v -2.150780 0.270741 0.676259
v -2.174390 0.229556 0.656891
v -2.001531 0.270741 0.651304
v -1.598454 0.229556 0.560594
v -1.763725 0.270741 0.611543
v -1.787335 0.229556 0.592175
v -1.614476 0.270741 0.586588
v -1.400279 0.229556 0.527457
v -1.227421 0.270741 0.521872
v -1.376668 0.270741 0.546826
v -1.211395 0.229556 0.495876
v -2.199894 0.270741 0.382516
v -2.050645 0.270741 0.357561
v -2.027038 0.229556 0.376929
v -2.215919 0.229556 0.408510
v -2.586949 0.270741 0.447232
v -2.437700 0.270741 0.422278
v -2.414093 0.229556 0.441646
v -2.602974 0.229556 0.473227
v -1.812839 0.270741 0.317800
v -1.663591 0.270741 0.292845
v -1.639984 0.229556 0.312213
v -1.828864 0.229556 0.343794
v -1.276536 0.270741 0.228129
v -1.441808 0.229556 0.279079
v -1.425783 0.270741 0.253083
v -1.252924 0.229556 0.247497
v -1.376668 0.270741 0.546826
v -1.227421 0.270741 0.521872
v -1.204585 0.314918 0.536607
v -1.006412 0.314918 0.503473
v 2.791375 0.365608 -0.110236
v -0.989614 0.270741 0.482110
v 2.786829 0.299066 -0.137422
v 2.782284 0.232526 -0.164607
v -1.013222 0.229556 0.462741
v -2.801147 0.229556 0.506362
v -2.957150 0.232526 0.525179
v -2.961695 0.299066 0.497993
v -2.824756 0.270741 0.486994
v -2.807957 0.314918 0.465631
v -2.966240 0.365608 0.470808
v -2.609784 0.314918 0.432496
v -2.420903 0.314918 0.400915
v -2.586949 0.270741 0.447232
v -2.437700 0.270741 0.422278
v -2.222729 0.314918 0.367780
v -2.033849 0.314918 0.336199
v -2.199894 0.270741 0.382516
v -2.050645 0.270741 0.357561
v -1.835675 0.314918 0.303064
v -1.646794 0.314918 0.271482
v -1.812839 0.270741 0.317800
v -1.663591 0.270741 0.292845
v -1.448618 0.314918 0.238347
v 0.012536 0.365608 -0.027249
v -1.276536 0.270741 0.228129
v -1.425783 0.270741 0.253083
v -1.259735 0.314918 0.206765
v -1.061562 0.314918 0.173631
v -1.038728 0.270741 0.188367
v 0.015871 0.316778 -0.007299
v -1.054752 0.229556 0.214362
v 0.835565 0.316778 -0.144354
v 2.738390 0.232526 -0.427127
v 1.068202 0.316778 -0.183251
v 1.440234 0.316778 -0.245456
v 2.729299 0.365608 -0.481497
v 1.436899 0.365608 -0.265405
v 1.436899 0.365608 -0.265405
v 2.738390 0.498690 -0.427127
v 1.398580 0.402928 -0.243325
v 0.839067 0.465716 -0.123404
v 1.067416 0.402928 -0.187954
v -1.056536 0.489875 0.203691
v 0.019374 0.465716 0.013651
v -2.957150 0.498690 0.525179
v -1.039703 0.446204 0.182536
v 0.012536 0.365608 -0.027249
v -1.062503 0.402531 0.168006
v -1.260675 0.402531 0.201140
v -1.449559 0.402531 0.232722
v -1.277511 0.446204 0.222298
v -2.966240 0.365608 0.470808
v -1.254709 0.489875 0.236826
v -1.426758 0.446204 0.247252
v -1.443592 0.489878 0.268408
v -1.641768 0.489878 0.301543
v -1.813814 0.446204 0.311969
v -1.830648 0.489878 0.333124
v -2.028822 0.489878 0.366259
v -2.200869 0.446204 0.376685
v -2.217703 0.489878 0.397841
v -2.415877 0.489878 0.430976
v -2.587924 0.446204 0.441401
v -2.604758 0.489878 0.462557
v -2.802931 0.489878 0.495692
v -2.825732 0.446204 0.481163
v -2.775642 0.270741 0.780737
v -2.913256 0.232526 0.787698
v -2.759617 0.229556 0.754743
v 0.453611 0.288237 0.244387
v 0.359078 -0.168963 0.260193
v 0.453611 -0.120663 0.244387
v -0.621863 0.016620 0.424208
v -0.776685 0.288237 0.450095
v -0.776685 0.185091 0.450095
v -1.005471 0.402531 0.509097
v -0.988639 0.446204 0.487941
v -2.904165 0.365608 0.842069
v 2.782284 0.498690 -0.164607
v -1.011438 0.489875 0.473412
v -1.203644 0.402531 0.542232
v -1.226446 0.446204 0.527703
v -1.392528 0.402531 0.573814
v -2.913256 0.498690 0.787698
v -1.209611 0.489875 0.506547
v -1.375694 0.446204 0.552657
v -1.398494 0.489878 0.538128
v -1.596670 0.489878 0.571264
v -1.762750 0.446204 0.617374
v -1.785551 0.489878 0.602845
v -1.983724 0.489878 0.635980
v -2.149805 0.446204 0.682090
v -2.172606 0.489878 0.667561
v -2.370780 0.489878 0.700696
v -2.536859 0.446204 0.746806
v -2.559660 0.489878 0.732278
v -2.757833 0.489878 0.765412
v -2.774667 0.446204 0.786568
v -1.226446 0.446204 0.527703
v -1.375694 0.446204 0.552657
v -1.392528 0.402531 0.573814
v -1.209611 0.489875 0.506547
v -2.370780 0.489878 0.700696
v -2.536859 0.446204 0.746806
v -2.387611 0.446204 0.721852
v -2.553694 0.402531 0.767963
v -1.596670 0.489878 0.571264
v -1.762750 0.446204 0.617374
v -1.613501 0.446204 0.592419
v -1.779584 0.402531 0.638531
v -1.983724 0.489878 0.635980
v -2.149805 0.446204 0.682090
v -2.000556 0.446204 0.657135
v -2.166639 0.402531 0.703247
v -2.904165 0.365608 0.842069
v -2.166639 0.402531 0.703247
v -2.364813 0.402531 0.736382
v -1.977758 0.402531 0.671666
v -1.779584 0.402531 0.638531
v -1.590703 0.402531 0.606949
v -1.392528 0.402531 0.573814
v -2.387611 0.446204 0.721852
v -2.553694 0.402531 0.767963
v -2.364813 0.402531 0.736382
v -2.751866 0.402531 0.801098
v -1.977758 0.402531 0.671666
v -2.166639 0.402531 0.703247
v -2.000556 0.446204 0.657135
v -1.779584 0.402531 0.638531
v -1.590703 0.402531 0.606949
v -1.613501 0.446204 0.592419
v -2.913256 0.498690 0.787698
v -1.398494 0.489878 0.538128
v -1.209611 0.489875 0.506547
v -2.370780 0.489878 0.700696
v -2.559660 0.489878 0.732278
v -2.172606 0.489878 0.667561
v -1.983724 0.489878 0.635980
v -1.785551 0.489878 0.602845
v -1.596670 0.489878 0.571264
v -2.801147 0.229556 0.506362
v -2.957150 0.232526 0.525179
v -2.824756 0.270741 0.486994
v -0.826966 0.185091 0.149373
v -0.776685 0.185091 0.450095
v -0.826966 0.288237 0.149373
v -0.776685 0.288237 0.450095
v -0.621863 0.016620 0.424208
v -0.672144 0.016620 0.123486
v 0.359078 -0.168963 0.260193
v 0.308797 -0.168963 -0.040529
v 0.403330 -0.120663 -0.056335
v 0.453611 -0.120663 0.244387
v 0.403330 0.288237 -0.056335
v -0.672144 0.016620 0.123486
v -0.826966 0.288237 0.149373
v -0.826966 0.185091 0.149373
v 0.308797 -0.168963 -0.040529
v 0.403330 -0.120663 -0.056335
v -1.277511 0.446204 0.222298
v -1.426758 0.446204 0.247252
v -1.254709 0.489875 0.236826
v -1.449559 0.402531 0.232722
v -2.587924 0.446204 0.441401
v -2.415877 0.489878 0.430976
v -2.438675 0.446204 0.416447
v -2.610725 0.402531 0.426871
v -1.813814 0.446204 0.311969
v -1.641768 0.489878 0.301543
v -1.664565 0.446204 0.287014
v -1.836615 0.402531 0.297439
v -2.200869 0.446204 0.376685
v -2.028822 0.489878 0.366259
v -2.051620 0.446204 0.351730
v -2.223670 0.402531 0.362155
v -2.421844 0.402531 0.395290
v -2.610725 0.402531 0.426871
v -2.438675 0.446204 0.416447
v -2.808897 0.402531 0.460006
v -1.836615 0.402531 0.297439
v -1.647734 0.402531 0.265857
v -1.664565 0.446204 0.287014
v -2.034789 0.402531 0.330574
v -2.223670 0.402531 0.362155
v -2.051620 0.446204 0.351730
v -2.223670 0.402531 0.362155
v -2.966240 0.365608 0.470808
v -2.421844 0.402531 0.395290
v -2.034789 0.402531 0.330574
v -1.836615 0.402531 0.297439
v -1.647734 0.402531 0.265857
v -1.449559 0.402531 0.232722
v -1.260675 0.402531 0.201140
v 0.012536 0.365608 -0.027249
v -1.443592 0.489878 0.268408
v -2.957150 0.498690 0.525179
v -1.254709 0.489875 0.236826
v -2.415877 0.489878 0.430976
v -2.604758 0.489878 0.462557
v -2.217703 0.489878 0.397841
v -2.028822 0.489878 0.366259
v -1.830648 0.489878 0.333124
v -1.641768 0.489878 0.301543
v 1.274392 0.034546 0.091695
v 0.383875 0.160122 0.240591
v 0.383875 0.034546 0.240591
v 1.452438 0.160122 0.061925
v 1.413731 0.288237 0.068397
v 0.383875 0.288237 0.240591
v 2.758516 -0.162901 -0.166209
v 2.619177 -0.429755 -0.142910
v 2.774000 -0.429755 -0.168796
v 2.634657 -0.162901 -0.145499
v 2.762724 0.260921 -0.141043
v 2.638865 0.260921 -0.120333
v 2.448874 -0.162901 -0.114436
v 2.170192 -0.366964 -0.067838
v 1.984405 -0.068721 -0.036776
v 2.046335 -0.366964 -0.047129
v 1.814103 -0.241389 -0.008301
v 1.845067 0.229527 -0.013478
v 1.597350 0.229527 0.027940
v 1.946027 -0.420310 -0.030358
v 1.790554 -0.329320 -0.004362
v 1.842554 -0.415468 -0.013057
v 1.229138 0.034546 -0.178956
v 0.338622 0.160122 -0.030060
v 1.407184 0.160122 -0.208726
v 0.338622 0.034546 -0.030060
v 1.368478 0.288237 -0.202254
v 0.338622 0.288237 -0.030060
v 1.260569 -0.440845 0.081686
v 0.727374 0.076647 0.170838
v 0.869965 -0.534524 0.146996
v 1.117974 0.170327 0.105529
v 1.260569 -0.440845 0.081686
v 0.869965 -0.534524 0.146996
v 1.270383 -0.482908 0.080046
v 0.838291 -0.586540 0.152292
v 1.270383 -0.482908 0.080046
v 0.857921 -0.670672 0.149010
v 1.290014 -0.567043 0.076763
v 0.838291 -0.586540 0.152292
v 2.577096 -0.429755 -0.394582
v 2.592577 -0.162901 -0.397171
v 2.716436 -0.162901 -0.417880
v 2.731920 -0.429755 -0.420469
v 2.588369 0.260921 -0.422338
v 2.712228 0.260921 -0.443048
v 2.406794 -0.162901 -0.366107
v 2.128112 -0.366964 -0.319511
v 1.942325 -0.068721 -0.288447
v 2.004255 -0.366964 -0.298802
v 1.772023 -0.241389 -0.259972
v 1.802987 0.229527 -0.265151
v 1.555270 0.229527 -0.223732
v 1.903947 -0.420310 -0.282030
v 1.748474 -0.329320 -0.256035
v 1.800474 -0.415468 -0.264729
v 1.219324 -0.440845 -0.164995
v 0.686128 0.076647 -0.075844
v 1.076728 0.170327 -0.141153
v 0.828719 -0.534524 -0.099686
v 1.229137 -0.482908 -0.166636
v 0.828719 -0.534524 -0.099686
v 1.219324 -0.440845 -0.164995
v 0.797046 -0.586540 -0.094390
v 1.248768 -0.567043 -0.169919
v 0.816675 -0.670672 -0.097672
v 1.229137 -0.482908 -0.166636
v 0.797046 -0.586540 -0.094390
v -2.935203 0.553816 0.656438
v 2.760337 0.553816 -0.295867
v -2.913256 0.498690 0.787698
v -2.904165 0.365608 0.842069
v -2.774667 0.446204 0.786568
v -2.751866 0.402531 0.801098
v -2.957150 0.498690 0.525179
v -2.825732 0.446204 0.481163
v -2.966240 0.365608 0.470808
v -2.808897 0.402531 0.460006
v 2.738390 0.498690 -0.427127
v -2.935203 0.553816 0.656438
v 2.760337 0.553816 -0.295867
v -5.248720 0.302868 1.106874
v -0.850621 0.302868 0.371504
v -0.846335 0.365608 0.397135
v -5.244434 0.365608 1.132506
v -5.259067 0.276879 1.044993
v -0.860968 0.276879 0.309622
v -5.269413 0.302868 0.983112
v -0.871314 0.302868 0.247741
v -5.273699 0.365608 0.957480
v -0.875600 0.365608 0.222110
v -5.269413 0.428348 0.983112
v -0.871314 0.428348 0.247741
v -5.259067 0.454336 1.044993
v -0.860968 0.454336 0.309622
v -5.248720 0.428348 1.106874
v -0.850621 0.428348 0.371504
v -5.244434 0.365608 1.132506
v -0.846335 0.365608 0.397135
v 1.424422 0.402928 -0.088770
v 1.093257 0.402928 -0.033399
v 1.398580 0.402928 -0.243325
v 1.067416 0.402928 -0.187954
v -2.222729 0.314918 0.367780
v -2.415992 0.333892 0.430290
v -2.420903 0.314918 0.400915
v -2.217818 0.333892 0.397155
v -1.835675 0.314918 0.303064
v -2.028937 0.333892 0.365574
v -2.033849 0.314918 0.336199
v -1.830763 0.333892 0.332438
v -1.448618 0.314918 0.238347
v -1.641882 0.333892 0.300857
v -1.646794 0.314918 0.271482
v -1.443707 0.333892 0.267722
v -1.061562 0.314918 0.173631
v -1.254823 0.333892 0.236140
v -1.259735 0.314918 0.206765
v -1.056651 0.333892 0.203005
v -2.609784 0.314918 0.432496
v -2.803045 0.333892 0.495006
v -2.807957 0.314918 0.465631
v -2.604873 0.333892 0.461871
v -1.016791 0.472981 0.441400
v -1.209611 0.489875 0.506547
v -1.214963 0.472981 0.474535
v -1.011438 0.489875 0.473412
v -1.204585 0.314918 0.536607
v -1.232333 0.289714 0.492498
v -1.209496 0.333892 0.507233
v -1.227421 0.270741 0.521872
v -1.006412 0.314918 0.503473
v -1.011324 0.333892 0.474098
v 0.040927 0.465716 0.142552
v 0.860620 0.465716 0.005497
v 0.860620 0.316778 0.005499
v 0.040927 0.316778 0.142553
v 1.093257 0.402928 -0.033399
v 1.093257 0.316778 -0.033399
v 1.424422 0.402928 -0.088770
v 1.093257 0.316778 -0.033399
v 1.465290 0.316778 -0.095603
v 1.465290 0.367836 -0.095603
v -2.212351 0.472981 0.429853
v -2.415877 0.489878 0.430976
v -2.217703 0.489878 0.397841
v -2.410525 0.472981 0.462988
v -1.825296 0.472981 0.365136
v -2.028822 0.489878 0.366259
v -1.830648 0.489878 0.333124
v -2.023470 0.472981 0.398272
v -1.641768 0.489878 0.301543
v -1.443592 0.489878 0.268408
v -1.438240 0.472981 0.300420
v -1.636415 0.472981 0.333555
v -1.051184 0.472981 0.235703
v -1.254709 0.489875 0.236826
v -1.056536 0.489875 0.203691
v -1.249356 0.472981 0.268838
v -2.599406 0.472981 0.494569
v -2.802931 0.489878 0.495692
v -2.604758 0.489878 0.462557
v -2.797578 0.472981 0.527704
v 0.860620 0.465716 0.005497
v 0.040927 0.465716 0.142552
v 0.839067 0.465716 -0.123404
v 0.019374 0.465716 0.013651
v -1.259735 0.314918 0.206765
v -1.271624 0.289714 0.257502
v -1.276536 0.270741 0.228129
v -1.254823 0.333892 0.236140
v -1.591643 0.314918 0.601324
v -1.619387 0.289714 0.557214
v -1.596555 0.333892 0.571950
v -1.614476 0.270741 0.586588
v -1.393468 0.314918 0.568189
v -1.398380 0.333892 0.538814
v -2.023470 0.472981 0.398272
v -2.887024 0.516172 0.648383
v -2.212351 0.472981 0.429853
v -2.024592 0.472073 0.396238
v -2.211947 0.472073 0.427564
v -2.410525 0.472981 0.462988
v -1.825296 0.472981 0.365136
v -2.599406 0.472981 0.494569
v -2.411647 0.472073 0.460955
v -2.599003 0.472073 0.492281
v -2.797578 0.472981 0.527704
v -2.904581 0.472073 0.543374
v -2.798703 0.472073 0.525671
v -0.843394 0.516172 0.306684
v -1.637537 0.472073 0.331522
v -1.824892 0.472073 0.362848
v -1.636415 0.472981 0.333555
v -1.438240 0.472981 0.300420
v -1.250482 0.472073 0.266806
v -1.437837 0.472073 0.298132
v -1.249356 0.472981 0.268838
v -1.051184 0.472981 0.235703
v -0.860951 0.472073 0.201675
v -1.050782 0.472073 0.233415
v -1.403847 0.472981 0.506116
v -0.843394 0.516172 0.306684
v -1.214963 0.472981 0.474535
v -1.215367 0.472073 0.476823
v -1.402722 0.472073 0.508149
v -1.016791 0.472981 0.441400
v -1.602022 0.472981 0.539252
v -0.825836 0.472073 0.411693
v -1.015667 0.472073 0.443433
v -1.790903 0.472981 0.570833
v -1.602422 0.472073 0.541539
v -1.789777 0.472073 0.572865
v -2.887024 0.516172 0.648383
v -1.989077 0.472981 0.603968
v -2.177958 0.472981 0.635549
v -1.989477 0.472073 0.606256
v -2.176832 0.472073 0.637582
v -2.376132 0.472981 0.668684
v -2.565013 0.472981 0.700265
v -2.376532 0.472073 0.670972
v -2.563888 0.472073 0.702298
v -2.763185 0.472981 0.733400
v -2.869466 0.472073 0.753391
v -2.763588 0.472073 0.735688
v -1.254709 0.489875 0.236826
v -1.250482 0.472073 0.266806
v -1.277511 0.446204 0.222298
v -1.249356 0.472981 0.268838
v -1.272404 0.430082 0.252838
v -1.260675 0.402531 0.201140
v -1.255569 0.386411 0.231682
v -1.214963 0.472981 0.474535
v -1.209611 0.489875 0.506547
v -1.215367 0.472073 0.476823
v -1.226446 0.446204 0.527703
v -1.231553 0.430082 0.497162
v -1.203644 0.402531 0.542232
v -1.208751 0.386411 0.511691
v -2.421844 0.402531 0.395290
v -2.218563 0.386411 0.392697
v -2.223670 0.402531 0.362155
v -2.416737 0.386411 0.425832
v -2.034789 0.402531 0.330574
v -1.831509 0.386411 0.327980
v -1.836615 0.402531 0.297439
v -2.029682 0.386411 0.361115
v -1.647734 0.402531 0.265857
v -1.444452 0.386411 0.263264
v -1.449559 0.402531 0.232722
v -1.642628 0.386411 0.296399
v -1.260675 0.402531 0.201140
v -1.057396 0.386411 0.198547
v -1.062503 0.402531 0.168006
v -1.255569 0.386411 0.231682
v -2.808897 0.402531 0.460006
v -2.605618 0.386411 0.457413
v -2.610725 0.402531 0.426871
v -2.803791 0.386411 0.490548
v -2.180294 0.252367 0.621576
v -2.378468 0.252367 0.654711
v -2.372564 0.229556 0.690027
v -2.174390 0.229556 0.656891
v -1.793239 0.252367 0.556860
v -1.991413 0.252367 0.589995
v -1.985508 0.229556 0.625310
v -1.787335 0.229556 0.592175
v -1.604359 0.252367 0.525278
v -1.400279 0.229556 0.527457
v -1.406183 0.252367 0.492143
v -1.598454 0.229556 0.560594
v -1.019127 0.252367 0.427427
v -1.217300 0.252367 0.460561
v -1.211395 0.229556 0.495876
v -1.013222 0.229556 0.462741
v -2.567349 0.252367 0.686292
v -2.765522 0.252367 0.719427
v -2.759617 0.229556 0.754743
v -2.561445 0.229556 0.721608
v -1.278878 1.104791 0.237280
v -1.255746 1.182733 0.375630
v -1.255746 1.162894 0.375630
v -1.232613 1.104791 0.513980
v -1.281191 1.118821 0.223444
v -1.230300 1.118821 0.527816
v -1.219760 0.964519 0.590853
v -1.223031 0.964519 0.571288
v -1.291731 0.964519 0.160407
v -1.288460 0.964519 0.179972
v -1.281191 0.810221 0.223444
v -1.278878 0.824250 0.237280
v -1.255746 0.746310 0.375630
v -1.255746 0.766148 0.375630
v -1.232613 0.824250 0.513980
v -1.230300 0.810221 0.527816
v -1.223031 0.964519 0.571288
v -1.219760 0.964519 0.590853
v -2.414093 0.229556 0.441646
v -2.210015 0.252367 0.443825
v -2.215919 0.229556 0.408510
v -2.408189 0.252367 0.476960
v -2.027038 0.229556 0.376929
v -1.822960 0.252367 0.379108
v -1.828864 0.229556 0.343794
v -2.021134 0.252367 0.412243
v -1.441808 0.229556 0.279079
v -1.634079 0.252367 0.347527
v -1.435904 0.252367 0.314392
v -1.639984 0.229556 0.312213
v -1.252924 0.229556 0.247497
v -1.048847 0.252367 0.249675
v -1.054752 0.229556 0.214362
v -1.247020 0.252367 0.282810
v -2.801147 0.229556 0.506362
v -2.597070 0.252367 0.508541
v -2.602974 0.229556 0.473227
v -2.795242 0.252367 0.541676
v -2.171746 0.386411 0.672705
v -2.369920 0.386411 0.705840
v -2.364813 0.402531 0.736382
v -2.166639 0.402531 0.703247
v -1.784690 0.386411 0.607989
v -1.982864 0.386411 0.641124
v -1.977758 0.402531 0.671666
v -1.779584 0.402531 0.638531
v -1.590703 0.402531 0.606949
v -1.397634 0.386411 0.543272
v -1.595810 0.386411 0.576408
v -1.392528 0.402531 0.573814
v -1.010578 0.386411 0.478556
v -1.208751 0.386411 0.511691
v -1.203644 0.402531 0.542232
v -1.005471 0.402531 0.509097
v -2.558800 0.386411 0.737422
v -2.756973 0.386411 0.770557
v -2.751866 0.402531 0.801098
v -2.553694 0.402531 0.767963
v -1.211395 0.229556 0.495876
v -1.232333 0.289714 0.492498
v -1.227421 0.270741 0.521872
v -1.217300 0.252367 0.460561
v -1.659459 0.430082 0.317554
v -1.808708 0.430082 0.342509
v -1.642628 0.386411 0.296399
v -1.637537 0.472073 0.331522
v -1.824892 0.472073 0.362848
v -1.831509 0.386411 0.327980
v -0.868224 0.365608 0.158181
v -1.444452 0.386411 0.263264
v -2.911854 0.365608 0.499880
v -2.029682 0.386411 0.361115
v -1.255569 0.386411 0.231682
v -1.057396 0.386411 0.198547
v -1.272404 0.430082 0.252838
v -1.034597 0.430082 0.213076
v -0.860951 0.472073 0.201675
v -1.050782 0.472073 0.233415
v -1.421651 0.430082 0.277792
v -1.250482 0.472073 0.266806
v -1.437837 0.472073 0.298132
v -2.195763 0.430082 0.407225
v -2.046514 0.430082 0.382271
v -2.024592 0.472073 0.396238
v -2.211947 0.472073 0.427564
v -2.218563 0.386411 0.392697
v -2.416737 0.386411 0.425832
v -2.605618 0.386411 0.457413
v -2.803791 0.386411 0.490548
v -2.582817 0.430082 0.471941
v -2.820625 0.430082 0.511703
v -2.904581 0.472073 0.543374
v -2.798703 0.472073 0.525671
v -2.433569 0.430082 0.446987
v -2.411647 0.472073 0.460955
v -2.599003 0.472073 0.492281
v -1.252924 0.229556 0.247497
v -1.271624 0.289714 0.257502
v -1.247020 0.252367 0.282810
v -1.276536 0.270741 0.228129
v 0.835565 0.316778 -0.144354
v 0.015871 0.316778 -0.007299
v 0.040927 0.316778 0.142553
v 0.860620 0.316778 0.005499
v 1.440234 0.316778 -0.245456
v 1.068202 0.316778 -0.183251
v 1.093257 0.316778 -0.033399
v 1.465290 0.316778 -0.095603
v 1.068202 0.316778 -0.183251
v 0.835565 0.316778 -0.144354
v 0.860620 0.316778 0.005499
v 1.093257 0.316778 -0.033399
v -2.869466 0.472073 0.753391
v -2.779773 0.430082 0.756028
v -2.862194 0.365608 0.796886
v -2.763588 0.472073 0.735688
v -2.756973 0.386411 0.770557
v -2.558800 0.386411 0.737422
v -2.369920 0.386411 0.705840
v -2.541966 0.430082 0.716266
v -2.392717 0.430082 0.691311
v -2.376532 0.472073 0.670972
v -2.563888 0.472073 0.702298
v -2.171746 0.386411 0.672705
v -1.982864 0.386411 0.641124
v -2.154911 0.430082 0.651550
v -1.784690 0.386411 0.607989
v -2.005662 0.430082 0.626595
v -1.989477 0.472073 0.606256
v -2.176832 0.472073 0.637582
v -0.818564 0.365608 0.455187
v -1.595810 0.386411 0.576408
v -1.767856 0.430082 0.586833
v -1.618608 0.430082 0.561879
v -1.602422 0.472073 0.541539
v -1.789777 0.472073 0.572865
v -1.397634 0.386411 0.543272
v -1.208751 0.386411 0.511691
v -1.231553 0.430082 0.497162
v -1.010578 0.386411 0.478556
v -1.380800 0.430082 0.522117
v -1.215367 0.472073 0.476823
v -1.402722 0.472073 0.508149
v -0.993745 0.430082 0.457401
v -0.825836 0.472073 0.411693
v -1.015667 0.472073 0.443433
v -1.051184 0.472981 0.235703
v -1.056536 0.489875 0.203691
v -1.050782 0.472073 0.233415
v -1.039703 0.446204 0.182536
v -1.034597 0.430082 0.213076
v -1.062503 0.402531 0.168006
v -1.057396 0.386411 0.198547
v -0.988639 0.446204 0.487941
v -1.015667 0.472073 0.443433
v -0.993745 0.430082 0.457401
v -1.011438 0.489875 0.473412
v -1.016791 0.472981 0.441400
v -1.005471 0.402531 0.509097
v -1.010578 0.386411 0.478556
v -1.033817 0.289714 0.217740
v -1.061562 0.314918 0.173631
v -1.038728 0.270741 0.188367
v -1.056651 0.333892 0.203005
v -1.054752 0.229556 0.214362
v -1.033817 0.289714 0.217740
v -1.048847 0.252367 0.249675
v -0.994525 0.289714 0.452736
v -1.006412 0.314918 0.503473
v -1.011324 0.333892 0.474098
v -0.989614 0.270741 0.482110
v -0.994525 0.289714 0.452736
v -1.013222 0.229556 0.462741
v -1.019127 0.252367 0.427427
v -1.602022 0.472981 0.539252
v -1.596670 0.489878 0.571264
v -1.602422 0.472073 0.541539
v -1.403847 0.472981 0.506116
v -1.398494 0.489878 0.538128
v -1.613501 0.446204 0.592419
v -1.618608 0.430082 0.561879
v -1.590703 0.402531 0.606949
v -1.595810 0.386411 0.576408
v -1.978698 0.314918 0.666041
v -2.006442 0.289714 0.621931
v -1.983610 0.333892 0.636666
v -2.001531 0.270741 0.651304
v -1.780524 0.314918 0.632906
v -1.785436 0.333892 0.603531
v -2.803045 0.333892 0.495006
v -2.604873 0.333892 0.461871
v -2.911854 0.365608 0.499880
v -2.819845 0.289714 0.516368
v -2.904581 0.259142 0.543374
v -2.795242 0.252367 0.541676
v -2.415992 0.333892 0.430290
v -2.582037 0.289714 0.476606
v -2.432789 0.289714 0.451651
v -2.408189 0.252367 0.476960
v -2.597070 0.252367 0.508541
v -2.217818 0.333892 0.397155
v -2.028937 0.333892 0.365574
v -2.194983 0.289714 0.411889
v -1.830763 0.333892 0.332438
v -2.045734 0.289714 0.386935
v -2.021134 0.252367 0.412243
v -2.210015 0.252367 0.443825
v -0.868224 0.365608 0.158181
v -1.641882 0.333892 0.300857
v -1.807928 0.289714 0.347173
v -1.658679 0.289714 0.322219
v -1.634079 0.252367 0.347527
v -1.822960 0.252367 0.379108
v -1.443707 0.333892 0.267722
v -1.254823 0.333892 0.236140
v -1.056651 0.333892 0.203005
v -1.271624 0.289714 0.257502
v -1.033817 0.289714 0.217740
v -0.860951 0.259142 0.201675
v -1.048847 0.252367 0.249675
v -1.420872 0.289714 0.282457
v -1.435904 0.252367 0.314392
v -1.247020 0.252367 0.282810
v -1.619387 0.289714 0.557214
v -1.768636 0.289714 0.582169
v -1.596555 0.333892 0.571950
v -1.604359 0.252367 0.525278
v -1.793239 0.252367 0.556860
v -1.785436 0.333892 0.603531
v -0.818564 0.365608 0.455187
v -1.398380 0.333892 0.538814
v -2.862194 0.365608 0.796886
v -1.983610 0.333892 0.636666
v -1.209496 0.333892 0.507233
v -1.011324 0.333892 0.474098
v -1.232333 0.289714 0.492498
v -0.994525 0.289714 0.452736
v -0.825836 0.259142 0.411693
v -1.019127 0.252367 0.427427
v -1.381580 0.289714 0.517452
v -1.406183 0.252367 0.492143
v -1.217300 0.252367 0.460561
v -2.155691 0.289714 0.646885
v -2.006442 0.289714 0.621931
v -1.991413 0.252367 0.589995
v -2.180294 0.252367 0.621576
v -2.172491 0.333892 0.668247
v -2.370665 0.333892 0.701382
v -2.559546 0.333892 0.732963
v -2.757718 0.333892 0.766098
v -2.542746 0.289714 0.711602
v -2.780553 0.289714 0.751364
v -2.869466 0.259142 0.753391
v -2.765522 0.252367 0.719427
v -2.393497 0.289714 0.686647
v -2.378468 0.252367 0.654711
v -2.567349 0.252367 0.686292
v -1.822960 0.252367 0.379108
v -2.887026 0.215043 0.648383
v -0.843394 0.215043 0.306684
v -1.634079 0.252367 0.347527
v -1.435904 0.252367 0.314392
v -1.247020 0.252367 0.282810
v -1.048847 0.252367 0.249675
v -0.860951 0.259142 0.201675
v -2.021134 0.252367 0.412243
v -2.210015 0.252367 0.443825
v -2.408189 0.252367 0.476960
v -2.597070 0.252367 0.508541
v -2.795242 0.252367 0.541676
v -2.904581 0.259142 0.543374
v -1.793239 0.252367 0.556860
v -0.843394 0.215043 0.306684
v -2.887026 0.215043 0.648383
v -1.604359 0.252367 0.525278
v -1.406183 0.252367 0.492143
v -1.217300 0.252367 0.460561
v -1.019127 0.252367 0.427427
v -0.825836 0.259142 0.411693
v -1.991413 0.252367 0.589995
v -2.180294 0.252367 0.621576
v -2.378468 0.252367 0.654711
v -2.567349 0.252367 0.686292
v -2.765522 0.252367 0.719427
v -2.869466 0.259142 0.753391
v -2.365753 0.314918 0.730757
v -2.393497 0.289714 0.686647
v -2.370665 0.333892 0.701382
v -2.388586 0.270741 0.716021
v -2.167579 0.314918 0.697622
v -2.172491 0.333892 0.668247
v -2.763185 0.472981 0.733400
v -2.757833 0.489878 0.765412
v -2.763588 0.472073 0.735688
v -2.565013 0.472981 0.700265
v -2.559660 0.489878 0.732278
v -2.774667 0.446204 0.786568
v -2.779773 0.430082 0.756028
v -1.989077 0.472981 0.603968
v -1.983724 0.489878 0.635980
v -1.989477 0.472073 0.606256
v -1.790903 0.472981 0.570833
v -1.785551 0.489878 0.602845
v -2.000556 0.446204 0.657135
v -2.005662 0.430082 0.626595
v -1.977758 0.402531 0.671666
v -1.982864 0.386411 0.641124
v -2.752807 0.314918 0.795473
v -2.780553 0.289714 0.751364
v -2.757718 0.333892 0.766098
v -2.775642 0.270741 0.780737
v -2.554634 0.314918 0.762338
v -2.559546 0.333892 0.732963
v -0.843394 0.516172 0.306684
v -0.843394 0.215043 0.306684
v -0.818564 0.365608 0.455187
v -0.825836 0.259142 0.411693
v -0.825836 0.472073 0.411693
v -0.868224 0.365608 0.158181
v -0.860951 0.259142 0.201675
v -0.860951 0.472073 0.201675
v -1.646794 0.314918 0.271482
v -1.658679 0.289714 0.322219
v -1.663591 0.270741 0.292845
v -1.641882 0.333892 0.300857
v -2.376132 0.472981 0.668684
v -2.370780 0.489878 0.700696
v -2.376532 0.472073 0.670972
v -2.177958 0.472981 0.635549
v -2.172606 0.489878 0.667561
v -2.387611 0.446204 0.721852
v -2.392717 0.430082 0.691311
v -2.364813 0.402531 0.736382
v -2.369920 0.386411 0.705840
v -1.598454 0.229556 0.560594
v -1.619387 0.289714 0.557214
v -1.614476 0.270741 0.586588
v -1.604359 0.252367 0.525278
v -1.639984 0.229556 0.312213
v -1.658679 0.289714 0.322219
v -1.634079 0.252367 0.347527
v -1.663591 0.270741 0.292845
v -1.641768 0.489878 0.301543
v -1.637537 0.472073 0.331522
v -1.664565 0.446204 0.287014
v -1.636415 0.472981 0.333555
v -1.659459 0.430082 0.317554
v -1.647734 0.402531 0.265857
v -1.642628 0.386411 0.296399
v 1.353636 0.788439 -0.060664
v 1.573197 0.840012 0.028862
v 1.552664 0.788439 -0.093942
v 1.374169 0.840012 0.062139
v 1.581702 0.964519 0.079728
v 1.382674 0.964519 0.113006
v 1.333103 0.840012 -0.183467
v 1.532131 0.840012 -0.216745
v 1.324598 0.964519 -0.234333
v 1.523626 0.964519 -0.267611
v 1.333103 1.089029 -0.183467
v 1.532131 1.089029 -0.216745
v 1.353636 1.140604 -0.060664
v 1.552664 1.140604 -0.093942
v 1.374169 1.089029 0.062139
v 1.573197 1.089029 0.028862
v 1.382674 0.964519 0.113006
v 1.581702 0.964519 0.079728
v 0.839067 0.465716 -0.123404
v 1.067416 0.402928 -0.187954
v 1.093257 0.402928 -0.033399
v 0.860620 0.465716 0.005497
v 2.406794 -0.162901 -0.366107
v 2.448874 -0.162901 -0.114436
v 2.592577 -0.162901 -0.397171
v 2.634657 -0.162901 -0.145499
v 1.942325 -0.068721 -0.288447
v 1.984405 -0.068721 -0.036776
v 1.802987 0.229527 -0.265151
v 1.845067 0.229527 -0.013478
v 2.634657 -0.162901 -0.145499
v 2.638865 0.260921 -0.120333
v 2.588369 0.260921 -0.422338
v -2.033849 0.314918 0.336199
v -2.045734 0.289714 0.386935
v -2.050645 0.270741 0.357561
v -2.028937 0.333892 0.365574
v -2.027038 0.229556 0.376929
v -2.045734 0.289714 0.386935
v -2.021134 0.252367 0.412243
v -2.050645 0.270741 0.357561
v -1.985508 0.229556 0.625310
v -2.006442 0.289714 0.621931
v -2.001531 0.270741 0.651304
v -1.991413 0.252367 0.589995
v -2.028822 0.489878 0.366259
v -2.024592 0.472073 0.396238
v -2.051620 0.446204 0.351730
v -2.023470 0.472981 0.398272
v -2.046514 0.430082 0.382271
v -2.034789 0.402531 0.330574
v -2.029682 0.386411 0.361115
v 1.772023 -0.241389 -0.259972
v 1.597350 0.229527 0.027940
v 1.555270 0.229527 -0.223732
v 1.814103 -0.241389 -0.008301
v 1.748474 -0.329320 -0.256035
v 1.790554 -0.329320 -0.004362
v 1.800474 -0.415468 -0.264729
v 1.842554 -0.415468 -0.013057
v 1.903947 -0.420310 -0.282030
v 1.946027 -0.420310 -0.030358
v 2.004255 -0.366964 -0.298802
v 2.046335 -0.366964 -0.047129
v 2.128112 -0.366964 -0.319511
v 2.170192 -0.366964 -0.067838
v 2.577096 -0.429755 -0.394582
v 2.619177 -0.429755 -0.142910
v 2.731920 -0.429755 -0.420469
v 2.774000 -0.429755 -0.168796
v -2.420903 0.314918 0.400915
v -2.432789 0.289714 0.451651
v -2.437700 0.270741 0.422278
v -2.415992 0.333892 0.430290
v -2.414093 0.229556 0.441646
v -2.432789 0.289714 0.451651
v -2.408189 0.252367 0.476960
v -2.437700 0.270741 0.422278
v -2.372564 0.229556 0.690027
v -2.393497 0.289714 0.686647
v -2.388586 0.270741 0.716021
v -2.378468 0.252367 0.654711
v -2.415877 0.489878 0.430976
v -2.411647 0.472073 0.460955
v -2.438675 0.446204 0.416447
v -2.410525 0.472981 0.462988
v -2.433569 0.430082 0.446987
v -2.421844 0.402531 0.395290
v -2.416737 0.386411 0.425832
v -2.802931 0.489878 0.495692
v -2.798703 0.472073 0.525671
v -2.825732 0.446204 0.481163
v -2.820625 0.430082 0.511703
v -2.797578 0.472981 0.527704
v -2.807957 0.314918 0.465631
v -2.819845 0.289714 0.516368
v -2.824756 0.270741 0.486994
v -2.803045 0.333892 0.495006
v -2.820625 0.430082 0.511703
v -2.808897 0.402531 0.460006
v -2.825732 0.446204 0.481163
v -2.803791 0.386411 0.490548
v -2.801147 0.229556 0.506362
v -2.819845 0.289714 0.516368
v -2.795242 0.252367 0.541676
v -2.824756 0.270741 0.486994
v -2.779773 0.430082 0.756028
v -2.751866 0.402531 0.801098
v -2.756973 0.386411 0.770557
v -2.774667 0.446204 0.786568
v -2.759617 0.229556 0.754743
v -2.780553 0.289714 0.751364
v -2.775642 0.270741 0.780737
v -2.765522 0.252367 0.719427
v 1.436899 0.365608 -0.265405
v 1.465290 0.367836 -0.095603
v 1.398580 0.402928 -0.243325
v 1.424422 0.402928 -0.088770
v 0.816675 -0.670672 -0.097672
v 0.857921 -0.670672 0.149010
v 0.797046 -0.586540 -0.094390
v 0.838291 -0.586540 0.152292
v 0.869965 -0.534524 0.146996
v 0.727374 0.076647 0.170838
v 0.828719 -0.534524 -0.099686
v 0.686128 0.076647 -0.075844
v 0.797046 -0.586540 -0.094390
v 0.838291 -0.586540 0.152292
v 0.828719 -0.534524 -0.099686
v 0.869965 -0.534524 0.146996
v 1.318185 0.964519 -0.254524
v 0.759777 0.869286 -0.057926
v 0.753271 0.964519 -0.096833
v 0.759777 1.059754 -0.057926
v 1.327703 0.825183 -0.197599
v 1.327703 1.103858 -0.197599
v 1.350682 0.767467 -0.060170
v 1.350682 1.161573 -0.060170
v 0.775482 0.829839 0.036005
v 0.775482 1.099201 0.036005
v 0.791187 0.869286 0.129935
v 0.791187 1.059754 0.129935
v 1.373660 0.825183 0.077259
v 1.383178 0.964519 0.134184
v 0.797693 0.964519 0.168842
v 1.373660 1.103858 0.077259
v 1.383178 0.964519 0.134184
v 0.797693 0.964519 0.168842
v 1.324718 1.121961 -0.215454
v 1.350682 1.161573 -0.060170
v 1.350682 1.187174 -0.060170
v 1.376645 1.121961 0.095115
v 1.327703 1.103858 -0.197599
v 1.373660 1.103858 0.077259
v 1.387400 0.964519 0.159436
v 1.383178 0.964519 0.134184
v 1.313963 0.964519 -0.279776
v 1.318185 0.964519 -0.254524
v 1.327703 0.825183 -0.197599
v 1.324718 0.807079 -0.215454
v 1.350682 0.741865 -0.060170
v 1.350682 0.767467 -0.060170
v 1.373660 0.825183 0.077259
v 1.376645 0.807079 0.095115
v 1.387400 0.964519 0.159436
v 1.383178 0.964519 0.134184
v 1.440234 0.316778 -0.245456
v 1.465290 0.367836 -0.095603
v 1.436899 0.365608 -0.265405
v 1.465290 0.316778 -0.095603
vn -0.9862 0.0005 0.1654
vn -0.4493 0.8902 0.0756
vn -0.5532 0.6295 -0.5456
vn -0.9862 0.0005 0.1653
vn -0.5532 0.6294 -0.5458
vn -0.5961 0.0007 -0.8029
vn -0.9863 0.0005 0.1650
vn -0.3456 0.6295 0.6959
vn -0.4492 0.8902 0.0759
vn -0.3025 0.0007 0.9531
vn -0.3456 0.6294 0.6960
vn -0.3456 -0.6294 0.6960
vn -0.3025 0.0005 0.9531
vn -0.4492 -0.8902 0.0759
vn -0.3456 -0.6295 0.6959
vn -0.9862 0.0005 0.1656
vn -0.5532 -0.6295 -0.5456
vn -0.4493 -0.8902 0.0756
vn -0.9862 0.0001 0.1654
vn -0.5961 0.0003 -0.8029
vn -0.5532 -0.6294 -0.5458
vn -0.9862 0.0003 0.1654
vn 0.9864 0.0005 -0.1644
vn 0.9322 -0.3268 -0.1559
vn 0.5632 -0.8209 -0.0942
vn 0.9322 -0.3268 -0.1555
vn 0.9432 0.2926 -0.1572
vn 0.9431 0.2929 -0.1577
vn 0.9599 0.2301 -0.1602
vn 0.9599 0.2300 -0.1602
vn 0.9598 0.2302 -0.1605
vn 0.9600 0.2299 -0.1599
vn -0.9863 -0.0000 0.1649
vn 0.2270 -0.9732 -0.0376
vn 0.2269 -0.9732 -0.0376
vn 0.2270 -0.9731 -0.0380
vn -0.4633 -0.8133 -0.3519
vn -0.5935 -0.7487 -0.2954
vn -0.9371 -0.3479 -0.0269
vn -0.9877 -0.0193 0.1549
vn -0.9844 0.0194 0.1748
vn -0.4945 0.7321 0.4685
vn -0.4651 0.7487 0.4724
vn -0.9844 -0.0189 0.1750
vn -0.8773 -0.3482 0.3304
vn -0.9877 0.0194 0.1549
vn -0.4651 -0.7486 0.4725
vn -0.3237 -0.8134 0.4833
vn -0.6200 0.7322 -0.2820
vn -0.5935 0.7487 -0.2954
vn -0.9854 -0.0083 0.1703
vn -0.4978 -0.6884 0.5275
vn -0.9885 0.0249 0.1490
vn -0.4384 -0.7196 0.5385
vn -0.6087 0.7088 -0.3564
vn -0.9854 -0.0083 0.1702
vn -0.9885 0.0249 0.1489
vn -0.6035 0.7119 -0.3593
vn -0.9872 -0.0083 0.1596
vn -0.6423 -0.6884 -0.3370
vn -0.5897 -0.7197 -0.3665
vn -0.9832 0.0249 0.1807
vn -0.4598 0.7088 0.5350
vn -0.4538 0.7118 0.5361
vn 0.6975 0.7071 -0.1161
vn 0.7701 -0.6248 -0.1283
vn 0.7701 0.6248 -0.1283
vn 0.6974 -0.7071 -0.1166
vn -0.5935 -0.7486 -0.2954
vn -0.9371 -0.3481 -0.0271
vn -0.6088 0.7088 -0.3564
vn -0.9854 -0.0083 0.1701
vn -0.8773 -0.3481 0.3305
vn -0.3236 -0.8133 0.4835
vn -0.4597 0.7088 0.5350
vn -0.9370 -0.3482 -0.0271
vn -0.9844 -0.0193 0.1748
vn 0.1169 -0.7071 0.6974
vn 0.1166 -0.7071 0.6974
vn 0.1654 0.0003 0.9862
vn 0.0006 -1.0000 0.0004
vn 0.0005 -1.0000 0.0004
vn -0.1166 -0.7071 -0.6974
vn -0.1645 0.0005 -0.9864
vn -0.1644 0.0005 -0.9864
vn -0.1166 0.7071 -0.6974
vn 0.0005 1.0000 0.0004
vn 0.0006 1.0000 0.0004
vn 0.1166 0.7071 0.6974
vn 0.1654 0.0005 0.9862
vn 0.1654 0.0002 0.9862
vn 0.1171 -0.7071 0.6973
vn 0.1112 0.0005 0.9938
vn 0.0630 -0.7060 0.7054
vn 0.0003 -1.0000 0.0002
vn 0.0630 -0.7062 0.7052
vn -0.0533 -0.9985 0.0095
vn -0.1161 -0.7071 -0.6975
vn -0.0534 -0.9985 0.0094
vn -0.1698 -0.7062 -0.6874
vn -0.1647 0.0003 -0.9864
vn -0.1699 -0.7060 -0.6875
vn -0.2181 0.0005 -0.9759
vn -0.1162 0.7071 -0.6975
vn -0.1699 0.7060 -0.6876
vn 0.0003 1.0000 0.0002
vn -0.1698 0.7062 -0.6874
vn -0.0534 0.9985 0.0094
vn 0.1171 0.7071 0.6973
vn -0.0533 0.9985 0.0095
vn 0.0630 0.7063 0.7052
vn 0.0630 0.7060 0.7054
vn 0.1113 0.0005 0.9938
vn 0.2041 0.7043 0.6799
vn 0.2086 0.0005 0.9780
vn 0.2524 0.0005 0.9676
vn 0.1600 0.7064 0.6895
vn 0.0435 0.9990 -0.0073
vn 0.0881 0.9960 -0.0144
vn -0.0282 0.7043 -0.7094
vn -0.0730 0.7064 -0.7040
vn -0.1210 0.0004 -0.9927
vn -0.0761 0.0005 -0.9971
vn -0.0276 -0.7043 -0.7094
vn -0.0730 -0.7064 -0.7040
vn 0.0435 -0.9990 -0.0073
vn 0.0881 -0.9960 -0.0144
vn 0.2041 -0.7043 0.6799
vn 0.1600 -0.7064 0.6895
vn 0.1654 0.0004 0.9862
vn 0.2086 0.0004 0.9780
vn -0.4632 -0.8134 -0.3519
vn -0.9877 -0.0194 0.1549
vn -0.8773 0.3481 0.3304
vn -0.6088 0.7088 -0.3563
vn -0.9844 -0.0194 0.1748
vn -0.8774 -0.3479 0.3303
vn -0.4651 -0.7487 0.4724
vn -0.3236 -0.8134 0.4835
vn -0.9369 0.3486 -0.0271
vn -0.9371 0.3481 -0.0271
vn -0.1649 0.0005 -0.9863
vn -0.1649 0.0003 -0.9863
vn -0.1644 0.0003 -0.9864
vn 0.0893 -0.8425 0.5312
vn 0.0972 -0.8418 0.5310
vn 0.1193 -0.7110 0.6930
vn 0.0005 -1.0000 0.0001
vn -0.0927 -0.8290 -0.5515
vn 0.0005 -1.0000 0.0003
vn -0.1162 -0.7125 -0.6920
vn -0.0883 -0.8425 -0.5314
vn 0.0928 -0.8285 0.5522
vn 0.1153 -0.7120 0.6926
vn 0.1644 -0.0074 0.9864
vn 0.1618 -0.4305 0.8880
vn 0.1509 -0.3963 0.9056
vn 0.1474 -0.4423 0.8847
vn 0.0894 -0.8425 0.5312
vn 0.0893 -0.8425 0.5313
vn 0.0894 -0.8425 0.5313
vn -0.1483 -0.4431 -0.8841
vn -0.0884 -0.8425 -0.5314
vn 0.1153 -0.7120 0.6927
vn 0.0929 -0.8285 0.5522
vn -0.0808 -0.8418 -0.5337
vn -0.1124 -0.7120 -0.6931
vn -0.1518 -0.3983 -0.9046
vn -0.1358 -0.4313 -0.8919
vn -0.1125 -0.7119 -0.6932
vn -0.1654 -0.0083 -0.9862
vn -0.0927 -0.8289 -0.5516
vn -0.1163 -0.7124 -0.6921
vn -0.1649 0.0777 -0.9832
vn -0.1161 0.7071 -0.6975
vn -0.1654 -0.0082 -0.9862
vn -0.1524 0.3827 -0.9112
vn -0.1519 0.3825 -0.9114
vn -0.1519 0.3826 -0.9113
vn -0.1518 0.3826 -0.9114
vn -0.1520 0.3827 -0.9113
vn -0.1524 0.3826 -0.9113
vn -0.1516 0.3826 -0.9114
vn -0.1523 0.3830 -0.9111
vn -0.1520 0.3826 -0.9113
vn 0.1619 -0.4305 0.8880
vn 0.1194 -0.7110 0.6930
vn 0.0972 -0.8417 0.5311
vn 0.1524 0.3827 0.9112
vn 0.1644 -0.0073 0.9864
vn 0.1528 0.3826 0.9112
vn 0.1171 0.7071 0.6974
vn 0.1524 0.3826 0.9112
vn 0.1527 0.3826 0.9112
vn 0.1529 0.3826 0.9112
vn 0.1532 0.3826 0.9111
vn 0.1645 -0.0073 0.9863
vn 0.1527 0.3827 0.9112
vn 0.1530 0.3826 0.9112
vn 0.1645 -0.0073 0.9864
vn -0.0808 -0.8417 -0.5338
vn -0.1125 -0.7118 -0.6933
vn -0.1357 -0.4313 -0.8919
vn -0.9178 -0.3663 0.1534
vn -0.9177 -0.3663 0.1534
vn -0.4751 -0.8763 0.0794
vn -0.4757 -0.8760 0.0801
vn 0.1386 -0.9901 -0.0229
vn 0.4439 -0.8930 -0.0742
vn -0.1519 0.3826 -0.9114
vn -0.1517 0.3826 -0.9114
vn -0.1653 -0.0083 -0.9862
vn -0.1518 0.3824 -0.9114
vn -0.1520 0.3825 -0.9114
vn 0.1651 -0.0297 0.9858
vn 0.1655 0.0005 0.9862
vn 0.1649 -0.0200 0.9861
vn 0.1651 -0.0601 0.9844
vn 0.1649 -0.0000 0.9863
vn -0.1649 -0.0200 -0.9861
vn -0.1644 -0.0298 -0.9859
vn -0.1640 -0.0601 -0.9846
vn -0.1643 -0.0601 -0.9846
vn -0.1649 -0.0000 -0.9863
vn -0.1654 -0.0081 -0.9862
vn 0.0006 1.0000 0.0003
vn 0.0005 1.0000 0.0003
vn 0.1654 0.0006 0.9862
vn -0.3464 -0.9363 0.0579
vn -0.1276 -0.9916 0.0218
vn -0.3729 -0.9256 0.0648
vn -0.1237 -0.9921 0.0212
vn 0.5898 -0.7196 0.3665
vn 0.6425 -0.6882 0.3371
vn -0.4386 -0.7197 0.5382
vn -0.3237 -0.8133 0.4835
vn 0.0766 -0.8870 0.4554
vn 0.0766 -0.8869 0.4555
vn -0.4651 -0.7485 0.4727
vn 0.4974 -0.6884 -0.5278
vn 0.9854 -0.0083 -0.1703
vn 0.4383 -0.7198 -0.5382
vn 0.9885 0.0249 -0.1490
vn -0.6425 -0.6882 -0.3371
vn -0.5898 -0.7196 -0.3665
vn -0.4633 -0.8134 -0.3518
vn 0.4651 -0.7484 -0.4728
vn -0.5936 -0.7486 -0.2954
vn 0.3237 -0.8133 -0.4835
vn -0.0757 -0.8870 -0.4555
vn -0.0757 -0.8869 -0.4556
vn -0.1277 -0.9916 0.0213
vn 0.6975 -0.7071 -0.1161
vn -0.1323 -0.9909 0.0226
vn 0.7702 -0.6246 -0.1288
vn 0.6423 -0.6884 0.3370
vn 0.9872 -0.0083 -0.1596
vn 0.9832 0.0249 -0.1807
vn 0.5898 -0.7196 0.3664
vn 0.4975 -0.6884 -0.5278
vn 0.4384 -0.7198 -0.5382
vn 0.0631 -0.9238 0.3775
vn 0.0001 -1.0000 0.0005
vn 0.0637 -0.9239 0.3773
vn 0.0635 -0.9239 0.3774
vn 0.0637 -0.9239 0.3772
vn 0.0632 -0.9237 0.3779
vn 0.0631 -0.9239 0.3775
vn 0.0636 -0.9239 0.3773
vn 0.0634 -0.9239 0.3773
vn 0.0635 -0.9239 0.3772
vn 0.0006 -1.0000 0.0006
vn 0.0636 -0.9239 0.3772
vn 0.0632 -0.9237 0.3778
vn 0.0635 -0.9239 0.3773
vn 0.0631 -0.9238 0.3776
vn 0.0637 -0.9240 0.3771
vn -0.0625 -0.9239 -0.3774
vn -0.0631 -0.9238 -0.3775
vn -0.0631 -0.9238 -0.3776
vn -0.0631 -0.9239 -0.3774
vn -0.0632 -0.9237 -0.3778
vn -0.0626 -0.9239 -0.3774
vn -0.0631 -0.9239 -0.3773
vn -0.0625 -0.9240 -0.3773
vn -0.0626 -0.9239 -0.3775
vn 0.8773 -0.3481 -0.3304
vn 0.8772 -0.3482 -0.3304
vn 0.9844 -0.0194 -0.1748
vn 0.8771 -0.3486 -0.3305
vn 0.9877 0.0194 -0.1549
vn 0.6201 0.7321 0.2820
vn 0.5935 0.7487 0.2954
vn 0.9370 -0.3483 0.0271
vn 0.9371 -0.3481 0.0270
vn 0.9370 -0.3482 0.0271
vn 0.9877 -0.0194 -0.1550
vn 0.9844 0.0194 -0.1748
vn 0.4946 0.7321 -0.4685
vn 0.4651 0.7487 -0.4724
vn -0.4652 0.7486 0.4724
vn -0.4946 0.7318 0.4689
vn 0.5936 0.7484 0.2958
vn 0.0766 0.8870 0.4554
vn 0.0762 0.8870 0.4554
vn 0.0767 0.8870 0.4554
vn -0.4539 0.7120 0.5358
vn 0.6035 0.7118 0.3593
vn 0.6088 0.7089 0.3561
vn -0.4598 0.7087 0.5351
vn 0.4598 0.7088 -0.5349
vn -0.6035 0.7118 -0.3593
vn -0.6088 0.7089 -0.3561
vn 0.4539 0.7120 -0.5358
vn 0.4598 0.7088 -0.5350
vn -0.5936 0.7484 -0.2958
vn 0.4652 0.7486 -0.4724
vn 0.4946 0.7318 -0.4689
vn -0.6201 0.7321 -0.2820
vn -0.0757 0.8870 -0.4555
vn -0.0762 0.8870 -0.4554
vn -0.0756 0.8870 -0.4556
vn 0.6088 0.7088 0.3563
vn 0.9854 -0.0083 -0.1702
vn 0.9885 0.0250 -0.1489
vn 0.6034 0.7119 0.3593
vn 0.1524 -0.3827 0.9112
vn 0.1527 -0.3826 0.9112
vn 0.1648 0.0317 0.9858
vn 0.1653 0.0317 0.9857
vn 0.1529 -0.3826 0.9112
vn 0.1528 -0.3826 0.9112
vn 0.9871 -0.0083 -0.1596
vn 0.4537 0.7119 -0.5361
vn 0.9832 0.0250 -0.1807
vn 0.7703 0.6246 -0.1283
vn 0.6974 0.7071 -0.1166
vn -0.7702 0.6246 0.1288
vn -0.6974 0.7071 0.1171
vn -0.1524 -0.3827 -0.9112
vn -0.1648 0.0317 -0.9858
vn -0.1520 -0.3826 -0.9113
vn -0.1519 -0.3826 -0.9113
vn -0.1644 0.0317 -0.9859
vn -0.1519 -0.3826 -0.9114
vn -0.4634 -0.8133 -0.3519
vn -0.5934 -0.7487 -0.2954
vn -0.9371 -0.3481 -0.0270
vn -0.8773 -0.3481 0.3304
vn -0.4651 -0.7487 0.4723
vn -0.6034 0.7119 -0.3593
vn -0.9871 -0.0083 0.1596
vn -0.4598 0.7088 0.5349
vn 0.4633 -0.8133 0.3521
vn 0.5936 -0.7484 0.2958
vn 0.9371 -0.3480 0.0269
vn -0.4651 -0.7484 0.4728
vn 0.9877 -0.0194 -0.1549
vn 0.9844 0.0193 -0.1748
vn 0.1485 0.4411 0.8851
vn 0.1648 0.0319 0.9858
vn 0.1173 0.7061 0.6984
vn 0.0898 0.8406 0.5342
vn 0.1485 0.4412 0.8850
vn 0.0913 0.8348 0.5430
vn 0.1653 0.0319 0.9857
vn 0.1156 0.7163 0.6882
vn 0.0905 0.8379 0.5383
vn -0.1475 0.4412 -0.8852
vn -0.1475 0.4411 -0.8853
vn -0.0903 0.8347 -0.5432
vn -0.1648 0.0319 -0.9858
vn -0.1643 0.0319 -0.9859
vn -0.1146 0.7163 -0.6884
vn -0.0895 0.8379 -0.5384
vn -0.1475 0.4411 -0.8852
vn -0.1163 0.7061 -0.6985
vn -0.0889 0.8406 -0.5344
vn 0.0913 0.8349 0.5428
vn 0.0006 1.0000 0.0005
vn 0.0001 1.0000 0.0005
vn 0.0905 0.8380 0.5381
vn 0.1156 0.7164 0.6880
vn 0.0898 0.8407 0.5341
vn 0.1168 0.7061 0.6984
vn -0.0903 0.8349 -0.5429
vn 0.0005 1.0000 0.0002
vn -0.0000 1.0000 0.0003
vn -0.0895 0.8380 -0.5383
vn -0.1151 0.7164 -0.6881
vn -0.0888 0.8406 -0.5342
vn 0.4978 -0.6884 -0.5275
vn 0.4384 -0.7196 -0.5385
vn 0.4633 -0.8133 0.3520
vn 0.5935 -0.7485 0.2958
vn 0.9372 -0.3478 0.0269
vn 0.9878 -0.0191 -0.1547
vn 0.9844 0.0190 -0.1749
vn 0.4633 -0.8132 0.3521
vn 0.4945 0.7321 -0.4685
vn 0.4636 -0.8132 0.3519
vn 0.6088 0.7088 0.3564
vn 0.9885 0.0249 -0.1488
vn 0.4537 0.7119 -0.5360
vn 0.4652 -0.7486 -0.4724
vn 0.8774 -0.3479 -0.3303
vn 0.3236 -0.8133 -0.4835
vn 0.9877 0.0193 -0.1549
vn -0.1649 0.0004 -0.9863
vn -0.1644 0.0004 -0.9864
vn -0.1326 -0.9909 0.0227
vn -0.1238 -0.9921 0.0212
vn -0.1277 -0.9916 0.0219
vn 0.0968 0.9952 -0.0156
vn 0.0970 0.9952 -0.0158
vn -0.7109 0.6931 0.1189
vn -0.7109 0.6931 0.1194
vn 0.6070 0.7883 -0.1010
vn 0.8913 0.4283 -0.1488
vn 0.8913 0.4284 -0.1487
vn -0.7106 0.6934 0.1193
vn 0.5898 -0.7197 0.3664
vn 0.8774 -0.3480 -0.3303
vn -0.9827 -0.0856 0.1643
vn -0.8938 -0.4226 0.1501
vn -0.9763 -0.1412 0.1637
vn -0.9764 -0.1415 0.1633
vn -0.5019 -0.8609 0.0839
vn -0.5019 -0.8608 0.0839
vn 0.2138 -0.9762 -0.0357
vn 0.2359 -0.9710 -0.0394
vn -0.0678 -0.9976 0.0118
vn -0.0677 -0.9976 0.0116
vn -0.0675 -0.9977 0.0113
vn 0.4652 -0.7487 -0.4724
vn 0.8773 -0.3481 -0.3303
vn 0.4651 -0.7487 -0.4724
vn 0.9844 -0.0191 -0.1751
vn 0.9878 0.0190 -0.1548
vn 0.3236 -0.8134 -0.4835
vn 0.5897 -0.7196 0.3665
vn 0.9878 0.0191 -0.1547
vn 0.9371 0.3481 0.0271
vn 0.9844 -0.0190 -0.1749
vn 0.4538 0.7118 -0.5361
vn 0.9844 0.0192 -0.1750
vn 0.8773 0.3481 -0.3304
vn 0.9878 -0.0190 -0.1548
vn 0.9885 0.0249 -0.1489
vn 0.6035 0.7119 0.3593
vn -0.8898 -0.4305 0.1513
vn -0.8962 -0.4168 0.1518
vn -0.3732 -0.9255 0.0648
vn -0.3460 -0.9363 0.0603
vn -0.9598 -0.2301 0.1608
vn -0.9598 -0.2302 0.1605
vn -0.9598 -0.2300 0.1609
vn -0.9598 -0.2299 0.1610
vn -0.8392 0.5253 0.1403
vn -0.8392 0.5254 0.1406
vn -0.8391 0.5254 0.1408
vn -0.8393 0.5253 0.1403
vn -0.2687 0.0003 -0.9632
vn -0.1700 -0.7061 -0.6874
vn -0.1700 0.7061 -0.6874
vn -0.2208 -0.7031 -0.6759
vn -0.2208 0.7031 -0.6759
vn -0.1047 -0.9943 0.0178
vn -0.1049 0.9943 0.0175
vn 0.0629 -0.7061 0.7054
vn 0.0629 0.7061 0.7054
vn 0.0116 -0.7031 0.7110
vn 0.0594 0.0004 0.9982
vn 0.1112 0.0004 0.9938
vn 0.0111 0.7031 0.7110
vn 0.0594 0.0005 0.9982
vn -0.7701 0.6247 0.1292
vn -0.8962 -0.4167 0.1524
vn -0.8898 -0.4305 0.1514
vn -0.6974 0.7071 0.1166
vt 0.375000 1.000000
vt 0.500000 1.000000
vt 0.625000 1.000000
vt 0.250000 1.000000
vt 0.750000 1.000000
vt 0.125000 1.000000
vt 0.875000 1.000000
vt 0.000000 1.000000
vt 1.000000 1.000000
vt 0.125000 0.500000
vt 0.250000 0.500000
vt 0.375000 0.500000
vt 0.000000 0.500000
vt 0.500000 0.500000
vt 0.625000 0.500000
vt 0.750000 0.500000
vt 0.875000 0.500000
vt 1.000000 0.500000
vt 0.625000 0.750000
vt 0.625000 0.250000
vt 0.375000 0.000000
vt 0.375000 0.250000
vt 0.625000 0.000000
vt 0.562500 1.000000
vt 0.425976 0.000000
vt 0.425976 0.250000
vt 0.125000 0.750000
vt 0.375000 0.750000
vt 0.625000 0.158302
vt 0.625000 0.131979
vt 0.620181 0.157206
vt 0.500000 0.134943
vt 0.500000 0.160055
vt 0.375000 0.137906
vt 0.375000 0.163019
vt 0.500000 0.158894
vt 0.625000 0.139464
vt 0.500000 0.133491
vt 0.625000 0.164867
vt 0.375000 0.131525
vt 0.413497 0.154760
vt 0.375000 0.541576
vt 0.375000 0.534238
vt 0.375000 0.537997
vt 0.875000 0.750000
vt 1.000000 0.750000
vt 0.750000 0.750000
vt 0.500000 0.750000
vt 0.250000 0.750000
vt 0.000000 0.750000
vt 0.413498 0.154760
vt 0.625000 0.900819
vt 0.631733 0.918451
vt 0.631733 0.884472
vt 0.625000 0.934798
vt 0.625000 0.866840
vt 0.631733 0.952430
vt 0.625000 0.968777
vt 0.631733 0.850493
vt 0.631733 0.986409
vt 0.625000 0.832861
vt 0.589106 0.988148
vt 0.547611 0.986409
vt 0.547611 0.969011
vt 0.547611 0.952430
vt 0.589106 0.967272
vt 0.589106 0.954169
vt 0.547611 0.935033
vt 0.547611 0.918451
vt 0.589106 0.933293
vt 0.589106 0.920191
vt 0.547611 0.901054
vt 0.547611 0.884472
vt 0.589106 0.899314
vt 0.589106 0.886212
vt 0.547611 0.867075
vt 0.625000 0.952665
vt 0.625000 0.918686
vt 0.625000 0.884707
vt 0.589106 0.852233
vt 0.589106 0.865335
vt 0.625000 0.850728
vt 0.547611 0.850493
vt 0.547611 0.833096
vt 0.589106 0.831357
vt 0.562500 0.500000
vt 0.500000 0.692288
vt 0.544860 0.692239
vt 0.545337 0.599916
vt 0.545443 0.579498
vt 0.545615 0.546847
vt 0.500000 0.546859
vt 0.497908 0.546859
vt 0.464942 0.550446
vt 0.405967 0.599941
vt 0.464941 0.579519
vt 0.383278 0.833096
vt 0.405961 0.692288
vt 0.424299 0.831357
vt 0.465320 0.833096
vt 0.465320 0.850493
vt 0.442957 0.866127
vt 0.424299 0.852233
vt 0.412071 0.851714
vt 0.424299 0.865335
vt 0.383278 0.867075
vt 0.405194 0.885402
vt 0.424299 0.899314
vt 0.383278 0.901054
vt 0.405194 0.919381
vt 0.424299 0.933293
vt 0.383278 0.935033
vt 0.405193 0.953359
vt 0.424299 0.967272
vt 0.383278 0.969011
vt 0.383278 0.986409
vt 0.424299 0.988148
vt 0.625000 0.986643
vt 0.375000 0.271975
vt 0.424299 0.954170
vt 0.442957 0.968063
vt 0.424299 0.886212
vt 0.442957 0.900105
vt 0.424299 0.920191
vt 0.442957 0.934084
vt 0.465320 0.952430
vt 0.465320 0.918451
vt 0.465320 0.884472
vt 0.465320 0.986409
vt 0.146975 0.500000
vt 0.146975 0.750000
vt 0.375000 0.978025
vt 0.425976 1.000000
vt 1.000000 0.000000
vt 0.500000 0.000000
vt 0.000000 0.000000
vt 0.446706 0.987198
vt 0.818856 0.500000
vt 0.818856 0.538841
vt 0.625000 0.610536
vt 0.625000 0.585133
vt 0.625000 0.591698
vt 0.625000 0.618021
vt 0.500000 0.591106
vt 0.500000 0.616509
vt 0.625000 0.341252
vt 0.375000 0.341252
vt 0.625000 0.306144
vt 0.375000 0.306144
vt 0.625000 0.253084
vt 0.622903 0.250000
vt 0.625000 0.534238
vt 0.372429 0.776561
vt 0.372429 0.824479
vt 0.375000 0.776755
vt 0.375000 0.824285
vt 0.372429 0.874753
vt 0.372429 0.726287
vt 0.372429 0.922671
vt 0.375000 0.874947
vt 0.375000 0.922477
vt 0.372429 0.972946
vt 0.375000 0.973139
vt 0.375000 0.678562
vt 0.375000 0.726093
vt 0.372429 0.678369
vt 0.372429 0.628094
vt 0.375000 0.580370
vt 0.375000 0.627900
vt 0.372429 0.580176
vt 0.372429 0.529902
vt 0.375000 0.529708
vt 0.620181 0.592794
vt 0.500000 0.615057
vt 0.500000 0.589945
vt 0.375000 0.612094
vt 0.375000 0.586981
vt 0.125000 0.612094
vt 0.125000 0.586981
vt 0.125000 0.587935
vt 0.125000 0.618475
vt 0.391871 0.621676
vt 0.375000 0.587935
vt 0.424299 0.683396
vt 0.424299 0.721259
vt 0.475575 0.678369
vt 0.475575 0.726287
vt 0.475575 0.628094
vt 0.475575 0.776561
vt 0.475575 0.580176
vt 0.475575 0.529902
vt 0.424299 0.585204
vt 0.424299 0.524874
vt 0.424299 0.623067
vt 0.424299 0.819451
vt 0.424299 0.781588
vt 0.475575 0.824479
vt 0.475575 0.874753
vt 0.475575 0.922671
vt 0.475575 0.972946
vt 0.424299 0.917644
vt 0.424299 0.977973
vt 0.424299 0.879781
vt 0.216252 0.537997
vt 0.216252 0.500000
vt 0.125000 0.537997
vt 0.181144 0.537997
vt 0.181144 0.500000
vt 0.620180 0.157206
vt 0.620182 0.592794
vt 0.537237 0.972946
vt 0.537237 0.922671
vt 0.589106 0.977973
vt 0.625000 0.974494
vt 0.537237 0.874753
vt 0.589106 0.917644
vt 0.589106 0.879781
vt 0.625000 0.876302
vt 0.625000 0.921123
vt 0.537237 0.824479
vt 0.537237 0.776561
vt 0.589106 0.819451
vt 0.537237 0.726287
vt 0.589106 0.781588
vt 0.625000 0.778109
vt 0.625000 0.822930
vt 0.537237 0.678369
vt 0.589106 0.721259
vt 0.589106 0.683396
vt 0.625000 0.679917
vt 0.625000 0.724738
vt 0.537237 0.628094
vt 0.537237 0.580176
vt 0.537237 0.529902
vt 0.589106 0.585204
vt 0.589106 0.524874
vt 0.625000 0.528353
vt 0.589106 0.623067
vt 0.625000 0.626546
vt 0.625000 0.581725
vt 0.644205 0.726286
vt 0.644205 0.628094
vt 0.644205 0.529902
vt 0.644205 0.824479
vt 0.644205 0.922671
vt 0.391872 0.621676
vt 0.783748 0.534238
vt 0.783748 0.500000
vt 0.391871 0.621677
vt 0.431719 0.613438
vt 0.622903 0.208587
vt 0.625000 0.213764
vt 0.375000 0.212003
vt 0.375000 0.208424
s 1
f 1580/333/649 1581/334/649 1582/334/649
f 1583/335/649 1582/334/649 1581/334/649
f 1580/333/649 1582/334/649 1584/333/649
f 1582/334/649 1583/335/649 1585/335/649
f 1586/336/649 1580/333/649 1584/333/649
f 1583/335/649 1587/337/649 1585/335/649
f 1580/333/649 1586/336/649 1588/336/649
f 1583/335/649 1589/337/649 1587/337/649
f 1586/336/649 1590/338/649 1588/336/649
f 1591/339/649 1587/337/649 1589/337/649
f 1590/338/649 1586/336/649 1592/338/649
f 1593/340/649 1590/338/649 1592/338/649
f 1590/338/649 1593/340/649 1594/340/649
f 1587/337/649 1591/339/649 1595/339/649
f 1591/339/649 1596/341/649 1595/339/649
f 1596/341/649 1591/339/649 1597/341/649
f 1598/337/650 1599/339/651 1600/337/652
f 1599/339/653 1601/341/654 1602/339/655
f 1603/335/656 1598/337/657 1604/335/649
f 1605/334/658 1603/335/659 1606/334/649
f 1607/333/660 1605/334/661 1608/333/649
f 1609/336/662 1607/333/663 1610/336/664
f 1611/338/665 1609/336/666 1612/338/667
f 1613/340/668 1611/338/669 1614/340/670
f 1615/342/671 1616/343/671 1617/343/671
f 1618/344/671 1617/343/671 1616/343/671
f 1616/343/671 1615/342/671 1619/342/671
f 1620/345/671 1619/342/671 1615/342/671
f 1619/342/671 1620/345/671 1621/345/671
f 1618/344/671 1616/343/671 1622/344/671
f 1622/344/671 1623/346/671 1618/344/671
f 1623/346/671 1622/344/671 1624/346/671
f 1625/347/671 1623/346/671 1624/346/671
f 1623/346/671 1625/347/671 1626/347/671
f 1627/348/671 1626/347/671 1625/347/671
f 1627/348/671 1625/347/671 1628/348/671
f 1629/349/671 1627/348/671 1628/348/671
f 1627/348/671 1629/349/671 1630/349/671
f 1631/350/671 1630/349/671 1629/349/671
f 1629/349/671 1632/350/671 1631/350/671
f 1633/347/672 1634/351/673 1635/347/673
f 1634/351/673 1633/347/672 1636/351/674
f 1633/347/672 1637/351/675 1636/351/674
f 1638/347/676 1637/351/675 1633/347/672
f 1639/352/677 1640/353/677 1641/354/678
f 1640/353/677 1639/352/677 1642/355/678
f 1643/354/679 1644/353/680 1645/354/679
f 1645/354/679 1644/353/680 1646/353/679
f 1645/354/679 1646/353/679 1647/354/677
f 1647/354/677 1646/353/679 1648/353/679
f 1649/335/649 1650/356/681 1651/337/649
f 1651/337/649 1650/356/681 1652/335/649
f 1653/334/649 1650/356/681 1649/335/649
f 1654/333/649 1650/356/681 1653/334/649
f 1650/356/681 1654/333/649 1655/336/649
f 1650/356/681 1655/336/649 1656/333/649
f 1650/356/681 1656/333/649 1657/334/649
f 1658/355/671 1659/352/671 1660/357/671
f 1660/357/671 1659/352/671 1661/358/671
f 1662/359/682 1663/360/683 1664/342/682
f 1665/344/684 1664/342/682 1663/360/683
f 1666/361/685 1667/362/686 1668/363/687
f 1667/362/686 1669/364/688 1668/363/687
f 1668/363/687 1669/364/688 1670/365/689
f 1671/366/690 1670/365/689 1669/364/688
f 1670/365/689 1671/366/690 1672/367/691
f 1673/364/692 1674/363/693 1675/365/694
f 1674/363/693 1673/364/692 1676/362/695
f 1676/362/695 1677/361/696 1674/363/693
f 1675/365/694 1678/366/697 1673/364/692
f 1678/366/697 1675/365/694 1679/367/698
f 1680/368/699 1681/369/700 1682/370/701
f 1681/369/700 1680/368/699 1683/371/702
f 1684/372/703 1685/368/704 1682/370/705
f 1685/368/704 1684/372/703 1686/373/706
f 1687/368/707 1688/369/708 1689/371/709
f 1688/369/708 1687/368/707 1690/370/710
f 1691/368/707 1692/372/711 1690/370/710
f 1692/372/711 1691/368/707 1693/373/712
f 1694/344/713 1695/374/671 1696/375/714
f 1695/374/671 1694/344/713 1697/376/715
f 1696/375/714 1698/344/716 1694/344/713
f 1699/361/685 1700/362/717 1701/363/718
f 1700/362/717 1702/364/688 1701/363/718
f 1701/363/718 1702/364/688 1703/365/689
f 1704/366/690 1703/365/689 1702/364/688
f 1703/365/689 1704/366/690 1705/367/691
f 1706/368/699 1707/369/700 1708/370/701
f 1707/369/700 1706/368/699 1709/371/702
f 1710/372/719 1711/368/720 1708/370/705
f 1711/368/720 1710/372/719 1712/373/706
f 1713/364/692 1714/363/721 1715/365/694
f 1714/363/721 1713/364/692 1716/362/695
f 1716/362/695 1717/361/722 1714/363/721
f 1715/365/694 1718/366/697 1713/364/692
f 1718/366/697 1715/365/694 1719/367/698
f 1720/368/707 1721/369/708 1722/371/709
f 1721/369/708 1720/368/707 1723/370/710
f 1724/368/707 1725/372/723 1723/370/710
f 1725/372/723 1724/368/707 1726/373/712
f 1727/361/685 1728/362/717 1729/363/724
f 1728/362/717 1730/364/688 1729/363/724
f 1729/363/724 1730/364/688 1731/365/689
f 1732/366/690 1731/365/689 1730/364/688
f 1731/365/689 1732/366/690 1733/367/691
f 1734/364/725 1735/363/721 1736/365/694
f 1735/363/721 1734/364/725 1737/362/695
f 1737/362/695 1738/361/722 1735/363/721
f 1736/365/694 1739/366/697 1734/364/725
f 1739/366/697 1736/365/694 1740/367/698
f 1741/368/699 1742/369/700 1743/370/701
f 1742/369/700 1741/368/699 1744/371/702
f 1745/372/719 1746/368/704 1743/370/705
f 1746/368/704 1745/372/719 1747/373/706
f 1748/368/707 1749/369/708 1750/371/709
f 1749/369/708 1748/368/707 1751/370/710
f 1752/368/707 1753/372/711 1751/370/710
f 1753/372/711 1752/368/707 1754/373/712
f 1755/339/726 1756/339/727 1757/341/728
f 1756/339/727 1758/341/728 1757/341/728
f 1759/337/729 1756/339/727 1755/339/726
f 1760/337/730 1759/337/729 1755/339/726
f 1761/335/731 1759/337/729 1760/337/730
f 1762/335/731 1761/335/731 1760/337/730
f 1763/334/732 1761/335/731 1762/335/731
f 1764/334/733 1763/334/732 1762/335/731
f 1765/333/734 1763/334/732 1764/334/733
f 1766/333/734 1765/333/734 1764/334/733
f 1766/333/734 1767/336/735 1765/333/734
f 1767/336/735 1766/333/734 1768/336/736
f 1768/336/736 1769/338/737 1767/336/735
f 1769/338/737 1768/336/736 1770/338/737
f 1771/340/738 1769/338/737 1770/338/737
f 1772/340/738 1771/340/738 1770/338/737
f 1773/349/727 1774/350/739 1775/349/727
f 1774/350/739 1773/349/727 1776/350/739
f 1775/349/727 1777/348/729 1773/349/727
f 1777/348/729 1775/349/727 1778/348/730
f 1778/348/730 1779/347/731 1777/348/729
f 1779/347/731 1778/348/730 1780/347/731
f 1780/347/731 1781/346/732 1779/347/731
f 1781/346/732 1780/347/731 1782/346/733
f 1782/346/733 1783/344/734 1781/346/732
f 1783/344/734 1782/346/733 1784/344/734
f 1783/344/734 1784/344/734 1785/343/735
f 1784/344/734 1786/343/736 1785/343/735
f 1785/343/735 1786/343/736 1787/342/737
f 1786/343/736 1788/342/737 1787/342/737
f 1788/342/737 1789/345/738 1787/342/737
f 1789/345/738 1788/342/737 1790/345/738
f 1791/339/727 1792/377/740 1793/378/739
f 1791/339/727 1793/378/739 1794/341/739
f 1792/377/740 1795/350/741 1793/378/739
f 1792/377/740 1796/349/742 1795/350/741
f 1797/337/729 1792/377/740 1791/339/727
f 1797/337/729 1798/379/743 1792/377/740
f 1798/379/743 1799/349/744 1792/377/740
f 1798/379/743 1800/348/745 1799/349/744
f 1801/335/731 1798/379/743 1797/337/729
f 1801/335/731 1802/351/746 1798/379/743
f 1802/351/746 1803/348/747 1798/379/743
f 1802/351/746 1804/347/748 1803/348/747
f 1805/334/733 1802/351/746 1801/335/731
f 1805/334/733 1806/380/749 1802/351/746
f 1806/380/749 1807/347/750 1802/351/746
f 1806/380/749 1808/346/751 1807/347/750
f 1809/333/734 1806/380/749 1805/334/733
f 1809/333/734 1810/360/752 1806/380/749
f 1810/360/752 1811/346/751 1806/380/749
f 1810/360/752 1812/344/753 1811/346/751
f 1813/336/736 1810/360/752 1809/333/734
f 1810/360/752 1813/336/736 1814/381/754
f 1815/344/755 1810/360/752 1814/381/754
f 1815/344/755 1814/381/754 1816/343/756
f 1817/338/737 1814/381/754 1813/336/736
f 1814/381/754 1817/338/737 1818/359/757
f 1819/340/738 1818/359/757 1817/338/737
f 1820/343/758 1814/381/754 1818/359/757
f 1820/343/758 1818/359/757 1821/342/759
f 1819/340/738 1822/382/738 1818/359/757
f 1822/382/738 1823/342/760 1818/359/757
f 1822/382/738 1824/345/761 1823/342/760
f 1825/351/730 1826/377/730 1827/347/730
f 1828/349/730 1827/347/730 1826/377/730
f 1829/338/762 1830/340/763 1831/340/764
f 1832/340/738 1830/340/763 1833/338/737
f 1830/340/763 1834/338/765 1833/338/737
f 1830/340/763 1829/338/762 1834/338/765
f 1834/338/765 1835/336/736 1833/338/737
f 1829/338/762 1836/336/766 1834/338/765
f 1835/336/736 1834/338/765 1836/336/766
f 1836/336/766 1829/338/762 1837/336/767
f 1836/336/766 1838/333/734 1835/336/736
f 1839/333/768 1836/336/766 1837/336/767
f 1838/333/734 1836/336/766 1840/333/769
f 1836/336/766 1839/333/768 1840/333/769
f 1838/333/734 1840/333/769 1841/334/733
f 1840/333/769 1839/333/768 1842/334/770
f 1840/333/769 1842/334/770 1841/334/733
f 1843/334/771 1842/334/770 1839/333/768
f 1841/334/733 1842/334/770 1844/335/731
f 1845/335/772 1842/334/770 1843/334/771
f 1842/334/770 1846/335/773 1844/335/731
f 1842/334/770 1845/335/772 1846/335/773
f 1844/335/731 1846/335/773 1847/337/730
f 1846/335/773 1845/335/772 1848/337/774
f 1846/335/773 1848/337/774 1847/337/730
f 1849/337/775 1848/337/774 1845/335/772
f 1847/337/730 1848/337/774 1850/339/727
f 1851/339/776 1848/337/774 1849/337/775
f 1848/337/774 1852/339/777 1850/339/727
f 1848/337/774 1851/339/776 1852/339/777
f 1850/339/727 1852/339/777 1853/341/778
f 1852/339/777 1854/341/779 1853/341/778
f 1852/339/777 1851/339/776 1854/341/779
f 1855/341/764 1854/341/779 1851/339/776
f 1856/335/649 1857/334/649 1858/334/649
f 1859/333/649 1858/334/649 1857/334/649
f 1857/334/649 1856/335/649 1860/335/649
f 1858/334/649 1859/333/649 1861/333/649
f 1862/337/649 1860/335/649 1856/335/649
f 1863/336/649 1861/333/649 1859/333/649
f 1860/335/649 1862/337/649 1864/337/649
f 1861/333/649 1863/336/649 1865/336/649
f 1862/337/649 1866/339/649 1864/337/649
f 1863/336/649 1867/338/649 1865/336/649
f 1862/337/649 1868/339/649 1866/339/649
f 1868/339/649 1869/341/649 1866/339/649
f 1869/341/649 1868/339/649 1870/341/649
f 1867/338/649 1863/336/649 1871/338/649
f 1872/340/649 1867/338/649 1871/338/649
f 1871/338/649 1873/340/649 1872/340/649
f 1874/361/780 1875/362/686 1876/363/687
f 1875/362/686 1877/364/781 1876/363/687
f 1876/363/687 1877/364/781 1878/365/689
f 1879/366/782 1878/365/689 1877/364/781
f 1878/365/689 1879/366/782 1880/367/782
f 1881/368/699 1882/369/700 1883/370/701
f 1882/369/700 1881/368/699 1884/371/702
f 1885/372/783 1886/368/704 1883/370/705
f 1886/368/704 1885/372/783 1887/383/706
f 1888/364/784 1889/363/785 1890/365/694
f 1889/363/785 1888/364/784 1891/362/786
f 1891/362/786 1892/361/787 1889/363/785
f 1890/365/694 1893/366/788 1888/364/784
f 1893/366/788 1890/365/694 1894/367/789
f 1895/368/707 1896/369/708 1897/371/709
f 1896/369/708 1895/368/707 1898/370/710
f 1899/368/707 1900/372/711 1898/370/710
f 1900/372/711 1899/368/707 1901/383/712
f 1902/337/736 1903/337/736 1904/339/734
f 1903/337/736 1905/339/734 1904/339/734
f 1905/339/734 1906/341/790 1904/339/734
f 1906/341/790 1905/339/734 1907/341/733
f 1908/335/737 1903/337/736 1902/337/736
f 1909/335/737 1908/335/737 1902/337/736
f 1909/335/737 1910/334/738 1908/335/737
f 1910/334/738 1909/335/737 1911/334/738
f 1911/334/738 1912/333/727 1910/334/738
f 1912/333/727 1911/334/738 1913/333/727
f 1913/333/727 1914/336/729 1912/333/727
f 1914/336/729 1913/333/727 1915/336/729
f 1915/336/729 1916/338/731 1914/336/729
f 1916/338/731 1915/336/729 1917/338/731
f 1917/338/731 1918/340/791 1916/338/731
f 1918/340/791 1917/338/731 1919/340/792
f 1920/337/729 1921/384/793 1922/385/793
f 1920/337/729 1923/386/793 1921/384/793
f 1924/387/793 1920/337/729 1922/385/793
f 1923/386/793 1920/337/729 1925/388/793
f 1926/389/793 1920/337/729 1924/387/793
f 1927/390/793 1920/337/729 1926/389/793
f 1925/388/793 1920/337/729 1928/391/793
f 1920/337/729 1927/390/793 1929/392/794
f 1920/337/729 1929/392/794 1930/335/795
f 1931/337/796 1932/393/797 1933/348/798
f 1932/393/797 1934/347/799 1933/348/798
f 1931/337/796 1935/391/800 1932/393/797
f 1935/391/800 1931/337/796 1936/388/800
f 1931/337/796 1937/386/800 1936/388/800
f 1937/386/800 1931/337/796 1938/384/800
f 1938/384/800 1931/337/796 1939/385/800
f 1939/385/800 1931/337/796 1940/387/800
f 1940/387/800 1931/337/796 1941/389/800
f 1931/337/796 1942/390/800 1941/389/800
f 1928/391/793 1920/337/729 1943/393/801
f 1943/393/801 1920/337/729 1944/348/729
f 1943/393/801 1944/348/729 1945/347/802
f 1946/334/803 1930/335/795 1947/394/804
f 1946/334/803 1947/394/804 1948/395/805
f 1948/395/805 1949/396/805 1946/334/803
f 1950/397/805 1946/334/803 1949/396/805
f 1951/398/806 1950/397/805 1949/396/805
f 1950/397/805 1951/398/806 1952/399/806
f 1946/334/803 1950/397/805 1953/400/805
f 1954/401/805 1946/334/803 1953/400/805
f 1955/402/806 1954/401/805 1953/400/805
f 1954/401/805 1955/402/806 1956/403/806
f 1957/404/805 1946/334/803 1954/401/805
f 1946/334/803 1957/404/805 1958/405/805
f 1957/404/805 1959/406/806 1958/405/805
f 1958/405/805 1959/406/806 1960/407/806
f 1946/334/803 1958/405/805 1961/408/805
f 1962/409/807 1963/398/806 1964/390/793
f 1963/398/806 1962/409/807 1965/399/806
f 1966/410/807 1967/402/806 1968/387/793
f 1967/402/806 1966/410/807 1969/403/806
f 1970/411/807 1971/406/806 1972/384/793
f 1971/406/806 1970/411/807 1973/407/806
f 1974/388/808 1975/412/806 1976/413/806
f 1975/412/806 1974/388/808 1977/414/809
f 1978/402/810 1979/403/810 1980/410/811
f 1978/402/810 1980/410/811 1981/387/811
f 1982/398/810 1983/399/810 1984/409/811
f 1982/398/810 1984/409/811 1985/390/811
f 1986/406/810 1987/407/810 1988/411/811
f 1986/406/810 1988/411/811 1989/384/811
f 1990/412/810 1991/388/811 1992/413/810
f 1991/388/811 1990/412/810 1993/414/811
f 1961/408/805 1994/413/806 1995/412/806
f 1995/412/806 1996/415/805 1961/408/805
f 1946/334/803 1961/408/805 1996/415/805
f 1946/334/803 1996/415/805 1997/416/805
f 1946/334/803 1997/416/805 1998/346/803
f 1999/417/805 1998/346/803 1997/416/805
f 1998/346/803 1999/417/805 2000/418/805
f 2000/418/805 1999/417/805 2001/347/812
f 2001/347/812 1999/417/805 2002/393/813
f 1942/390/800 1931/337/796 2003/392/814
f 1931/337/796 2004/335/815 2003/392/814
f 2005/356/816 2006/394/817 2004/335/818
f 2006/394/817 2005/356/816 2007/395/816
f 2008/334/819 2007/395/816 2005/356/816
f 2008/334/819 2009/396/816 2007/395/816
f 2009/396/816 2008/334/819 2010/397/816
f 2010/397/816 2011/398/810 2009/396/816
f 2011/398/810 2010/397/816 2012/399/810
f 2010/397/816 2008/334/819 2013/400/816
f 2008/334/819 2014/401/816 2013/400/816
f 2014/401/816 2015/402/810 2013/400/816
f 2015/402/810 2014/401/816 2016/403/810
f 2014/401/816 2008/334/819 2017/404/816
f 2017/404/816 2008/334/819 2018/405/816
f 2018/405/816 2019/406/810 2017/404/816
f 2019/406/810 2018/405/816 2020/407/810
f 2018/405/816 2008/334/819 2021/408/816
f 2021/408/816 2008/334/819 2022/419/819
f 2021/408/816 2023/412/810 2024/413/810
f 2023/412/810 2021/408/816 2025/415/816
f 2022/419/819 2025/415/816 2021/408/816
f 2025/415/816 2022/419/819 2026/416/816
f 2026/416/816 2022/419/819 2027/417/816
f 2028/420/816 2027/417/816 2022/419/819
f 2027/417/816 2028/420/816 2029/393/820
f 2030/421/816 2029/393/820 2028/420/816
f 2030/421/816 2031/347/821 2029/393/820
f 2032/422/816 2031/347/821 2030/421/816
f 2031/347/821 2032/422/816 2033/423/816
f 2033/423/816 2034/346/819 2031/347/821
f 2034/346/819 2033/423/816 2035/424/822
f 2036/425/822 2037/344/823 2034/346/824
f 2037/344/823 2036/425/822 2038/426/825
f 2039/427/825 2037/344/823 2038/426/825
f 2039/427/825 2038/426/825 2040/428/826
f 2039/427/825 2041/429/827 2037/344/823
f 2041/429/827 2039/427/825 2042/430/825
f 2041/429/827 2043/333/823 2037/344/823
f 2041/429/827 2042/430/825 2044/431/825
f 2045/419/824 2044/431/825 2042/430/825
f 2044/431/825 2045/419/824 2046/432/827
f 2045/419/824 2047/433/828 2046/432/827
f 2048/434/829 2049/435/829 2047/433/829
f 2048/434/825 2045/419/819 2050/334/819
f 2051/436/830 2043/333/823 2041/429/827
f 2051/436/831 2052/437/831 2053/438/831
f 2054/439/832 2043/333/823 2053/438/832
f 2055/440/833 2056/441/833 2054/439/833
f 2057/442/825 2043/333/823 2056/441/825
f 2057/442/825 2058/443/825 2059/444/825
f 2060/445/825 2043/333/823 2059/444/825
f 2060/445/833 2061/446/833 2062/447/833
f 2043/333/823 2062/447/825 2063/448/827
f 2043/333/823 2063/448/827 2064/449/825
f 2065/394/834 2066/335/835 2067/450/836
f 2068/352/738 2069/451/738 2070/358/738
f 2069/451/738 2068/352/738 2071/344/738
f 2071/344/738 2068/352/738 2072/347/738
f 2071/344/738 2072/347/738 2073/346/738
f 2074/432/837 1998/346/838 2075/431/839
f 2074/432/837 2076/334/838 1998/346/838
f 2077/344/840 2075/431/839 1998/346/838
f 2075/431/839 2077/344/840 2078/429/841
f 2079/433/842 2076/334/838 2074/432/837
f 2080/435/843 2081/434/837 2079/433/842
f 2081/434/837 2076/334/838 2079/433/842
f 2082/333/840 2078/429/841 2077/344/840
f 2082/333/840 2083/436/839 2078/429/841
f 2084/437/837 2083/436/837 2085/438/837
f 2082/333/840 2086/439/839 2085/438/839
f 2087/440/842 2086/439/842 2088/441/842
f 2082/333/840 2089/442/839 2088/441/839
f 2090/443/837 2089/442/837 2091/444/837
f 2082/333/757 2092/445/837 2091/444/837
f 2093/446/842 2092/445/842 2094/447/842
f 2094/447/843 2082/333/840 2095/448/837
f 2082/333/840 2096/449/837 2095/448/837
f 2097/435/839 2098/437/837 2099/434/839
f 2098/437/837 2097/435/839 2100/436/839
f 2101/445/839 2102/446/842 2103/452/837
f 2104/453/843 2103/452/837 2102/446/842
f 2105/439/839 2106/440/837 2107/454/839
f 2108/455/843 2107/454/839 2106/440/837
f 2109/442/844 2110/443/837 2111/456/837
f 2112/457/842 2111/456/837 2110/443/837
f 2113/334/838 2114/457/839 2115/458/839
f 2116/459/837 2113/334/845 2117/455/837
f 2118/460/839 2113/334/838 2119/434/839
f 2120/452/842 2121/453/842 2122/458/846
f 2076/334/838 2122/458/846 2121/453/842
f 2076/334/838 2121/453/842 2123/461/847
f 2076/334/848 2124/459/839 2125/457/842
f 2126/456/837 2125/457/842 2124/459/839
f 2127/455/839 2076/334/848 2128/460/839
f 2129/454/837 2127/455/839 2128/460/839
f 2130/333/840 2131/438/843 2132/436/843
f 2133/445/837 2130/333/840 2134/447/837
f 2130/333/840 2135/444/846 2136/442/846
f 2130/333/840 2137/441/837 2138/439/837
f 2139/450/849 2140/335/850 2141/394/851
f 2142/380/852 2143/346/853 2144/351/649
f 2144/351/649 2143/346/853 2145/347/649
f 2142/380/852 2146/344/854 2143/346/853
f 2147/360/855 2146/344/854 2142/380/852
f 2147/360/855 2148/462/856 2146/344/854
f 2147/360/855 2149/463/856 2148/462/856
f 2150/359/857 2148/462/856 2149/463/856
f 2148/462/856 2150/359/857 2151/342/857
f 2152/335/733 2153/360/733 2154/351/733
f 2154/351/733 2153/360/733 2155/380/733
f 2153/360/733 2152/335/733 2156/464/733
f 2156/464/733 2152/335/733 2157/465/733
f 2158/435/825 2159/437/825 2160/436/825
f 2159/437/825 2158/435/825 2161/434/825
f 2162/446/827 2163/445/825 2164/452/828
f 2164/452/828 2165/453/833 2162/446/827
f 2166/440/827 2167/439/825 2168/454/828
f 2168/454/828 2169/455/825 2166/440/827
f 2170/443/858 2171/442/827 2172/456/828
f 2172/456/828 2173/457/827 2170/443/858
f 2174/458/825 2050/334/819 2175/453/827
f 2175/453/827 2176/452/825 2174/458/825
f 2050/334/819 2177/461/859 2175/453/827
f 2050/334/860 2178/455/827 2179/460/827
f 2178/455/827 2180/454/825 2179/460/827
f 2181/459/828 2050/334/819 2182/457/833
f 2182/457/833 2183/456/825 2181/459/828
f 2184/457/833 2185/334/819 2186/458/833
f 2185/334/819 2187/459/825 2188/455/825
f 2185/334/819 2189/460/831 2190/434/831
f 2191/433/825 2192/419/819 2190/434/825
f 2193/438/827 2194/333/823 2195/436/827
f 2194/333/823 2196/445/861 2197/447/861
f 2198/444/862 2194/333/823 2199/442/862
f 2200/441/825 2194/333/823 2201/439/825
f 2202/351/738 2203/377/738 2204/377/738
f 2205/351/738 2203/377/738 2202/351/738
f 2206/351/738 2203/377/738 2205/351/738
f 2203/377/738 2206/351/738 2207/377/738
f 2208/340/863 2209/341/738 2210/341/864
f 2209/341/738 2208/340/863 2211/334/865
f 2208/340/863 2212/340/866 2211/334/865
f 2211/334/865 2212/340/866 2213/334/866
f 2214/341/738 2209/341/738 2211/334/865
f 2209/341/738 2214/341/738 2215/341/738
f 2216/341/738 2215/341/738 2214/341/738
f 2215/341/738 2216/341/738 2217/341/738
f 2218/341/867 2217/341/738 2216/341/738
f 2219/341/738 2218/341/867 2216/341/738
f 2218/341/867 2219/341/738 2220/341/738
f 2217/341/738 2218/341/867 2221/341/738
f 2222/341/738 2221/341/738 2218/341/867
f 2221/341/738 2222/341/738 2223/341/738
f 2224/347/733 2225/349/733 2226/347/733
f 2225/349/733 2224/347/733 2227/349/733
f 2226/347/733 2225/349/733 2228/347/733
f 2229/349/733 2228/347/733 2225/349/733
f 2230/333/738 2231/351/738 2232/360/738
f 2231/351/738 2230/333/738 2233/335/738
f 2234/333/738 2235/360/738 2236/333/738
f 2237/360/738 2236/333/738 2235/360/738
f 2238/333/738 2239/360/738 2240/333/738
f 2239/360/738 2238/333/738 2241/360/738
f 2242/466/733 2243/467/868 2244/468/869
f 2242/466/733 2244/468/869 2245/466/733
f 2246/467/870 2244/468/869 2243/467/868
f 2247/468/871 2244/468/869 2246/467/870
f 2243/467/868 2242/466/733 2248/466/733
f 2248/466/733 2242/466/733 2249/466/733
f 2249/466/733 2250/466/733 2248/466/733
f 2249/466/733 2251/466/733 2250/466/733
f 2252/466/872 2250/466/733 2251/466/733
f 2250/466/733 2252/466/872 2253/466/733
f 2252/466/872 2254/466/733 2253/466/733
f 2255/466/733 2252/466/872 2251/466/733
f 2252/466/872 2255/466/733 2256/466/733
f 2256/466/733 2255/466/733 2257/466/733
f 2258/354/733 2259/347/733 2260/352/733
f 2259/347/733 2258/354/733 2261/344/733
f 2262/354/733 2263/344/733 2264/354/733
f 2263/344/733 2262/354/733 2265/344/733
f 2266/354/733 2267/344/733 2268/354/733
f 2269/344/733 2268/354/733 2267/344/733
f 2270/336/736 2077/344/757 2271/343/736
f 2077/344/757 2270/336/736 2272/333/757
f 2273/334/838 2274/449/839 2272/333/840
f 2273/334/838 2275/469/837 2274/449/839
f 2276/333/752 2277/449/827 2278/334/873
f 2277/449/827 2279/469/827 2278/334/873
f 2280/344/823 2276/333/823 2281/336/874
f 2280/344/823 2281/336/874 2282/343/875
f 2283/339/727 2284/349/727 2285/350/778
f 2283/339/727 2285/350/778 2286/341/778
f 2287/337/729 2284/349/727 2283/339/727
f 2287/337/729 2288/348/729 2284/349/727
f 2289/335/731 2288/348/729 2287/337/729
f 2289/335/731 2290/347/731 2288/348/729
f 2291/334/733 2290/347/731 2289/335/731
f 2291/334/733 2292/346/733 2290/347/731
f 2293/333/734 2292/346/733 2291/334/733
f 2293/333/734 2294/344/734 2292/346/733
f 2295/336/736 2294/344/734 2293/333/734
f 2294/344/734 2295/336/736 2296/343/736
f 2297/338/737 2296/343/736 2295/336/736
f 2296/343/736 2297/338/737 2298/342/737
f 2299/340/876 2298/342/737 2297/338/737
f 2299/340/876 2300/345/876 2298/342/737
f 2301/470/877 2302/470/878 2303/471/879
f 2304/471/880 2303/471/879 2302/470/878
f 2305/472/700 2306/473/881 2307/472/882
f 2306/473/881 2305/472/700 2308/473/883
f 2309/472/700 2310/473/881 2311/472/882
f 2310/473/881 2309/472/700 2312/473/883
f 2313/472/700 2314/473/881 2315/472/882
f 2314/473/881 2313/472/700 2316/473/883
f 2317/472/700 2318/473/881 2319/472/882
f 2318/473/881 2317/472/700 2320/473/883
f 2321/472/700 2322/473/881 2323/472/882
f 2322/473/881 2321/472/700 2324/473/883
f 2325/474/884 2326/475/885 2327/474/886
f 2326/475/885 2325/474/884 2328/475/887
f 2329/472/888 2330/476/889 2331/473/890
f 2330/476/889 2329/472/888 2332/477/891
f 2331/473/890 2333/472/892 2329/472/888
f 2333/472/892 2331/473/890 2334/473/893
f 2335/347/733 2336/478/733 2337/479/733
f 2335/347/733 2337/479/733 2338/344/733
f 2339/480/733 2337/479/733 2336/478/733
f 2337/479/733 2339/480/733 2340/481/733
f 2341/482/733 2342/481/733 2339/480/733
f 2341/482/733 2343/354/733 2342/481/733
f 2343/354/733 2341/482/733 2344/483/733
f 2345/474/894 2346/475/895 2347/475/896
f 2346/475/895 2345/474/894 2348/474/897
f 2349/474/894 2350/475/895 2351/475/896
f 2350/475/895 2349/474/894 2352/474/897
f 2353/475/895 2354/475/896 2355/474/894
f 2353/475/895 2355/474/894 2356/474/897
f 2357/474/894 2358/475/898 2359/475/896
f 2358/475/898 2357/474/894 2360/474/899
f 2361/474/894 2362/475/895 2363/475/896
f 2362/475/895 2361/474/894 2364/474/897
f 2365/347/900 2366/347/901 2367/484/902
f 2368/484/903 2367/484/902 2366/347/901
f 2369/472/904 2370/476/905 2371/477/906
f 2370/476/905 2369/472/904 2372/473/907
f 2373/472/908 2374/476/889 2375/473/909
f 2374/476/889 2373/472/908 2376/477/891
f 2375/473/909 2377/472/892 2373/472/908
f 2375/473/909 2378/473/893 2377/472/892
f 2379/485/910 2380/336/911 2381/486/912
f 2381/486/912 2382/487/910 2379/485/910
f 2382/487/910 2381/486/912 2383/488/913
f 2380/336/911 2384/489/910 2381/486/912
f 2385/490/912 2380/336/911 2379/485/910
f 2386/491/914 2384/489/910 2380/336/911
f 2384/489/910 2386/491/914 2387/492/915
f 2387/492/915 2386/491/914 2388/493/916
f 2380/336/911 2389/494/917 2386/491/914
f 2390/333/918 2389/494/917 2380/336/911
f 2389/494/917 2390/333/918 2391/495/919
f 2380/336/911 2385/490/912 2392/343/920
f 2393/496/921 2385/490/912 2394/497/922
f 2385/490/912 2393/496/921 2395/498/923
f 2392/343/920 2385/490/912 2395/498/923
f 2395/498/923 2396/499/919 2392/343/920
f 2397/500/924 2396/499/919 2398/501/914
f 2396/499/919 2397/500/924 2399/502/910
f 2392/343/920 2396/499/919 2399/502/910
f 2399/502/910 2400/503/910 2392/343/920
f 2400/503/910 2401/344/918 2392/343/920
f 2401/344/918 2400/503/910 2402/504/925
f 2403/499/926 2404/343/911 2405/502/927
f 2403/499/926 2405/502/927 2406/500/928
f 2406/500/928 2407/501/926 2403/499/926
f 2404/343/911 2408/503/927 2405/502/927
f 2409/498/928 2404/343/911 2403/499/926
f 2410/344/929 2408/503/927 2404/343/911
f 2408/503/927 2410/344/929 2411/504/930
f 2404/343/911 2409/498/928 2412/490/931
f 2413/496/927 2412/490/931 2409/498/928
f 2412/490/931 2413/496/927 2414/497/932
f 2412/490/931 2415/336/729 2404/343/911
f 2416/485/927 2415/336/729 2412/490/931
f 2415/336/729 2416/485/927 2417/486/926
f 2418/487/927 2417/486/926 2416/485/927
f 2417/486/926 2418/487/927 2419/488/932
f 2415/336/729 2417/486/926 2420/489/927
f 2415/336/729 2420/489/927 2421/491/933
f 2422/492/927 2421/491/933 2420/489/927
f 2421/491/933 2422/492/927 2423/493/931
f 2415/336/729 2421/491/933 2424/494/927
f 2424/494/927 2425/333/934 2415/336/729
f 2425/333/934 2424/494/927 2426/495/930
f 2427/475/935 2428/505/936 2429/506/937
f 2427/475/935 2430/474/938 2428/505/936
f 2428/505/936 2431/507/939 2429/506/937
f 2431/507/939 2432/508/940 2429/506/937
f 2432/508/940 2431/507/939 2433/509/941
f 2434/474/942 2435/475/943 2436/505/944
f 2436/505/944 2435/475/943 2437/506/945
f 2437/506/945 2438/507/946 2436/505/944
f 2439/508/947 2438/507/946 2437/506/945
f 2438/507/946 2439/508/947 2440/509/948
f 2441/510/940 2442/511/949 2443/510/950
f 2442/511/949 2441/510/940 2444/511/951
f 2445/510/940 2446/511/949 2447/510/950
f 2446/511/949 2445/510/940 2448/511/951
f 2449/510/940 2450/511/952 2451/510/953
f 2450/511/952 2449/510/940 2452/511/951
f 2453/510/940 2454/511/949 2455/510/950
f 2454/511/949 2453/510/940 2456/511/951
f 2457/510/952 2458/511/949 2459/510/950
f 2458/511/949 2457/510/952 2460/511/954
f 2461/512/955 2462/512/956 2463/513/957
f 2461/512/955 2463/513/957 2464/513/711
f 2465/512/955 2466/512/956 2467/513/957
f 2465/512/955 2467/513/957 2468/513/711
f 2469/512/956 2470/513/958 2471/512/955
f 2470/513/958 2469/512/956 2472/513/957
f 2473/512/955 2474/512/956 2475/513/957
f 2473/512/955 2475/513/957 2476/513/958
f 2477/512/955 2478/512/956 2479/513/957
f 2477/512/955 2479/513/957 2480/513/711
f 2481/333/671 2482/336/671 2483/336/671
f 2482/336/671 2484/338/671 2483/336/671
f 2482/336/671 2481/333/671 2485/333/671
f 2482/336/671 2486/338/671 2484/338/671
f 2487/340/671 2484/338/671 2486/338/671
f 2484/338/671 2487/340/671 2488/340/671
f 2489/334/671 2485/333/671 2481/333/671
f 2489/334/671 2481/333/671 2490/334/671
f 2491/335/671 2489/334/671 2490/334/671
f 2491/335/671 2490/334/671 2492/335/671
f 2493/337/671 2491/335/671 2492/335/671
f 2492/335/671 2494/337/671 2493/337/671
f 2495/339/671 2493/337/671 2494/337/671
f 2493/337/671 2495/339/671 2496/339/671
f 2497/341/671 2496/339/671 2495/339/671
f 2496/339/671 2497/341/671 2498/341/671
f 2499/513/959 2500/512/960 2501/513/961
f 2500/512/960 2499/513/959 2502/512/962
f 2503/513/959 2504/512/960 2505/513/961
f 2504/512/960 2503/513/959 2506/512/962
f 2507/513/961 2508/512/962 2509/512/960
f 2508/512/962 2507/513/961 2510/513/963
f 2511/513/963 2512/512/960 2513/513/961
f 2512/512/960 2511/513/963 2514/512/962
f 2515/513/959 2516/512/960 2517/513/961
f 2516/512/960 2515/513/959 2518/512/962
f 2519/511/964 2520/511/965 2521/510/966
f 2519/511/964 2521/510/966 2522/510/967
f 2523/511/964 2524/511/965 2525/510/966
f 2523/511/964 2525/510/966 2526/510/967
f 2527/510/966 2528/511/968 2529/511/965
f 2528/511/968 2527/510/966 2530/510/969
f 2531/511/964 2532/511/965 2533/510/966
f 2531/511/964 2533/510/966 2534/510/967
f 2535/511/964 2536/511/970 2537/510/968
f 2535/511/964 2537/510/968 2538/510/967
f 2539/514/971 2540/476/972 2541/477/973
f 2540/476/972 2539/514/971 2542/515/974
f 2543/516/975 2544/517/976 2545/518/976
f 2546/496/975 2544/517/976 2543/516/975
f 2544/517/976 2546/496/975 2547/497/975
f 2545/518/976 2544/517/976 2548/519/976
f 2549/346/977 2545/518/976 2548/519/976
f 2549/346/977 2550/520/975 2545/518/976
f 2548/519/976 2551/334/978 2549/346/977
f 2552/521/979 2551/334/978 2548/519/976
f 2550/520/975 2549/346/977 2553/522/980
f 2553/522/980 2549/346/977 2554/523/976
f 2555/524/975 2550/520/975 2553/522/980
f 2549/346/977 2556/525/980 2554/523/976
f 2557/344/980 2556/525/980 2549/346/977
f 2556/525/980 2557/344/980 2558/504/980
f 2550/520/975 2555/524/975 2559/526/975
f 2560/500/976 2559/526/975 2555/524/975
f 2559/526/975 2560/500/976 2561/501/980
f 2562/527/980 2552/521/979 2563/528/980
f 2564/487/976 2562/527/980 2563/528/980
f 2562/527/980 2564/487/976 2565/488/980
f 2552/521/979 2562/527/980 2566/529/975
f 2566/529/975 2551/334/978 2552/521/979
f 2567/530/980 2551/334/978 2566/529/975
f 2551/334/978 2567/530/980 2568/531/975
f 2551/334/978 2568/531/975 2569/532/980
f 2567/530/980 2570/533/980 2568/531/975
f 2571/534/975 2551/334/978 2569/532/980
f 2551/334/978 2571/534/975 2572/333/976
f 2573/495/976 2572/333/976 2571/534/975
f 2570/533/980 2567/530/980 2574/535/980
f 2574/535/980 2575/492/980 2570/533/980
f 2570/533/980 2575/492/980 2576/493/975
f 2577/514/963 2578/476/981 2579/515/982
f 2578/476/981 2577/514/963 2580/477/983
f 2581/536/735 2582/536/984 2583/537/985
f 2581/536/735 2583/537/985 2584/537/735
f 2585/538/986 2586/538/735 2587/342/735
f 2585/538/986 2587/342/735 2588/342/987
f 2589/539/735 2590/539/735 2591/540/735
f 2589/539/735 2591/540/735 2592/540/735
f 2593/333/988 2594/534/988 2595/334/989
f 2594/534/988 2593/333/988 2596/495/990
f 2594/534/988 2597/532/991 2595/334/989
f 2595/334/989 2597/532/991 2598/531/988
f 2599/530/988 2595/334/989 2598/531/988
f 2600/533/990 2599/530/988 2598/531/988
f 2599/530/988 2600/533/990 2601/535/990
f 2601/535/990 2600/533/990 2602/492/991
f 2602/492/991 2600/533/990 2603/493/988
f 2595/334/989 2599/530/988 2604/529/988
f 2595/334/989 2604/529/988 2605/521/991
f 2606/527/991 2605/521/991 2604/529/988
f 2595/334/989 2605/521/991 2607/519/988
f 2605/521/991 2606/527/991 2608/528/991
f 2608/528/991 2606/527/991 2609/487/991
f 2609/487/991 2606/527/991 2610/488/988
f 2607/519/988 2611/346/992 2595/334/989
f 2612/518/990 2611/346/992 2607/519/988
f 2607/519/988 2613/517/991 2612/518/990
f 2612/518/990 2613/517/991 2614/516/991
f 2613/517/991 2615/496/990 2614/516/991
f 2615/496/990 2613/517/991 2616/497/993
f 2617/520/988 2611/346/992 2612/518/990
f 2611/346/992 2617/520/988 2618/522/988
f 2617/520/988 2619/524/988 2618/522/988
f 2611/346/992 2618/522/988 2620/523/991
f 2619/524/988 2617/520/988 2621/526/988
f 2621/526/988 2622/500/991 2619/524/988
f 2622/500/991 2621/526/988 2623/501/988
f 2624/525/990 2611/346/992 2620/523/991
f 2611/346/992 2624/525/990 2625/344/991
f 2626/504/991 2625/344/991 2624/525/990
f 2627/361/994 2628/362/995 2629/541/996
f 2628/362/995 2630/364/781 2629/541/996
f 2629/541/996 2630/364/781 2631/365/689
f 2631/365/689 2630/364/781 2632/366/690
f 2632/366/690 2633/367/691 2631/365/689
f 2634/364/784 2635/541/997 2636/365/694
f 2635/541/997 2634/364/784 2637/362/998
f 2637/362/998 2638/361/722 2635/541/997
f 2639/366/697 2634/364/784 2636/365/694
f 2640/367/698 2639/366/697 2636/365/694
f 2641/368/699 2642/369/700 2643/370/701
f 2642/369/700 2641/368/699 2644/371/702
f 2645/372/783 2646/368/704 2643/370/705
f 2646/368/704 2645/372/783 2647/373/999
f 2648/368/707 2649/369/708 2650/371/709
f 2649/369/708 2648/368/707 2651/370/710
f 2652/368/1000 2653/372/1001 2651/370/710
f 2653/372/1001 2652/368/1000 2654/373/712
f 2655/474/1002 2656/475/1003 2657/542/1004
f 2658/474/884 2656/475/1003 2655/474/1002
f 2656/475/1003 2658/474/884 2659/475/1005
f 2657/542/1004 2656/475/1003 2660/506/1006
f 2660/506/1006 2661/507/1007 2657/542/1004
f 2662/508/947 2661/507/1007 2660/506/1006
f 2661/507/1007 2662/508/947 2663/509/948
f 2664/472/908 2665/476/889 2666/473/909
f 2665/476/889 2664/472/908 2667/477/891
f 2666/473/909 2668/472/892 2664/472/908
f 2668/472/892 2666/473/909 2669/473/893
f 2670/543/1008 2671/544/1008 2672/334/1009
f 2673/545/1008 2670/543/1008 2672/334/1009
f 2673/545/1008 2674/335/1010 2675/546/1011
f 2674/335/1010 2673/545/1008 2672/334/1009
f 2676/547/1008 2672/334/1009 2671/544/1008
f 2677/548/1012 2676/547/1008 2671/544/1008
f 2676/547/1008 2677/548/1012 2678/549/1012
f 2678/549/1012 2677/548/1012 2679/550/1013
f 2679/550/1013 2677/548/1012 2680/551/1013
f 2681/552/1008 2672/334/1009 2676/547/1008
f 2672/334/1009 2681/552/1008 2682/553/1008
f 2683/554/1012 2682/553/1008 2681/552/1008
f 2672/334/1009 2682/553/1008 2684/555/1008
f 2682/553/1008 2683/554/1012 2685/556/1012
f 2685/556/1012 2683/554/1012 2686/557/1013
f 2686/557/1013 2683/554/1012 2687/558/1013
f 2684/555/1008 2688/346/1014 2672/334/1009
f 2689/559/1008 2688/346/1014 2684/555/1008
f 2684/555/1008 2690/560/1012 2689/559/1008
f 2689/559/1008 2690/560/1012 2691/561/1012
f 2690/560/1012 2692/562/1013 2691/561/1012
f 2692/562/1013 2690/560/1012 2693/563/1013
f 2694/564/1012 2688/346/1014 2689/559/1008
f 2688/346/1014 2694/564/1012 2695/565/1008
f 2688/346/1014 2695/565/1008 2696/566/1008
f 2694/564/1012 2697/567/1012 2695/565/1008
f 2698/568/1008 2688/346/1014 2696/566/1008
f 2688/346/1014 2698/568/1008 2699/347/1015
f 2700/569/1016 2699/347/1015 2698/568/1008
f 2697/567/1012 2694/564/1012 2701/570/1012
f 2701/570/1012 2702/571/1013 2697/567/1012
f 2697/567/1012 2702/571/1013 2703/572/1013
f 2704/561/1017 2705/560/1017 2706/559/1018
f 2707/562/1019 2705/560/1017 2704/561/1017
f 2705/560/1017 2707/562/1019 2708/563/1019
f 2706/559/1018 2705/560/1017 2709/555/1018
f 2710/346/1020 2706/559/1018 2709/555/1018
f 2710/346/1020 2711/564/1018 2706/559/1018
f 2709/555/1018 2712/334/1021 2710/346/1020
f 2713/553/1018 2712/334/1021 2709/555/1018
f 2711/564/1018 2710/346/1020 2714/565/1018
f 2714/565/1018 2710/346/1020 2715/566/1018
f 2716/567/1017 2711/564/1018 2714/565/1018
f 2717/568/1017 2715/566/1018 2710/346/1020
f 2718/347/1022 2717/568/1017 2710/346/1020
f 2717/568/1017 2718/347/1022 2719/569/1023
f 2711/564/1018 2716/567/1017 2720/570/1017
f 2720/570/1017 2716/567/1017 2721/571/1019
f 2721/571/1019 2716/567/1017 2722/572/1019
f 2723/554/1017 2713/553/1018 2724/556/1017
f 2725/557/1019 2723/554/1017 2724/556/1017
f 2723/554/1017 2725/557/1019 2726/558/1019
f 2713/553/1018 2723/554/1017 2727/552/1018
f 2727/552/1018 2712/334/1021 2713/553/1018
f 2728/547/1018 2712/334/1021 2727/552/1018
f 2712/334/1021 2728/547/1018 2729/544/1018
f 2712/334/1021 2729/544/1018 2730/543/1018
f 2728/547/1018 2731/548/1017 2729/544/1018
f 2732/545/1024 2712/334/1021 2730/543/1018
f 2712/334/1021 2732/545/1024 2733/335/1025
f 2734/546/1026 2733/335/1025 2732/545/1024
f 2731/548/1017 2728/547/1018 2735/549/1017
f 2735/549/1017 2736/550/1019 2731/548/1017
f 2731/548/1017 2736/550/1019 2737/551/1019
f 2738/573/1027 2739/337/1028 2740/348/1029
f 2738/573/1027 2740/348/1029 2741/562/1027
f 2741/562/1027 2740/348/1029 2742/574/1027
f 2742/574/1027 2740/348/1029 2743/572/1027
f 2743/572/1027 2740/348/1029 2744/575/1030
f 2740/348/1029 2745/347/1031 2744/575/1030
f 2739/337/1028 2738/573/1027 2746/557/1027
f 2739/337/1028 2746/557/1027 2747/576/1027
f 2739/337/1028 2747/576/1027 2748/550/1027
f 2739/337/1028 2748/550/1027 2749/577/1027
f 2739/337/1028 2749/577/1027 2750/546/1032
f 2751/335/1033 2739/337/1028 2750/546/1032
f 2752/573/1034 2753/348/1035 2754/337/1036
f 2755/562/1034 2753/348/1035 2752/573/1034
f 2753/348/1035 2755/562/1034 2756/574/1034
f 2757/572/1034 2753/348/1035 2756/574/1034
f 2753/348/1035 2757/572/1034 2758/575/1037
f 2753/348/1035 2758/575/1037 2759/347/1038
f 2754/337/1036 2760/557/1034 2752/573/1034
f 2760/557/1034 2754/337/1036 2761/576/1034
f 2761/576/1034 2754/337/1036 2762/550/1034
f 2762/550/1034 2754/337/1036 2763/577/1034
f 2763/577/1034 2754/337/1036 2764/546/1039
f 2764/546/1039 2754/337/1036 2765/335/1025
f 2766/472/1040 2767/476/889 2768/473/1041
f 2767/476/889 2766/472/1040 2769/477/891
f 2768/473/1041 2770/472/892 2766/472/1040
f 2770/472/892 2768/473/1041 2771/473/893
f 2772/474/1042 2773/475/1043 2774/505/1044
f 2775/474/884 2773/475/1043 2772/474/1042
f 2773/475/1043 2775/474/884 2776/475/1005
f 2774/505/1044 2773/475/1043 2777/506/1045
f 2777/506/1045 2778/507/1046 2774/505/1044
f 2779/474/1047 2780/475/1003 2781/505/1004
f 2782/474/884 2780/475/1003 2779/474/1047
f 2780/475/1003 2782/474/884 2783/475/1005
f 2781/505/1004 2780/475/1003 2784/506/1006
f 2784/506/1006 2785/507/1007 2781/505/1004
f 2786/508/1048 2785/507/1007 2784/506/1006
f 2785/507/1007 2786/508/1048 2787/509/948
f 2788/472/908 2789/476/889 2790/473/890
f 2789/476/889 2788/472/908 2791/477/891
f 2790/473/890 2792/472/892 2788/472/908
f 2790/473/890 2793/473/893 2792/472/892
f 2794/343/649 2795/348/649 2796/346/649
f 2796/346/649 2795/348/649 2797/347/649
f 2794/343/649 2796/346/649 2798/344/649
f 2794/343/649 2799/346/649 2795/348/649
f 2795/348/649 2799/346/649 2800/347/649
f 2799/346/649 2794/343/649 2801/344/649
f 2802/472/904 2803/476/905 2804/477/906
f 2803/476/905 2802/472/904 2805/473/881
f 2806/474/1049 2807/475/1003 2808/505/943
f 2809/474/884 2807/475/1003 2806/474/1049
f 2807/475/1003 2809/474/884 2810/475/1005
f 2808/505/943 2807/475/1003 2811/506/1006
f 2811/506/1006 2812/507/1007 2808/505/943
f 2813/508/1048 2812/507/1007 2811/506/1006
f 2812/507/1007 2813/508/1048 2814/509/948
f 2815/578/1050 2816/476/972 2817/477/1051
f 2816/476/972 2815/578/1050 2818/515/974
f 2819/578/963 2820/476/981 2821/515/1052
f 2820/476/981 2819/578/963 2822/477/983
f 2823/475/1053 2824/542/1054 2825/506/937
f 2823/475/1053 2826/474/1055 2824/542/1054
f 2824/542/1054 2827/507/1056 2825/506/937
f 2827/507/1056 2828/508/940 2825/506/937
f 2828/508/940 2827/507/1056 2829/509/941
f 2830/348/736 2831/349/734 2832/348/736
f 2831/349/734 2830/348/736 2833/349/734
f 2834/350/790 2831/349/734 2833/349/734
f 2835/350/733 2834/350/790 2833/349/734
f 2832/348/736 2836/347/737 2830/348/736
f 2836/347/737 2832/348/736 2837/347/737
f 2836/347/737 2837/347/737 2838/346/738
f 2837/347/737 2839/346/738 2838/346/738
f 2838/346/738 2839/346/738 2840/344/727
f 2839/346/738 2841/344/727 2840/344/727
f 2840/344/727 2841/344/727 2842/343/729
f 2841/344/727 2843/343/729 2842/343/729
f 2842/343/729 2843/343/729 2844/342/731
f 2843/343/729 2845/342/731 2844/342/731
f 2844/342/731 2845/342/731 2846/345/1057
f 2845/342/731 2847/345/1058 2846/345/1057
f 2848/579/1059 2849/471/1060 2850/470/1061
f 2848/579/1059 2850/470/1061 2851/580/1061
f 2852/466/1062 2853/341/1063 2854/467/1064
f 2854/467/1064 2853/341/1063 2855/334/1065
f 2856/466/1066 2853/341/1063 2852/466/1062
f 2853/341/1063 2856/466/1066 2857/341/1066
f 2858/466/1067 2857/341/1066 2856/466/1066
f 2857/341/1066 2858/466/1067 2859/341/1068
f 2854/467/1069 2860/334/1069 2861/334/649
f 2862/467/649 2854/467/1069 2861/334/649
f 2863/472/904 2864/476/905 2865/477/906
f 2864/476/905 2863/472/904 2866/473/1070
f 2867/581/963 2868/476/981 2869/515/1052
f 2868/476/981 2867/581/963 2870/477/983
f 2871/581/1050 2872/476/972 2873/477/1051
f 2872/476/972 2871/581/1050 2874/515/974
f 2875/475/1053 2876/505/1071 2877/506/937
f 2875/475/1053 2878/474/897 2876/505/1071
f 2876/505/1071 2879/507/1056 2877/506/937
f 2879/507/1056 2880/508/940 2877/506/937
f 2880/508/940 2879/507/1056 2881/509/941
f 2882/466/1072 2883/341/1073 2884/466/1073
f 2883/341/1073 2882/466/1072 2885/341/1072
f 2886/466/1074 2885/341/1072 2882/466/1072
f 2885/341/1072 2886/466/1074 2887/341/1075
f 2888/466/1076 2887/341/1075 2886/466/1074
f 2887/341/1075 2888/466/1076 2889/341/1077
f 2890/466/1078 2889/341/1077 2888/466/1076
f 2889/341/1077 2890/466/1078 2891/341/1078
f 2892/466/1079 2891/341/1078 2890/466/1078
f 2891/341/1078 2892/466/1079 2893/341/1079
f 2894/466/1080 2893/341/1079 2892/466/1079
f 2893/341/1079 2894/466/1080 2895/341/1081
f 2896/466/1082 2895/341/1081 2894/466/1080
f 2895/341/1081 2896/466/1082 2897/341/1080
f 2898/466/730 2897/341/1080 2896/466/1082
f 2897/341/1080 2898/466/730 2899/341/730
f 2900/472/904 2901/476/905 2902/477/906
f 2901/476/905 2900/472/904 2903/473/1070
f 2904/514/963 2905/476/981 2906/515/1052
f 2905/476/981 2904/514/963 2907/477/983
f 2908/514/1050 2909/476/972 2910/477/1051
f 2909/476/972 2908/514/1050 2911/515/974
f 2912/475/1083 2913/505/1084 2914/506/937
f 2912/475/1083 2915/474/1055 2913/505/1084
f 2913/505/1084 2916/507/1056 2914/506/937
f 2916/507/1056 2917/508/940 2914/506/937
f 2917/508/940 2916/507/1056 2918/509/941
f 2919/475/1085 2920/505/1054 2921/506/1086
f 2920/505/1054 2922/507/1087 2921/506/1086
f 2919/475/1085 2923/474/1088 2920/505/1054
f 2924/472/904 2925/476/905 2926/477/906
f 2925/476/905 2924/472/904 2927/473/1089
f 2928/507/1090 2929/582/1091 2930/506/1092
f 2929/582/1091 2928/507/1090 2931/509/1091
f 2932/514/963 2933/476/981 2934/515/1093
f 2933/476/981 2932/514/963 2935/477/983
f 2936/507/1094 2937/582/1095 2938/509/1095
f 2937/582/1095 2936/507/1094 2939/506/1096
f 2940/514/1050 2941/476/972 2942/477/1097
f 2941/476/972 2940/514/1050 2943/515/1098
f 2944/583/1099 2945/483/1100 2946/584/1101
f 2946/584/1101 2945/483/1100 2947/482/1102
f 2948/344/1103 2949/360/1104 2950/344/1105
f 2950/344/1105 2949/360/1104 2951/360/1106
f 2952/360/1103 2953/351/1105 2954/344/1103
f 2955/347/1104 2954/344/1103 2953/351/1105
f 2956/344/1107 2957/360/1108 2958/344/1109
f 2958/344/1109 2957/360/1108 2959/360/1110
f 2960/346/1111 2961/347/1112 2962/346/751
f 2963/344/1113 2960/346/1111 2962/346/751
f 2961/347/1112 2960/346/1111 2964/347/1114
f 2960/346/1111 2963/344/1113 2965/344/1115
f 2966/348/1116 2961/347/1112 2964/347/1114
f 2965/344/1115 2963/344/1113 2967/343/1117
f 2961/347/1112 2966/348/1116 2968/348/747
f 2969/343/756 2967/343/1117 2963/344/1113
f 2966/348/1116 2970/349/1118 2968/348/747
f 2971/342/1119 2967/343/1117 2969/343/756
f 2970/349/1118 2966/348/1116 2972/349/1120
f 2973/350/1121 2970/349/1118 2972/349/1120
f 2970/349/1118 2973/350/1121 2974/350/1122
f 2967/343/1117 2971/342/1119 2975/342/1123
f 2971/342/1119 2976/345/1124 2975/342/1123
f 2976/345/1124 2971/342/1119 2977/345/741
f 2978/344/649 2979/343/649 2980/343/649
f 2981/342/649 2980/343/649 2979/343/649
f 2979/343/649 2978/344/649 2982/344/649
f 2981/342/649 2979/343/649 2983/342/649
f 2983/342/649 2984/345/649 2981/342/649
f 2984/345/649 2983/342/649 2985/345/649
f 2986/346/649 2982/344/649 2978/344/649
f 2982/344/649 2986/346/649 2987/346/649
f 2986/346/649 2988/347/649 2987/346/649
f 2986/346/649 2989/347/649 2988/347/649
f 2990/348/649 2988/347/649 2989/347/649
f 2988/347/649 2990/348/649 2991/348/649
f 2990/348/649 2992/349/649 2991/348/649
f 2990/348/649 2993/349/649 2992/349/649
f 2994/350/649 2992/349/649 2993/349/649
f 2992/349/649 2994/350/649 2995/350/649
f 2996/585/1125 2997/354/1126 2998/586/1127
f 2997/354/1126 2996/585/1125 2999/354/1128
